검수(포함Y/제외N),유형수동태그,movieCd,제목,영문명,제작연도,개봉일,재개봉일,국적,유형,장르,등급,러닝타임,감독,미개봉여부,편입사유,요약정보
,,19560048,포화속의 십자가,A Cross In Gunfire,1956,1956-05-15,,한국,장편,"액션, 전쟁",,,이용민,,키워드:십자가,"장편 | 일반영화 | 액션, 전쟁 | 한국"
,,19590006,벤허,Ben-Hur,1959,1972-09-07,"2008-04-01, 2016-07-07, 2019-03-28",미국,장편,"드라마, 액션",전체관람가,222분 21초,윌리엄 와일러,,필수:벤허,"장편 | 예술영화 | 드라마, 액션 | 222분 21초 | 전체관람가 | 미국"
,,20080697,안녕하세요 하나님,Hello God,1987,1987-12-24,2008-05-20,한국,장편,드라마,연소자관람가,110분 0초,배창호,,키워드:하나님,장편 | 일반영화 | 드라마 | 110분 0초 | 연소자관람가 | 한국
,,19890031,89 인간시장 오 하나님,"Human Market, Oh God!",1989,1989-06-03,,한국,장편,드라마,연소자관람가,94분 0초,진유영,,키워드:하나님,장편 | 일반영화 | 드라마 | 94분 0초 | 연소자관람가 | 한국
,,19888010,시네마 천국,Cinema Paradiso,1988,1990-07-07,"2013-09-26, 2020-04-22, 2025-07-02",프랑스(1),장편,"드라마, 멜로/로맨스",전체관람가,124분 0초,쥬세페 토르나토레,,키워드:천국,"장편 | 예술영화 | 드라마, 멜로/로맨스 | 124분 0초 | 전체관람가 | 프랑스, 이탈리아"
,,19910054,하나님이 어디 있어요,Where Is God?,1991,1991-01-01,,한국,장편,드라마,연소자관람가,82분 0초,최창규,,키워드:하나님,장편 | 일반영화 | 드라마 | 82분 0초 | 연소자관람가 | 한국
,,19910136,몬트리올 예수,Jesus Of Montreal,1989,1991-01-19,,캐나다,장편,드라마,고등학생이상관람가,137분 0초,드니 아르캉,,키워드:예수,장편 | 일반영화 | 드라마 | 137분 0초 | 고등학생이상관람가 | 캐나다
,,19910150,신묵시록,Jesus Of Nazareth,1976,1991-02-13,,미국,장편,드라마,연소자관람가,150분 0초,프랑코 제피렐리,,키워드:예수,장편 | 일반영화 | 드라마 | 150분 0초 | 연소자관람가 | 미국
,,19910027,예수천당,Jesus Heaven,1991,1991-02-23,,한국,장편,드라마,연소자관람가,110분 0초,홍의봉,,키워드:예수,장편 | 일반영화 | 드라마 | 110분 0초 | 연소자관람가 | 한국
,,19930026,부활의 노래,The Song Of Resurrection,1990,1991-03-01,,한국,장편,드라마,중학생이상관람가,92분 0초,이정국,,필수:부활; 키워드:부활,장편 | 독립영화 | 드라마 | 92분 0초 | 중학생이상관람가 | 한국
,,19930072,드라큐라,Dracula,1992,1993-01-16,,미국,장편,"공포(호러), 스릴러, 드라마, 멜로/로맨스",고등학생이상관람가,126분 0초,프란시스 포드 코폴라,,키워드:십자가,"장편 | 일반영화 | 공포(호러), 스릴러, 드라마, 멜로/로맨스 | 126분 0초 | 고등학생이상관람가 | 미국"
,,19930090,아름다운 이야기,La Belle Histoire,1993,1993-02-27,,프랑스,장편,"드라마, 멜로/로맨스, 어드벤처, 판타지",고등학생이상관람가,136분 0초,끌로드 를르슈,,키워드:예수; 키워드:그리스도; 키워드:십자가,"장편 | 일반영화 | 드라마, 멜로/로맨스, 어드벤처, 판타지 | 136분 0초 | 고등학생이상관람가 | 프랑스"
,,19950325,천국보다 낯선,Stranger Than Paradise,1984,1995-11-11,,미국,장편,드라마,15세이상관람가,89분 0초,짐 자무시,,키워드:천국,장편 | 예술영화 | 드라마 | 89분 0초 | 15세이상관람가 | 미국
,,19960109,예수 그리스도,The King Of Kings,1924,1996-03-09,,미국,장편,"드라마, 사극",연소자관람가,115분 0초,세실 B. 데밀,,키워드:예수; 키워드:그리스도,"장편 | 일반영화 | 드라마, 사극 | 115분 0초 | 연소자관람가 | 미국"
,,19970010,예수,The King Of Kings Jesus,1997,1998-02-14,,한국,장편,"사극, 애니메이션",,82분 0초,"정수용 , 김경관 , 문덕성",,키워드:예수,"장편 | 일반영화 | 사극, 애니메이션 | 82분 0초 | 모든 관람객이 관람할 수 있는 등급 | 한국"
,,19980279,이집트 왕자,,1998,1998-12-19,,미국,장편,"애니메이션, 드라마, 가족",,99분 0초,브렌다 채프먼 외,,필수(보정):프린스 오브 이집트,"장편 | 일반영화 | 애니메이션, 드라마, 가족 | 99분 0초 | 모든 관람객이 관람할 수 있는 등급 | 미국"
,,20010152,천국의 아이들,Children Of Heaven,1997,2001-03-16,2017-02-09,미국,장편,"드라마, 코미디",전체관람가,87분 40초,마지드 마지디,,키워드:천국,"장편 | 예술영화 | 드라마, 코미디 | 87분 40초 | 전체관람가 | 미국"
,,20010069,예수의 마지막 유혹,The Last Temptation Of Christ,1988,2002-01-25,,미국,장편,드라마,18세관람가,164분 0초,마틴 스코세이지,,키워드:예수,장편 | 일반영화 | 드라마 | 164분 0초 | 18세관람가 | 미국
,,20040525,패션 오브 크라이스트,The Passion Of Christ,2004,2004-04-02,"2017-04-10, 2024-09-25, 2025-04-02",미국,장편,드라마,15세관람가,126분 24초,멜 깁슨,,필수:패션 오브 크라이스트; 키워드:크라이스트,장편 | 일반영화 | 드라마 | 126분 24초 | 15세관람가 | 미국
,,20050188,사울과 다윗,Saul And David,1980,2005-07-16,,이탈리아(1),장편,"드라마, 사극, 전쟁",15세관람가,112분 0초,마르셀로 발디,,키워드:다윗,"장편 | 일반영화 | 드라마, 사극, 전쟁 | 112분 0초 | 15세관람가 | 이탈리아, 스페인"
,,20050244,마태복음,Il Vangelio Secondo Matteo,1964,2005-09-01,,이탈리아,장편,"드라마, 사극",전체관람가,133분 0초,피에르 파올로 파솔리니,,키워드:복음,"장편 | 일반영화 | 드라마, 사극 | 133분 0초 | 전체관람가 | 이탈리아"
,,20050283,"소년, 천국에 가다",A Boy Who Went To Heaven,2005,2005-11-11,,한국,장편,드라마,12세관람가,114분 0초,윤태용,,키워드:천국,장편 | 일반영화 | 드라마 | 114분 0초 | 12세관람가 | 한국
,,20090284,코렐라인,Coraline,2009,2009-05-21,2025-10-22,미국,장편,"애니메이션, 가족, 판타지, 어드벤처, 드라마",12세이상관람가,100분 39초,헨리 셀릭,,키워드:천국,"장편 | 일반영화 | 애니메이션, 가족, 판타지, 어드벤처, 드라마 | 100분 39초 | 12세이상관람가 | 미국"
,,20090429,마터스: 천국을 보는 눈,Martyrs,2008,2009-08-06,,프랑스(1),장편,"드라마, 공포(호러), 스릴러",청소년관람불가,103분 0초,파스칼 로지에,,키워드:순교,"장편 | 예술영화 | 드라마, 공포(호러), 스릴러 | 103분 0초 | 청소년관람불가 | 프랑스, 캐나다"
,,20100027,회복,Restoration,2009,2010-01-14,,한국(1),장편,다큐멘터리,12세이상관람가,94분 0초,김종철,,필수:회복,"장편 | 예술영화 | 다큐멘터리 | 94분 0초 | 12세이상관람가 | 한국, 이스라엘"
,,20100988,나를 닮은 얼굴,Resilience,2009,2010-09-30,,한국,장편,다큐멘터리,전체관람가,75분 0초,태미 추,,필수:회복,장편 | 예술영화 | 다큐멘터리 | 75분 0초 | 전체관람가 | 한국
,,20119308,안티크라이스트,Antichrist,2009,2011-04-14,,덴마크,장편,"미스터리, 드라마",청소년관람불가,108분 0초,라스 폰 트리에,,키워드:크라이스트,"장편 | 예술영화 | 미스터리, 드라마 | 108분 0초 | 청소년관람불가 | 덴마크"
,,20127494,늑대아이,Wolf Children,2012,2012-09-13,2025-10-22,일본,장편,"애니메이션, 판타지, 멜로/로맨스, 드라마, 어드벤처",전체관람가,117분 0초,호소다 마모루,,키워드:천국,"장편 | 예술영화 | 애니메이션, 판타지, 멜로/로맨스, 드라마, 어드벤처 | 117분 0초 | 전체관람가 | 일본"
,,20121821,지저스 크라이스트 슈퍼스타,Jesus Christ Superstar,2012,2012-11-22,,미국,장편,뮤지컬,12세이상관람가,104분 0초,로렌스 코너,,키워드:크라이스트,장편 | 일반영화 | 뮤지컬 | 104분 0초 | 12세이상관람가 | 미국
,,20113917,파라노만,Paranorman,2012,2013-02-07,2026-08-26,미국,장편,애니메이션,12세이상관람가,99분 39초,"샘 펠 , 크리스 버틀러",,키워드:천국,장편 | 일반영화 | 애니메이션 | 99분 39초 | 12세이상관람가 | 미국
,,20138661,케이온,K-ON,2011,2013-06-13,"2025-03-19, 2026-03-18",일본,장편,애니메이션,전체관람가,109분 57초,야마다 나오코,,키워드:천국,장편 | 일반영화 | 애니메이션 | 109분 57초 | 전체관람가 | 일본
,,20136043,신이 보낸 사람,Apostle,2014,2014-02-13,,한국,장편,드라마,15세이상관람가,112분 11초,김진무,,필수:신이 보낸 사람,장편 | 예술영화 | 드라마 | 112분 11초 | 15세이상관람가 | 한국
,,20133602,노아,,2013,2014-03-20,,미국,장편,"어드벤처, 드라마, 판타지",15세이상관람가,139분 35초,대런 아로노프스키,,필수(보정):노아,"장편 | 일반영화 | 어드벤처, 드라마, 판타지 | 139분 35초 | 15세이상관람가 | 미국"
,,20147968,선 오브 갓,Son Of God,2014,2014-04-10,2017-04-13,미국,장편,드라마,12세이상관람가,137분 52초,크리스토퍼 스펜서,,필수:선 오브 갓,장편 | 일반영화 | 드라마 | 137분 52초 | 12세이상관람가 | 미국
,,20148929,좀비스쿨,Zombie School,2014,2014-06-19,,한국,장편,"예술,독립 영화",청소년관람불가,110분 0초,김석정,,키워드:천국,"장편 | 예술,독립 영화 | 공포(호러), 액션 | 110분 0초 | 청소년관람불가 | 한국"
,,20142701,"모모세, 여기를 봐",My Pretend Girlfriend,2014,2014-10-30,,일본,장편,멜로/로맨스,전체관람가,108분 28초,야쿠모 사이지,,키워드:모세,장편 | 예술영화 | 멜로/로맨스 | 108분 28초 | 전체관람가 | 일본
,,20140842,엑소더스: 신들과 왕들,Exodus: Gods and Kings,2014,2014-12-03,,미국(2),장편,드라마,12세이상관람가,153분 31초,리들리 스콧,,필수:엑소더스: 신들과 왕들,"장편 | 일반영화 | 드라마 | 153분 31초 | 12세이상관람가 | 미국, 영국, 스페인"
,,20143842,지저스 러브스 미,Jesus Loves Me,2012,2015-02-05,,독일,장편,코미디,15세이상관람가,100분 3초,플로리안 데이비드 핏츠,,키워드:예수,장편 | 예술영화 | 코미디 | 100분 3초 | 15세이상관람가 | 독일
,,20157782,신은 죽지 않았다,GOD'S NOT DEAD,2014,2015-04-16,,미국,장편,드라마,12세이상관람가,112분 53초,해롤드 크론크,,필수:신은 죽지 않았다,장편 | 예술영화 | 드라마 | 112분 53초 | 12세이상관람가 | 미국
,,20158069,노아의 방주: 남겨진 녀석들,Ooops! Noah is Gone...,2015,2015-04-30,,독일(3),장편,애니메이션,전체관람가,86분 45초,토비 젠켈,,필수:노아; 키워드:노아,"장편 | 일반영화 | 애니메이션 | 86분 45초 | 전체관람가 | 독일, 벨기에, 룩셈부르크, 아일랜드"
,,20158951,순교,The Martyrdom,2015,2015-08-13,,한국,장편,다큐멘터리,전체관람가,83분 5초,김상철,,키워드:순교,장편 | 예술영화 | 다큐멘터리 | 83분 5초 | 전체관람가 | 한국
,,20142624,창백한 얼굴들,On The White Planet,2014,2015-09-10,,한국,장편,애니메이션,청소년관람불가,73분 15초,허범욱,,키워드:천국,장편 | 예술영화 | 애니메이션 | 73분 15초 | 청소년관람불가 | 한국
,,20161881,부활,,2016,2016-03-17,,미국,장편,드라마,12세이상관람가,107분 29초,케빈 레이놀즈,,필수(보정):부활(Risen),장편 | 일반영화 | 드라마 | 107분 29초 | 12세이상관람가 | 미국
,,20162568,신은 죽지 않았다 2,God's Not Dead 2,2016,2016-04-07,2017-04-13,미국,장편,드라마,12세이상관람가,120분 30초,해롤드 크론크,,필수:신은 죽지 않았다,장편 | 예술영화 | 드라마 | 120분 30초 | 12세이상관람가 | 미국
,,20167839,벤허,Ben-Hur,2016,2016-09-14,,미국,장편,"어드벤처, 드라마",12세이상관람가,123분 9초,티무르 베크맘베토브,,필수:벤허,"장편 | 일반영화 | 어드벤처, 드라마 | 123분 9초 | 12세이상관람가 | 미국"
,,20168743,다윗과 골리앗,David and Goliath,2016,2016-12-29,,미국,장편,"액션, 어드벤처",12세이상관람가,74분 52초,월리스 브라더스,,키워드:다윗,"장편 | 예술영화 | 액션, 어드벤처 | 74분 52초 | 12세이상관람가 | 미국"
,,20166468,사일런스,,2016,2017-02-28,,"미국, 대만, 멕시코",장편,드라마,15세이상관람가,160분 47초,마틴 스코세이지,,필수(보정):사일런스,"장편 | 예술영화 | 드라마 | 160분 47초 | 15세이상관람가 | 미국, 대만, 멕시코"
,,20170321,목소리의 형태,A SILENT VOICE: the Movie,2016,2017-05-09,2024-05-09,일본,장편,"애니메이션, 멜로/로맨스",전체관람가,129분 53초,야마다 나오코,,키워드:천국,"장편 | 일반영화 | 애니메이션, 멜로/로맨스 | 129분 53초 | 전체관람가 | 일본"
,,20176562,예수는 역사다,The Case for Christ,2017,2017-07-13,2024-03-07,미국,장편,드라마,전체관람가,113분 14초,존 건,,필수:예수는 역사다; 키워드:예수,장편 | 예술영화 | 드라마 | 113분 14초 | 전체관람가 | 미국
,,20171025,하나님 나라에는 악마가 살고 있다,SHE WHO MUST BURN,2015,2017-08-08,,캐나다,장편,공포(호러),청소년관람불가,91분 50초,래리 켄트,,키워드:하나님,장편 | 일반영화 | 공포(호러) | 91분 50초 | 청소년관람불가 | 캐나다
,,20175984,벤허: 레저렉션,In the Name of Ben Hur,2016,2017-11-30,,미국,장편,액션,15세이상관람가,84분 45초,마크 앳킨스,,필수:벤허,장편 | 예술영화 | 액션 | 84분 45초 | 15세이상관람가 | 미국
,,20186001,신은 죽지 않았다 3: 어둠 속의 빛,God's Not Dead: A Light in Darkness,2018,2018-07-19,,미국,장편,드라마,12세이상관람가,104분 34초,마이클 메이슨,,필수:신은 죽지 않았다,장편 | 예술영화 | 드라마 | 104분 34초 | 12세이상관람가 | 미국
,,20187656,적 그리스도의 날,Ave Mater,2016,2018-09-06,,스웨덴,장편,"스릴러, 액션",청소년관람불가,115분 35초,라스무스 터지티스,,키워드:그리스도,"장편 | 일반영화 | 스릴러, 액션 | 115분 35초 | 청소년관람불가 | 스웨덴"
,,20181171,바울,"Paul, Apostle Of Christ",2018,2018-10-31,,미국,장편,드라마,15세이상관람가,107분 50초,앤드류 하얏트,,필수:바울,장편 | 예술영화 | 드라마 | 107분 50초 | 15세이상관람가 | 미국
,,20183382,예수보다 낯선,Stranger than Jesus,2018,2019-04-04,,한국,장편,코미디,15세이상관람가,80분 19초,여균동,,키워드:예수,장편 | 독립영화 | 코미디 | 80분 19초 | 15세이상관람가 | 한국
,,20198597,교회오빠,A Job Who Is near Us,2019,2019-05-16,,한국,장편,"예술,독립 영화",전체관람가,84분 56초,이호경,,필수:교회오빠,"장편 | 예술,독립 영화 | 다큐멘터리 | 84분 56초 | 전체관람가 | 한국"
,,20190273,천로역정: 천국을 찾아서,The Pilgrim's Progress,2019,2019-06-13,,미국,장편,"애니메이션, 어드벤처",전체관람가,113분 27초,로버트 페르난데스,,필수:천로역정,"장편 | 예술영화 | 애니메이션, 어드벤처 | 113분 27초 | 전체관람가 | 미국"
,,20192222,사일런스,The Silence,2019,2019-07-17,,미국,장편,"공포(호러), 스릴러",15세이상관람가,90분 29초,존 R. 레오네티,,필수:사일런스,"장편 | 일반영화 | 공포(호러), 스릴러 | 90분 29초 | 15세이상관람가 | 미국"
,,20192907,나는 예수님이 싫다,Jesus,2018,2019-08-08,,일본,장편,드라마,전체관람가,76분 1초,오쿠야마 히로시,,키워드:예수,장편 | 예술영화 | 드라마 | 76분 1초 | 전체관람가 | 일본
,,20193828,북간도의 십자가,,2019,2019-10-17,,한국,장편,다큐멘터리,전체관람가,84분 25초,반태경,,키워드:십자가,장편 | 예술영화 | 다큐멘터리 | 84분 25초 | 전체관람가 | 한국
,,20185616,기도의 힘,War Room,2015,2020-04-09,,미국,장편,드라마,12세이상관람가,120분 3초,알렉스 켄드릭,,키워드:기도,장편 | 예술영화 | 드라마 | 120분 3초 | 12세이상관람가 | 미국
,,20204684,브레이크 더 사일런스: 더 무비,Break the Silence: The Movie,2020,2020-09-24,,한국,장편,다큐멘터리,전체관람가,89분 23초,박준수,,필수:사일런스,장편 | 일반영화 | 다큐멘터리 | 89분 23초 | 전체관람가 | 한국
,,20206547,극장판 바이올렛 에버가든,Violet Evergarden: The Movie,2020,2020-11-12,2024-07-03,일본,장편,"애니메이션, 드라마, 판타지",전체관람가,139분 57초,이시다테 타이치,,키워드:천국,"장편 | 예술영화 | 애니메이션, 드라마, 판타지 | 139분 57초 | 전체관람가 | 일본"
,,20209771,갈릴리 예수,Before the Wrath,2020,2020-11-26,2025-08-27,미국,장편,"다큐멘터리, 드라마",전체관람가,66분 26초,,,키워드:예수,"장편 | 일반영화 | 다큐멘터리, 드라마 | 66분 26초 | 전체관람가 | 미국"
,,20202518,베이 오브 사일런스,The Bay of Silence,2020,2021-01-14,,영국,장편,"미스터리, 스릴러",15세이상관람가,93분 11초,파울라 반 데르 우에스트,,필수:사일런스,"장편 | 예술영화 | 미스터리, 스릴러 | 93분 11초 | 15세이상관람가 | 영국"
,,20200703,극장판 귀멸의 칼날: 무한열차편,Demon Slayer: Kimetsu no Yaiba the Movie - Mugen Train,2020,2021-01-27,"2022-04-21, 2025-05-10",일본,장편,애니메이션,15세이상관람가,116분 40초,소토자키 하루오,,키워드:천국,장편 | 일반영화 | 애니메이션 | 116분 40초 | 15세이상관람가 | 일본
,,20217724,사일런스 앤드 다크니스,Silence &amp; Darkness,2020,2021-05-24,,미국,장편,"공포(호러), 스릴러",15세이상관람가,78분 29초,바락 바칸,,필수:사일런스,"장편 | 일반영화 | 공포(호러), 스릴러 | 78분 29초 | 15세이상관람가 | 미국"
,,20218227,교회 여동생 무삭제,,2020,2021-11-15,,한국,장편,멜로/로맨스,청소년관람불가,108분 18초,윤경식,,키워드:교회,장편 | 일반영화 | 멜로/로맨스 | 108분 18초 | 청소년관람불가 | 한국
,,20211366,"사비나: 그리스도를 위한 고난, 나치 시대","Sabina: Tortured for Christ, the Nazi Years",2021,2021-11-25,,미국,장편,드라마,12세이상관람가,115분 27초,존 그루터스,,키워드:그리스도,장편 | 예술영화 | 드라마 | 115분 27초 | 12세이상관람가 | 미국
,,20215801,노아의 방주 2: 새로운 세계로,Ooops! The Adventure Continues,2020,2021-12-09,,독일,장편,애니메이션,전체관람가,86분 15초,토비 젠켈,,필수:노아; 키워드:노아,장편 | 일반영화 | 애니메이션 | 86분 15초 | 전체관람가 | 독일
,,20217023,그리스도 디 오리진,The Savior,2013,2022-04-14,,기타,장편,드라마,12세이상관람가,147분 34초,,,키워드:그리스도,장편 | 예술영화 | 드라마 | 147분 34초 | 12세이상관람가 | 기타
,,20209246,리멤버 미,True North,2021,2022-06-29,,일본,장편,애니메이션,12세이상관람가,93분 56초,,,키워드:천국,장편 | 예술영화 | 애니메이션 | 93분 56초 | 12세이상관람가 | 일본
,,20226221,기도의 숨결,Their Breath,2020,2022-08-18,,프랑스,장편,다큐멘터리,전체관람가,123분 57초,"세실 베스노 , 이반 마사카",,키워드:기도,장편 | 예술영화 | 다큐멘터리 | 123분 57초 | 전체관람가 | 프랑스
,,20228462,머슴바울,,2022,2022-11-24,,한국,장편,"사극, 뮤지컬",전체관람가,71분 20초,권혁만,,필수:바울,"장편 | 독립영화 | 사극, 뮤지컬 | 71분 20초 | 전체관람가 | 한국"
,,20210848,견왕: 이누오,INU-OH,2021,2022-12-08,,일본,장편,애니메이션,12세이상관람가,97분 37초,유아사 마사아키,,키워드:천국,장편 | 예술영화 | 애니메이션 | 97분 37초 | 12세이상관람가 | 일본
,,20227555,엄마의 땅: 그리샤와 숲의 주인,Mother Land,2022,2023-01-25,,한국,장편,"예술,독립 영화",전체관람가,68분 45초,박재범,,키워드:천국,"장편 | 예술,독립 영화 | 애니메이션, 어드벤처, 판타지 | 68분 45초 | 전체관람가 | 한국"
,,20226883,여기도 사람 있어요,,2023,2023-03-01,,한국,장편,"드라마, 코미디",12세이상관람가,60분 48초,김충길,,키워드:기도,"장편 | 독립영화 | 드라마, 코미디 | 60분 48초 | 12세이상관람가 | 한국"
,,20230852,출장AS:여기도 고쳐줘요,,2022,2023-03-17,,일본,장편,"성인물(에로), 드라마, 멜로/로맨스",청소년관람불가,63분 36초,디렉터 O,,키워드:기도,"장편 | 일반영화 | 성인물(에로), 드라마, 멜로/로맨스 | 63분 36초 | 청소년관람불가 | 일본"
,,20210846,항구의 니쿠코짱!,Fortune Favors Lady Nikuko,2021,2023-04-27,,일본,장편,애니메이션,전체관람가,96분 32초,와타나베 아유무,,키워드:천국,장편 | 예술영화 | 애니메이션 | 96분 32초 | 전체관람가 | 일본
,,20228030,사슴의 왕,The Deer King,2021,2023-05-25,,일본,장편,애니메이션,12세이상관람가,113분 27초,미야지 마사유키,,키워드:천국,장편 | 예술영화 | 애니메이션 | 113분 27초 | 12세이상관람가 | 일본
,,20231895,너는 내 아들,His Only Son,2023,2023-06-28,2023-12-21,미국,장편,드라마,12세이상관람가,102분 15초,,,키워드:하나님,장편 | 일반영화 | 드라마 | 102분 15초 | 12세이상관람가 | 미국
,,20228016,"여름을 향한 터널, 이별의 출구","The Tunnel to Summer, the Exit of Goodbyes",2022,2023-09-14,,일본,장편,애니메이션,12세이상관람가,82분 44초,타구치 토모히사,,키워드:천국,장편 | 예술영화 | 애니메이션 | 82분 44초 | 12세이상관람가 | 일본
,,20209245,번개맨: 더 비기닝,Bungaeman: The Beginning,2020,2023-09-20,,한국,장편,애니메이션,전체관람가,66분 20초,"한상호 , 박성배",,키워드:천국,장편 | 독립영화 | 애니메이션 | 66분 20초 | 전체관람가 | 한국
,,20236698,유부남녀 불륜천국 오피스,,2022,2023-12-26,,한국,장편,성인물(에로),청소년관람불가,91분 13초,,,키워드:천국,장편 | 일반영화 | 성인물(에로) | 91분 13초 | 청소년관람불가 | 한국
,,20247229,"타르콥스키, 기도하는 영혼",Andery Tarkovsky. A Cinema Prayer,2019,2024-01-31,,이탈리아,장편,다큐멘터리,12세이상관람가,97분 49초,,,키워드:기도,장편 | 예술영화 | 다큐멘터리 | 97분 49초 | 12세이상관람가 | 이탈리아
,,20247219,사운드 오브 프리덤,Sound Of Freedom,2023,2024-02-21,,미국,장편,범죄,15세이상관람가,131분 13초,알레한드로 고메즈 몬테베르드,,필수:사운드 오브 프리덤,장편 | 일반영화 | 범죄 | 131분 13초 | 15세이상관람가 | 미국
,,20240194,더 초즌: 선택받은 자,The Chosen,2017,2024-05-18,,미국,장편,"드라마, 사극",12세이상관람가,114분 54초,,,필수:초즌,"장편 | 일반영화 | 드라마, 사극 | 114분 54초 | 12세이상관람가 | 미국"
,,20208911,탈출: 프로젝트 사일런스,PROJECT SILENCE,2024,2024-07-12,,한국,장편,스릴러,15세이상관람가,95분 46초,김태곤,,필수:사일런스,"장편 | 일반영화 | 스릴러 | 95분 46초 | 15세이상관람가 | 한국 | 한글자막(CC) , 화면해설(AD)"
,,20232205,우리는 천국에 갈 순 없지만 사랑은 할 수 있겠지,"No Heaven, But Love.",2022,2024-10-16,,한국,장편,"예술,독립 영화",15세이상관람가,112분 1초,한제이,,키워드:천국,"장편 | 예술,독립 영화 | 드라마 | 112분 1초 | 15세이상관람가 | 한국"
,,20245445,가사도우미-내 남편과 자도 좋아,,2024,2024-12-06,,한국,장편,"성인물(에로), 드라마, 멜로/로맨스",청소년관람불가,73분 0초,이타치,,키워드:사도,"장편 | 일반영화 | 성인물(에로), 드라마, 멜로/로맨스 | 73분 0초 | 청소년관람불가 | 한국"
,,20236314,천국은 없다,Paradise,2024,2025-06-25,,한국,장편,"예술,독립 영화",청소년관람불가,95분 37초,손승웅,,키워드:천국,"장편 | 예술,독립 영화 | 액션, 스릴러 | 95분 37초 | 청소년관람불가 | 한국"
,,20254275,킹 오브 킹스,The King of Kings,2025,2025-07-16,,한국,장편,애니메이션,전체관람가,100분 49초,장성호,,필수:킹 오브 킹스; 키워드:예수,장편 | 일반영화 | 애니메이션 | 100분 49초 | 전체관람가 | 한국
,,20256606,가사도우미의 빨간 앞치마,,2024,2025-08-24,,일본,장편,성인물(에로),청소년관람불가,63분 57초,,,키워드:사도,장편 | 일반영화 | 성인물(에로) | 63분 57초 | 청소년관람불가 | 일본
,,20257270,남편을 위해 이뻐지려고 마사지 갔다가 천국여행,,2024,2025-09-16,,일본,장편,성인물(에로),청소년관람불가,64분 35초,,,키워드:천국,장편 | 일반영화 | 성인물(에로) | 64분 35초 | 청소년관람불가 | 일본
,,20259058,신세기 에반게리온 극장판 사도신생,EVANGELION: DEATH (TRUE)2 &amp; REBIRTH,2025,2025-10-31,,일본,장편,애니메이션,15세이상관람가,99분 0초,안노 히데아키,,키워드:사도,장편 | 일반영화 | 애니메이션 | 99분 0초 | 15세이상관람가 | 일본
,,20249340,소프천국의 텐프로 치토세짱,,,2025-12-13,,일본,장편,성인물(에로),청소년관람불가,60분 11초,,,키워드:천국,장편 | 일반영화 | 성인물(에로) | 60분 11초 | 청소년관람불가 | 일본
,,20250267,가사도우미-내 남편과 자도 좋아 무삭제판,,2024,2026-01-16,,한국,장편,"성인물(에로), 드라마, 멜로/로맨스",청소년관람불가,94분 11초,이타치,,키워드:사도,"장편 | 일반영화 | 성인물(에로), 드라마, 멜로/로맨스 | 94분 11초 | 청소년관람불가 | 한국"
,,20262692,성인배우 첫 연기도전,,2025,2026-04-13,,일본,장편,성인물(에로),청소년관람불가,63분 43초,,,키워드:기도,장편 | 일반영화 | 성인물(에로) | 63분 43초 | 청소년관람불가 | 일본
,,20262902,다윗,David,2025,2026-07-10,,남아프리카공화국(1),장편,애니메이션,전체관람가,109분 30초,"필 커닝햄 , 브렌트 도스",,키워드:다윗,"장편 | 예술영화 | 애니메이션 | 109분 30초 | 전체관람가 | 남아프리카공화국, 미국"
,,20245337,10월 프레임워크 - 한스 리히터와 다다,,2024,,,기타,옴니버스,기타,,,,Y,키워드:선교,옴니버스 | 일반영화 | 기타 | 기타
,,20199276,10회 대구사회복지영화제 단편극 1,,2019,,,한국,옴니버스,드라마,,74분 0초,,Y,필수:회복,옴니버스 | 일반영화 | 드라마 | 74분 0초 | 한국
,,20199277,10회 대구사회복지영화제 단편극 2,,2019,,,한국,옴니버스,드라마,,71분 0초,,Y,필수:회복,옴니버스 | 일반영화 | 드라마 | 71분 0초 | 한국
,,20199278,10회 대구사회복지영화제 단편극 3,,2019,,,한국,옴니버스,"드라마, 애니메이션",,45분 0초,,Y,필수:회복,"옴니버스 | 일반영화 | 드라마, 애니메이션 | 45분 0초 | 한국"
,,20199309,10회 대구사회복지영화제 단편다큐,,2019,,,한국,옴니버스,다큐멘터리,,74분 0초,,Y,필수:회복,옴니버스 | 일반영화 | 다큐멘터리 | 74분 0초 | 한국
,,20199310,10회 대구사회복지영화제 페루자 +산책가,,2019,,,한국,옴니버스,애니메이션,,33분 0초,,Y,필수:회복,옴니버스 | 일반영화 | 애니메이션 | 33분 0초 | 한국
,,20199279,10회 대구사회복지영화제 평화+집,,2019,,,일본(1),옴니버스,다큐멘터리,,79분 0초,소다 카즈히로,Y,필수:회복,"옴니버스 | 일반영화 | 다큐멘터리 | 79분 0초 | 일본, 미국"
,,20174212,2017 서울프라이드영화제 플레어필름,Flare Films,2017,,,기타,옴니버스,기타,,,,Y,키워드:모세,옴니버스 | 일반영화 | 기타 | 기타
,,20233502,2023 SICFF 애니메이션경쟁1,,2023,,,기타,옴니버스,애니메이션,,,,Y,키워드:천국,옴니버스 | 일반영화 | 애니메이션 | 기타
,,20242843,2024 SICFF 애니메이션 경쟁2,,2024,,,기타,옴니버스,애니메이션,,,,Y,필수:노아; 키워드:노아,옴니버스 | 일반영화 | 애니메이션 | 기타
,,20246829,2024 경기인디시네마 독립영화 기획전 인디한 편 in 의정부 경기도 단편선,,2024,,,한국,옴니버스,"애니메이션, 드라마, 판타지, 다큐멘터리, 코미디, 스릴러",,,,Y,키워드:기도,"옴니버스 | 일반영화 | 애니메이션, 드라마, 판타지, 다큐멘터리, 코미디, 스릴러 | 한국"
,,20219322,21세기에 떨어진 바울의 특별한 여행,Translated,2018,,,미국,장편,"드라마, 가족",,117분 53초,,Y,필수:바울,"장편 | 일반영화 | 드라마, 가족 | 117분 53초 | 미국"
,,20259668,3을 위한 기도,3rd Time's a Charm,2022,,,한국,단편,"미스터리, 드라마",,13분 35초,조에스더,Y,키워드:기도,"단편 | 일반영화 | 미스터리, 드라마 | 13분 35초 | 한국"
,,20225418,6월 수요단편극장: &lt;경아의 딸&gt; 관람 전 필수! - 충무로의 눈부신 미래 단편전,,2022,,,한국,옴니버스,기타,,,,Y,키워드:기도,옴니버스 | 일반영화 | 기타 | 한국
,,20162069,7회 대구사회복지영화제 환경영화 섹션1,,2016,,,기타,옴니버스,다큐멘터리,,98분 0초,"정교민 , 톰 위첼로우 , 프레드릭 게르튼",Y,필수:회복,옴니버스 | 일반영화 | 다큐멘터리 | 98분 0초 | 기타
,,20262157,80주년 영락교회 다큐,,2025,,,한국,단편,판타지,,14분 54초,심은록,Y,키워드:교회,단편 | 일반영화 | 판타지 | 14분 54초 | 한국
,,20209385,BIAF2020 BIAF 클래식,BIAF Classics,2020,,,기타,옴니버스,애니메이션,,,,Y,키워드:천국,옴니버스 | 일반영화 | 애니메이션 | 기타
,,20209383,BIAF2020 국제경쟁: TV&amp;커미션드,International Competition: TV&amp;Commissioned Film,2020,,,기타,옴니버스,애니메이션,,97분 23초,,Y,키워드:천국,옴니버스 | 일반영화 | 애니메이션 | 97분 23초 | 기타
,,20209409,BIAF2020 국제경쟁: VR,International Competition: VR Film,2020,,,기타,옴니버스,애니메이션,,,,Y,키워드:천국,옴니버스 | 일반영화 | 애니메이션 | 기타
,,20209353,BIAF2020 국제경쟁: 단편 A,International Competition: Short Film A,2020,,,기타,옴니버스,애니메이션,,90분 20초,,Y,키워드:천국,옴니버스 | 일반영화 | 애니메이션 | 90분 20초 | 기타
,,20209354,BIAF2020 국제경쟁: 단편 B,International Competition: Short Film B,2020,,,기타,옴니버스,애니메이션,,95분 15초,,Y,키워드:천국,옴니버스 | 일반영화 | 애니메이션 | 95분 15초 | 기타
,,20209355,BIAF2020 국제경쟁: 단편 C,International Competition: Short Film C,2020,,,기타,옴니버스,애니메이션,,98분 41초,,Y,키워드:천국,옴니버스 | 일반영화 | 애니메이션 | 98분 41초 | 기타
,,20209382,BIAF2020 국제경쟁: 단편 D,International Competition: Short Film D,2020,,,기타,옴니버스,애니메이션,,100분 6초,,Y,키워드:천국,옴니버스 | 일반영화 | 애니메이션 | 100분 6초 | 기타
,,20209356,BIAF2020 국제경쟁: 단편 E,International Competition: Short Film E,2020,,,기타,옴니버스,애니메이션,,95분 59초,,Y,키워드:천국,옴니버스 | 일반영화 | 애니메이션 | 95분 59초 | 기타
,,20209357,BIAF2020 국제경쟁: 학생 A,International Competition: Graduation Film A,2020,,,기타,옴니버스,애니메이션,,92분 57초,,Y,키워드:천국,옴니버스 | 일반영화 | 애니메이션 | 92분 57초 | 기타
,,20209358,BIAF2020 국제경쟁: 학생 B,International Competition: Graduation Film B,2020,,,기타,옴니버스,애니메이션,,87분 51초,,Y,키워드:천국,옴니버스 | 일반영화 | 애니메이션 | 87분 51초 | 기타
,,20209384,BIAF2020 국제경쟁: 한국 단편,International Competition: Korean Short Film,2020,,,한국,옴니버스,애니메이션,,116분 36초,,Y,키워드:천국,옴니버스 | 일반영화 | 애니메이션 | 116분 36초 | 한국
,,20209359,BIAF2020 러시아 특별전,Special Program - The Russian Year,2020,,,러시아,옴니버스,애니메이션,,,,Y,키워드:천국,옴니버스 | 일반영화 | 애니메이션 | 러시아
,,20209360,BIAF2020 헬로! 안시,Hello! Annecy,2020,,,기타,옴니버스,애니메이션,,,,Y,키워드:천국,옴니버스 | 일반영화 | 애니메이션 | 기타
,,20210880,BIAF2021 국제경쟁 TV&amp;커미션드,,2021,,,기타,옴니버스,애니메이션,,90분 0초,,Y,키워드:천국,옴니버스 | 일반영화 | 애니메이션 | 90분 0초 | 기타
,,20210855,BIAF2021 국제경쟁 VR,,2021,,,기타,옴니버스,애니메이션,,,,Y,키워드:천국,옴니버스 | 일반영화 | 애니메이션 | 기타
,,20210876,BIAF2021 국제경쟁 단편 A,,2021,,,기타,옴니버스,애니메이션,,81분 0초,,Y,키워드:천국,옴니버스 | 일반영화 | 애니메이션 | 81분 0초 | 기타
,,20210851,BIAF2021 국제경쟁 단편 B,,2021,,,기타,옴니버스,애니메이션,,83분 0초,,Y,키워드:천국,옴니버스 | 일반영화 | 애니메이션 | 83분 0초 | 기타
,,20210877,BIAF2021 국제경쟁 단편 C,,2021,,,기타,옴니버스,애니메이션,,81분 0초,,Y,키워드:천국,옴니버스 | 일반영화 | 애니메이션 | 81분 0초 | 기타
,,20210878,BIAF2021 국제경쟁 단편 D,,2021,,,기타,옴니버스,애니메이션,,94분 0초,,Y,키워드:천국,옴니버스 | 일반영화 | 애니메이션 | 94분 0초 | 기타
,,20210879,BIAF2021 국제경쟁 단편 E,,2021,,,기타,옴니버스,애니메이션,,77분 0초,,Y,키워드:천국,옴니버스 | 일반영화 | 애니메이션 | 77분 0초 | 기타
,,20210852,BIAF2021 국제경쟁 학생,,2021,,,기타,옴니버스,애니메이션,,108분 0초,,Y,키워드:천국,옴니버스 | 일반영화 | 애니메이션 | 108분 0초 | 기타
,,20210854,BIAF2021 특별전 - KAFA 단편선,,2021,,,한국,옴니버스,애니메이션,,114분 0초,,Y,키워드:천국,옴니버스 | 일반영화 | 애니메이션 | 114분 0초 | 한국
,,20210881,BIAF2021 한국 단편 경쟁 A,,2021,,,한국,옴니버스,애니메이션,,89분 0초,,Y,키워드:천국,옴니버스 | 일반영화 | 애니메이션 | 89분 0초 | 한국
,,20210853,BIAF2021 한국 단편 경쟁 B,BIAF2021 Korean Short Film B,2021,,,한국,옴니버스,애니메이션,,82분 0초,,Y,키워드:천국,옴니버스 | 일반영화 | 애니메이션 | 82분 0초 | 한국
,,20228025,BIAF2022 TV&amp;커미션드,,2022,,,기타,옴니버스,애니메이션,,,,Y,키워드:천국,옴니버스 | 일반영화 | 애니메이션 | 기타
,,20228026,BIAF2022 VR,,2022,,,기타,옴니버스,애니메이션,,,,Y,키워드:천국,옴니버스 | 일반영화 | 애니메이션 | 기타
,,20228040,BIAF2022 단편A,,2022,,,기타,옴니버스,애니메이션,,,,Y,키워드:천국,옴니버스 | 일반영화 | 애니메이션 | 기타
,,20228021,BIAF2022 단편B,,2022,,,기타,옴니버스,애니메이션,,,,Y,키워드:천국,옴니버스 | 일반영화 | 애니메이션 | 기타
,,20228041,BIAF2022 단편C,,2022,,,기타,옴니버스,애니메이션,,,,Y,키워드:천국,옴니버스 | 일반영화 | 애니메이션 | 기타
,,20228022,BIAF2022 단편D,,2022,,,기타,옴니버스,애니메이션,,,,Y,키워드:천국,옴니버스 | 일반영화 | 애니메이션 | 기타
,,20228042,BIAF2022 단편E,,2022,,,기타,옴니버스,애니메이션,,,,Y,키워드:천국,옴니버스 | 일반영화 | 애니메이션 | 기타
,,20228027,BIAF2022 중국특별전 단편,,2022,,,기타,옴니버스,애니메이션,,,,Y,키워드:천국,옴니버스 | 일반영화 | 애니메이션 | 기타
,,20228023,BIAF2022 학생경쟁,,2022,,,기타,옴니버스,애니메이션,,,,Y,키워드:천국,옴니버스 | 일반영화 | 애니메이션 | 기타
,,20228024,BIAF2022 한국경쟁,,2022,,,기타,옴니버스,애니메이션,,,,Y,키워드:천국,옴니버스 | 일반영화 | 애니메이션 | 기타
,,20234630,BIAF2023 한국 단편 B,,2023,,,한국,옴니버스,애니메이션,,102분 0초,,Y,필수:회복,옴니버스 | 일반영화 | 애니메이션 | 102분 0초 | 한국
,,20218827,BIFAN2021 판타스틱 단편 걸작선 1,BIFAN2021 Fantastic Short Films 1,2021,,,기타,옴니버스,기타,,97분 0초,,Y,키워드:천국,옴니버스 | 일반영화 | 기타 | 97분 0초 | 기타
,,20218853,BIFAN2021 판타스틱 단편 걸작선 10,BIFAN2021 Fantastic Short Films 10,2021,,,기타,옴니버스,기타,,105분 0초,,Y,키워드:천국,옴니버스 | 일반영화 | 기타 | 105분 0초 | 기타
,,20218854,BIFAN2021 판타스틱 단편 걸작선 11,BIFAN2021 Fantastic Short Films 11,2021,,,기타,옴니버스,기타,,86분 0초,,Y,키워드:천국,옴니버스 | 일반영화 | 기타 | 86분 0초 | 기타
,,20218855,BIFAN2021 판타스틱 단편 걸작선 12,BIFAN2021 Fantastic Short Films 12,2021,,,기타,옴니버스,기타,,96분 0초,,Y,키워드:천국,옴니버스 | 일반영화 | 기타 | 96분 0초 | 기타
,,20218856,BIFAN2021 판타스틱 단편 걸작선 13,BIFAN2021 Fantastic Short Films 13,2021,,,기타,옴니버스,기타,,82분 0초,,Y,키워드:천국,옴니버스 | 일반영화 | 기타 | 82분 0초 | 기타
,,20218857,BIFAN2021 판타스틱 단편 걸작선 14,BIFAN2021 Fantastic Short Films 14,2021,,,기타,옴니버스,기타,,94분 0초,,Y,키워드:천국,옴니버스 | 일반영화 | 기타 | 94분 0초 | 기타
,,20218831,BIFAN2021 판타스틱 단편 걸작선 15,BIFAN2021 Fantastic Short Films 15,2021,,,기타,옴니버스,기타,,88분 0초,,Y,키워드:천국,옴니버스 | 일반영화 | 기타 | 88분 0초 | 기타
,,20218832,BIFAN2021 판타스틱 단편 걸작선 16,BIFAN2021 Fantastic Short Films 16,2021,,,기타,옴니버스,기타,,69분 0초,,Y,키워드:천국,옴니버스 | 일반영화 | 기타 | 69분 0초 | 기타
,,20218848,BIFAN2021 판타스틱 단편 걸작선 2,BIFAN2021 Fantastic Short Films 2,2021,,,기타,옴니버스,기타,,85분 0초,,Y,키워드:천국,옴니버스 | 일반영화 | 기타 | 85분 0초 | 기타
,,20218828,BIFAN2021 판타스틱 단편 걸작선 3,BIFAN2021 Fantastic Short Films 3,2021,,,기타,옴니버스,기타,,99분 0초,,Y,키워드:천국,옴니버스 | 일반영화 | 기타 | 99분 0초 | 기타
,,20218849,BIFAN2021 판타스틱 단편 걸작선 4,BIFAN2021 Fantastic Short Films 4,2021,,,기타,옴니버스,기타,,104분 0초,,Y,키워드:천국,옴니버스 | 일반영화 | 기타 | 104분 0초 | 기타
,,20218850,BIFAN2021 판타스틱 단편 걸작선 5,BIFAN2021 Fantastic Short Films 5,2021,,,기타,옴니버스,기타,,105분 0초,,Y,키워드:천국,옴니버스 | 일반영화 | 기타 | 105분 0초 | 기타
,,20218851,BIFAN2021 판타스틱 단편 걸작선 6,BIFAN2021 Fantastic Short Films 6,2021,,,기타,옴니버스,기타,,88분 0초,,Y,키워드:천국,옴니버스 | 일반영화 | 기타 | 88분 0초 | 기타
,,20218829,BIFAN2021 판타스틱 단편 걸작선 7,BIFAN2021 Fantastic Short Films 7,2021,,,기타,옴니버스,기타,,98분 0초,,Y,키워드:천국,옴니버스 | 일반영화 | 기타 | 98분 0초 | 기타
,,20218830,BIFAN2021 판타스틱 단편 걸작선 8,BIFAN2021 Fantastic Short Films 8,2021,,,기타,옴니버스,기타,,99분 0초,,Y,키워드:천국,옴니버스 | 일반영화 | 기타 | 99분 0초 | 기타
,,20218852,BIFAN2021 판타스틱 단편 걸작선 9,BIFAN2021 Fantastic Short Films 9,2021,,,기타,옴니버스,기타,,100분 0초,원지호,Y,키워드:천국,옴니버스 | 일반영화 | 기타 | 100분 0초 | 기타
,,20258561,CaFF2025 메이드인가톨릭,,2025,,,기타,옴니버스,"드라마, 애니메이션, 다큐멘터리",,86분 0초,,Y,키워드:천국,"옴니버스 | 일반영화 | 드라마, 애니메이션, 다큐멘터리 | 86분 0초 | 기타"
,,20227587,JISFF2022 국제경쟁3,,2022,,,기타,옴니버스,기타,,,,Y,키워드:크라이스트,옴니버스 | 일반영화 | 기타 | 기타
,,20227611,JISFF2022 전북경쟁1,,2022,,,한국,옴니버스,기타,,,,Y,키워드:기도,옴니버스 | 일반영화 | 기타 | 한국
,,20180351,"SESIFF2018 경쟁9_상상, 그 너머에",,2018,,,기타,옴니버스,기타,,101분 0초,,Y,키워드:하나님,옴니버스 | 일반영화 | 기타 | 101분 0초 | 기타
,,20210296,SESIFF2021 경쟁 10: 흐르는 마음,Competition 10: Flowing Heart,2021,,,기타,옴니버스,기타,,115분 0초,,Y,키워드:천국,옴니버스 | 일반영화 | 기타 | 115분 0초 | 기타
,,20227783,SESIFF2022 오스트리아 특별전2: 마스터 클래스,Austria Focus 2: Master Class,2022,,,오스트리아,옴니버스,기타,,,,Y,키워드:천국,옴니버스 | 일반영화 | 기타 | 오스트리아
,,20210692,SICAF2021 공식경쟁: 단편 독립애니메이션 B,,2021,,,기타,옴니버스,애니메이션,,89분 59초,,Y,키워드:천국,옴니버스 | 일반영화 | 애니메이션 | 89분 59초 | 기타
,,20227975,SIPFF2022 모어 필름 포 프리덤,More Films for Freedom,2022,,,기타,옴니버스,기타,,87분 0초,,Y,키워드:기도,옴니버스 | 일반영화 | 기타 | 87분 0초 | 기타
,,20240452,SISFF2024 기억 아카이빙,SISFF2024 Memory Archiving Project,2024,,,한국,옴니버스,다큐멘터리,,,,Y,키워드:기도,옴니버스 | 일반영화 | 다큐멘터리 | 한국
,,20227919,The CMR2022 이언희의 큐레이션 1,,2022,,,한국,옴니버스,기타,,,,Y,키워드:기도,옴니버스 | 일반영화 | 기타 | 한국
,,20233727,[PDFF2023] 장애인미디어,,2023,,,한국,옴니버스,기타,,,,Y,필수:회복,옴니버스 | 일반영화 | 기타 | 한국
,,20257006,가끔은 여정이 아름답기도 하다,Sometimes the Way is Beautiful,2025,,,한국,장편,다큐멘터리,,83분 0초,,Y,키워드:기도,장편 | 일반영화 | 다큐멘터리 | 83분 0초 | 한국
,,20228014,개와 이탈리아인 출입금지,No Dogs or Italians Allowed,2022,,,프랑스(4),장편,애니메이션,,70분 0초,,Y,키워드:천국,"장편 | 일반영화 | 애니메이션 | 70분 0초 | 프랑스, 이탈리아, 벨기에, 스위스, 포르투갈"
,,20253919,갱년기도 보험처리가 되나요?,,2019,,,한국,단편,,전체관람가,23분 34초,,Y,키워드:기도,단편 | 독립영화 | 23분 34초 | 전체관람가 | 한국
,,20244621,경기도의 어느 남향 집,A South-facing House in Gyeonggi Province,2024,,,한국,장편,"다큐멘터리, 가족, 기타",,70분 0초,박진용,Y,키워드:기도,"장편 | 일반영화 | 다큐멘터리, 가족, 기타 | 70분 0초 | 한국"
,,20152076,고구마 가족,Sweet Family,2015,,,한국,단편,드라마,,17분 0초,박중하,Y,키워드:천국,단편 | 일반영화 | 드라마 | 17분 0초 | 한국
,,20166125,공원 생활,Life in the Park,2016,,,한국,단편,애니메이션,,14분 0초,문소현,Y,키워드:천국,단편 | 독립영화 | 애니메이션 | 14분 0초 | 한국
,,20218948,공평하신 하나님,Jimmy,2013,,,미국,장편,"드라마, 가족",,95분 41초,,Y,키워드:하나님,"장편 | 일반영화 | 드라마, 가족 | 95분 41초 | 미국"
,,20232641,관객프로그래머 초이스! - 조한나 감독전,,2023,,,한국,옴니버스,기타,,,,Y,키워드:기도,옴니버스 | 일반영화 | 기타 | 한국
,,20263811,교회 내부의 적,Enemies within the Church,2022,,,미국,장편,다큐멘터리,,120분 0초,,Y,키워드:교회,장편 | 일반영화 | 다큐멘터리 | 120분 0초 | 미국
,,20211202,교회누나랑 첫 여자 무삭제,,2021,,,한국,장편,성인물(에로),청소년관람불가,91분 11초,김성현,Y,키워드:교회,장편 | 일반영화 | 성인물(에로) | 91분 11초 | 청소년관람불가 | 한국
,,20214785,그 크신 하나님의 사랑,Indescribable,2013,,,미국,장편,드라마,,94분 17초,,Y,키워드:하나님,장편 | 일반영화 | 드라마 | 94분 17초 | 미국
,,20125507,그레이호프,Gray hope,2011,,,한국,단편,"애니메이션, SF",,6분 0초,한성권,Y,키워드:천국,"단편 | 일반영화 | 애니메이션, SF | 6분 0초 | 한국"
,,20159746,그리스도는 기지에 머물렀다,Jesus Stopped at Gyzi,2013,,,그리스,단편,"드라마, 가족",,11분 0초,,Y,키워드:그리스도,"단편 | 일반영화 | 드라마, 가족 | 11분 0초 | 그리스"
,,20236335,그리스도의 이름,The Names of Christ,2010,,,스페인,장편,기타,,193분 0초,알베르 세라,Y,키워드:그리스도,장편 | 일반영화 | 기타 | 193분 0초 | 스페인
,,20167868,글로컬 구애전 단편 5,,2016,,,기타,옴니버스,,,,,Y,키워드:성경,옴니버스 | 일반영화 | 기타
,,20246544,기도,Pray,2019,,,일본,단편,기타,,9분 0초,,Y,키워드:기도,단편 | 일반영화 | 기타 | 9분 0초 | 일본
,,20243822,기도하고 기도하며,AS I PRAY AND PRAY,2024,,,한국,장편,"드라마, 기타",,107분 0초,,Y,키워드:기도,"장편 | 일반영화 | 드라마, 기타 | 107분 0초 | 한국"
,,20156528,기음,Weeding,2015,,,한국,단편,"스릴러, 범죄",,27분 0초,현조,Y,키워드:천국,"단편 | 일반영화 | 스릴러, 범죄 | 27분 0초 | | 한국"
,,20258553,나는 천국을 꿈꿉니다,I Hope for Heaven,2023,,,이탈리아,장편,다큐멘터리,,67분 0초,,Y,키워드:천국,장편 | 일반영화 | 다큐멘터리 | 67분 0초 | 이탈리아
,,20228033,나욜라,Nayola,2022,,,포르투갈(3),장편,애니메이션,,82분 54초,호세 미구엘 리베이로,Y,키워드:천국,"장편 | 일반영화 | 애니메이션 | 82분 54초 | 포르투갈, 벨기에, 네덜란드, 프랑스"
,,19778011,나자렛 예수,Jesus of Nazareth,1977,,,,일반영화,,,371분 0초,,Y,키워드:예수,일반영화 | 371분 0초 |
,,20131108,낙원의 곤경,Trouble in Paradise,1932,,,미국,장편,"코미디, 멜로/로맨스",,83분 0초,에른스트 루비치,Y,키워드:천국,"장편 | 일반영화 | 코미디, 멜로/로맨스 | 83분 0초 | 미국"
,,20136135,네번째 : 짐승적그리스도의가면,The 4th Beast: Mask of the Antichrist,2005,,,미국,장편,액션,,80분 0초,내든 마스터즈,Y,키워드:그리스도,장편 | 일반영화 | 액션 | 80분 0초 | 미국
,,20233341,노래방 천국,Karaoke Paradise,2022,,,핀란드,장편,다큐멘터리,,75분 0초,,Y,키워드:천국,장편 | 일반영화 | 다큐멘터리 | 75분 0초 | 핀란드
,,20239917,노아의 방주,Noah's Ark,2022,,,한국,단편,"드라마, 판타지",,15분 49초,류소정,Y,필수:노아; 키워드:노아,"단편 | 일반영화 | 드라마, 판타지 | 15분 49초 | 한국"
,,20255746,노아의 손,Hands Down!,2023,,,프랑스,단편,애니메이션,,7분 13초,,Y,필수:노아; 키워드:노아,단편 | 일반영화 | 애니메이션 | 7분 13초 | 프랑스
,,20111362,노아의 홍수,The Flood,2011,,,이스라엘,장편,드라마,,100분 0초,기 나티브,Y,필수:노아; 키워드:노아,장편 | 일반영화 | 드라마 | 100분 0초 | 이스라엘
,,19988653,놀라운 복음,El Evangelio De Las Maravillas,1998,,,멕시코(2),장편,드라마,,112분 0초,아르투로 립스타인,Y,키워드:복음,"장편 | 일반영화 | 드라마 | 112분 0초 | 멕시코, 스페인, 아르헨티나"
,,20060876,누가 예수를 죽였는가?,Who killed Jesus?,2000,,,한국,단편,드라마,,18분 0초,"우민호 , 이석근",Y,키워드:예수,단편 | 일반영화 | 드라마 | 18분 0초 | | 한국
,,20098534,다윗 1부,,,,,,일반영화,,,88분 0초,,Y,키워드:다윗,일반영화 | 88분 0초 |
,,19858197,다윗 대왕,King Davide,1985,,,,일반영화,,,120분 0초,,Y,키워드:다윗,일반영화 | 120분 0초 |
,,20155902,다윗과 골리앗,David And Goliath,1961,,,이탈리아,장편,드라마,,95분 0초,페르디난도 발디,Y,키워드:다윗,장편 | 일반영화 | 드라마 | 95분 0초 | 이탈리아
,,20136122,다윗과 골리앗,,1983,,,한국,장편,"애니메이션, 드라마",,75분 0초,김청기,Y,키워드:다윗,"장편 | 일반영화 | 애니메이션, 드라마 | 75분 0초 | 한국"
,,20128928,다윗과 골리앗,David and Goliath,2011,,,한국,단편,다큐멘터리,,17분 0초,김은민,Y,키워드:다윗,단편 | 일반영화 | 다큐멘터리 | 17분 0초 | 한국
,,20149060,다윗과 밧세바,David And Bathsheba,1951,,,미국,장편,"드라마, 멜로/로맨스",,116분 0초,헨리 킹,Y,키워드:다윗,"장편 | 일반영화 | 드라마, 멜로/로맨스 | 116분 0초 | 미국"
,,20254124,달과 천국,To the Moon and Back,2023,,,일본,단편,애니메이션,,12분 0초,,Y,키워드:천국,단편 | 일반영화 | 애니메이션 | 12분 0초 | 일본
,,20137367,더 바이블 - 다윗,The Bible - David,1997,,,이탈리아(2),장편,드라마,,184분 0초,로버트 마르코비츠,Y,키워드:다윗,"장편 | 일반영화 | 드라마 | 184분 0초 | 이탈리아, 미국, 독일"
,,20081397,딱정벌레,Beetles,2008,,,한국,장편,드라마,15세이상관람가,105분 0초,김은희,Y,필수:노아; 키워드:노아,장편 | 예술영화 | 드라마 | 105분 0초 | 15세이상관람가 | 한국
,,19938065,레닌그라드 카우보이 모세를 만나다,Die Leningrad Cowboys treffen Moses,1993,,,핀란드(2),장편,"어드벤처, 코미디",,94분 0초,아키 카우리스마키,Y,키워드:모세,"장편 | 일반영화 | 어드벤처, 코미디 | 94분 0초 | 핀란드, 프랑스, 독일"
,,20129270,로봇과 예수,Happy Birthday,2012,,,에스토니아,단편,애니메이션,,15분 0초,리호 운트,Y,키워드:예수,단편 | 일반영화 | 애니메이션 | 15분 0초 | 에스토니아
,,20210227,롱기누스: 그리스도를 죽인 자,The Christ Slayer,2019,,,미국,장편,"드라마, 가족",,115분 27초,,Y,키워드:그리스도,"장편 | 일반영화 | 드라마, 가족 | 115분 27초 | 미국"
,,20248732,마을의 교회,The Danish Village Church,1947,,,덴마크,단편,,,14분 0초,칼 테오도르 드레이어,Y,키워드:교회,단편 | 일반영화 | 14분 0초 | 덴마크
,,20232630,말로 하는 기도,,2020,,,한국,단편,드라마,,23분 43초,조한나,Y,키워드:기도,단편 | 일반영화 | 드라마 | 23분 43초 | 한국
,,20162068,매일매일 알츠하이머,Everyday is Alzheimer's,2012,,,일본,장편,다큐멘터리,,93분 0초,세키구치 유카,Y,필수:회복,장편 | 일반영화 | 다큐멘터리 | 93분 0초 | 일본
,,20224460,매일의 기도,Bone and Flesh,2021,,,한국,단편,드라마,,19분 0초,,Y,키워드:기도,단편 | 일반영화 | 드라마 | 19분 0초 | 한국
,,20111612,머나 먼 복음,The Backwater Gospel,2011,,,덴마크,단편,애니메이션,,10분 0초,보 마토른,Y,키워드:복음,단편 | 일반영화 | 애니메이션 | 10분 0초 | 덴마크
,,20201361,머스트 비 헤븐,It Must Be Heaven,2019,,,프랑스(5),장편,기타,,97분 0초,엘리아 술레이만,Y,키워드:천국,"장편 | 일반영화 | 기타 | 97분 0초 | 프랑스, 카타르, 독일, 캐나다, 터키, 팔레스타인"
,,20018915,메리의성경이야기,GiveUpYourOldSins,2001,,,,단편,,,5분 0초,,Y,키워드:성경,단편 | 일반영화 | 5분 0초 |
,,20164051,모나리자,Mona Lisa,2016,,,한국,단편,"코미디, 드라마",,29분 58초,송현석,Y,키워드:천국,"단편 | 일반영화 | 코미디, 드라마 | 29분 58초 | 한국"
,,20137345,모세,Moses,1996,,,미국,장편,"사극, 드라마, 어드벤처",,188분 0초,로저 영,Y,키워드:모세,"장편 | 일반영화 | 사극, 드라마, 어드벤처 | 188분 0초 | 미국"
,,19978272,모세가 된 사나이,Commandments,1997,,,,일반영화,,,88분 0초,,Y,키워드:모세,일반영화 | 88분 0초 |
,,20148178,모세와 아론,Moses and Aaron,1975,,,오스트리아 (2),장편,드라마,,107분 0초,"장 마리 스트라우브 , 다니엘 위예",Y,키워드:모세,"장편 | 일반영화 | 드라마 | 107분 0초 | 오스트리아 , 프랑스, 독일"
,,20142991,모자 쓴 난장이,Small People with Hats,2014,,,영국,단편,애니메이션,,6분 51초,사리나 니헤이,Y,키워드:천국,단편 | 일반영화 | 애니메이션 | 6분 51초 | 영국
,,20128070,미술탐험대,Art Odyssey,2011,,,한국,단편,애니메이션,,24분 0초,,Y,키워드:천국,단편 | 일반영화 | 애니메이션 | 24분 0초 | 한국
,,20217450,미즈노 아사히의 입이 예쁜 새엄마,,2020,,,일본,장편,성인물(에로),청소년관람불가,63분 40초,코지마 유키오,Y,필수:노아; 키워드:노아,장편 | 일반영화 | 성인물(에로) | 63분 40초 | 청소년관람불가 | 일본
,,20246041,바람의 교회,Wind Church,2019,,,일본,단편,다큐멘터리,,12분 0초,오다 카오리,Y,키워드:교회,단편 | 일반영화 | 다큐멘터리 | 12분 0초 | 일본
,,20038869,방직성 경찰,Uniform,2003,,,중국,장편,드라마,,94분 0초,디아오 이난,Y,키워드:성경,장편 | 일반영화 | 드라마 | 94분 0초 | 중국
,,20166166,배드 트립,BADTRIP,2016,,,한국,단편,"드라마, 멜로/로맨스, 범죄, 액션, 코미디, 스릴러",,28분 0초,박경균,Y,키워드:천국,"단편 | 일반영화 | 드라마, 멜로/로맨스, 범죄, 액션, 코미디, 스릴러 | 28분 0초 | 한국"
,,20011016,뱀파이어 헌터 예수,Jesus Christ Vampire Hunter,2001,,,캐나다,장편,"액션, 코미디, 공포(호러)",,85분 0초,리 드마브레,Y,키워드:예수,"장편 | 일반영화 | 액션, 코미디, 공포(호러) | 85분 0초 | 캐나다"
,,20145257,벤허,Ben Hur,2010,,,영국(3),장편,"액션, 드라마",,240분 0초,스티브 쉴,Y,필수:벤허,"장편 | 일반영화 | 액션, 드라마 | 240분 0초 | | 영국, 캐나다, 독일, 스페인"
,,20135080,벤허,Ben-Hur,1925,,,미국,장편,"드라마, 어드벤처, 멜로/로맨스",,133분 0초,프레드 니블로,Y,필수:벤허,"장편 | 일반영화 | 드라마, 어드벤처, 멜로/로맨스 | 133분 0초 | 미국"
,,20249596,부산국제단편영화제 국제경쟁 2,International Competition 2,2024,,,기타,옴니버스,"드라마, 다큐멘터리",,,,Y,키워드:천국,"옴니버스 | 일반영화 | 드라마, 다큐멘터리 | 기타"
,,20249582,부산국제단편영화제 국제경쟁 8,International Competition 8,2024,,,기타,옴니버스,"다큐멘터리, 드라마",,,,Y,키워드:천국,"옴니버스 | 일반영화 | 다큐멘터리, 드라마 | 기타"
,,20249604,부산국제단편영화제 씹어먹힌 현실,Reality bites,2024,,,한국,옴니버스,드라마,,,,Y,키워드:천국,옴니버스 | 일반영화 | 드라마 | 한국
,,20259603,부활,,2025,,,한국,단편,드라마,전체관람가,38분 14초,이세영,Y,필수:부활; 키워드:부활,단편 | 독립영화 | 드라마 | 38분 14초 | 전체관람가 | 한국
,,20224573,부활남: 더 레드,REAWAKEN MAN: THE RED,2026,,,한국,장편,액션,15세이상관람가,101분 11초,백,Y,필수:부활; 키워드:부활,장편 | 일반영화 | 액션 | 101분 11초 | 15세이상관람가 | 한국
,,20259331,부활하는 산하,Reviving Land,1986,,,한국,장편,다큐멘터리,,90분 0초,,Y,필수:부활; 키워드:부활,장편 | 일반영화 | 다큐멘터리 | 90분 0초 | 한국
,,20261051,부흥 하나님의 캐스팅,,2025,,,한국,장편,다큐멘터리,전체관람가,95분 15초,,Y,키워드:하나님,장편 | 예술영화 | 다큐멘터리 | 95분 15초 | 전체관람가 | 한국
,,20243062,블랙 크라이스트. 먼 정의,The BLACK ChristS. Far from Justice,2022,,,독일,단편,다큐멘터리,,15분 0초,,Y,키워드:크라이스트,단편 | 일반영화 | 다큐멘터리 | 15분 0초 | 독일
,,20166174,비제이핑크,BJ Pink,2015,,,한국,단편,드라마,,17분 0초,김혜영,Y,키워드:천국,단편 | 일반영화 | 드라마 | 17분 0초 | 한국
,,20139770,사도 바울,"San Paolo, The Bible: Paul Of Tarsos",2000,,,이탈리아(2),장편,"어드벤처, 드라마",,170분 0초,로저 영,Y,필수:바울,"장편 | 일반영화 | 어드벤처, 드라마 | 170분 0초 | 이탈리아, 체코, 독일"
,,20124608,사도유혹,Temptation Summary II,1991,,,홍콩,장편,,,90분 0초,하번,Y,키워드:사도,장편 | 일반영화 | 90분 0초 | 홍콩
,,20135638,사랑의 기도 - 아들을 위하여,...First Do No Harm,1997,,,미국,장편,드라마,,120분 0초,짐 에이브러햄스,Y,키워드:기도,장편 | 일반영화 | 드라마 | 120분 0초 | 미국
,,19598033,사랑의 십자가,,1959,,,,일반영화,,,,,Y,키워드:십자가,일반영화 |
,,19468019,삶과 죽음의 문제,A Matter of Life and Death,1946,,,영국,장편,"멜로/로맨스, 판타지, 코미디",,104분 0초,"마이클 파웰 , 에메릭 프레스버거",Y,키워드:천국,"장편 | 예술영화 | 멜로/로맨스, 판타지, 코미디 | 104분 0초 | 영국"
,,20245615,삶이 회복이다,Life Is Recovery,2022,,,한국,단편,다큐멘터리,,17분 0초,,Y,필수:회복,"단편 | 일반영화 | 다큐멘터리 | 17분 0초 | 한국 | 한글자막(CC) , 화면해설(AD)"
,,20241531,새들의 천국,Birds Paradise,2023,,,기타,단편,다큐멘터리,,14분 0초,,Y,키워드:천국,단편 | 일반영화 | 다큐멘터리 | 14분 0초 | 기타
,,19758012,성서의 영웅 모세,Moses / Moses the Lawgiver,1975,,,,일반영화,,,141분 0초,,Y,키워드:모세,일반영화 | 141분 0초 |
,,20242281,성스러운 이들을 위한 기도,Prayers For Sweet Waters,2021,,,영국(1),단편,다큐멘터리,,16분 0초,,Y,키워드:기도,"단편 | 일반영화 | 다큐멘터리 | 16분 0초 | 영국, 남아프리카공화국"
,,20190926,섹션4.누구에게나 친절한 교회오빠 강민호-단편모음(책과 영화의 만남),,2019,,,한국,옴니버스,기타,,98분 0초,,Y,필수:교회오빠,옴니버스 | 일반영화 | 기타 | 98분 0초 | 한국
,,19658077,순교자,The Martyred,1965,,,한국,장편,드라마,,131분 0초,유현목,Y,키워드:순교,장편 | 일반영화 | 드라마 | 131분 0초 | 한국
,,20149505,슈우웅,Shoooo,2014,,,한국,단편,"SF, 드라마, 가족",,22분 9초,임철,Y,키워드:천국,"단편 | 일반영화 | SF, 드라마, 가족 | 22분 9초 | 한국"
,,20166137,시간 에이전트,The Time Agent,2015,,,한국,단편,드라마,,30분 0초,전주영,Y,키워드:천국,단편 | 일반영화 | 드라마 | 30분 0초 | 한국
,,20128035,"신이시여, 소샤나는 그렇게 천국에 갔답니다",Ve'ahavta or: How Shoshana Zaligman Went to Heaven,2011,,,이스라엘,단편,애니메이션,,6분 0초,,Y,키워드:천국,단편 | 일반영화 | 애니메이션 | 6분 0초 | 이스라엘
,,20259538,십자가 아래서,Under the Cross,2024,,,한국,단편,드라마,,21분 15초,오요한,Y,키워드:십자가,단편 | 일반영화 | 드라마 | 21분 15초 | 한국
,,20210871,쓰레기 도시의 리프,City of Lost Things,2020,,,대만,장편,애니메이션,,91분 0초,이치엔,Y,키워드:기도,장편 | 일반영화 | 애니메이션 | 91분 0초 | 대만
,,20223523,아이고 하나님 감사합니다,,2021,,,한국,단편,드라마,,13분 0초,,Y,키워드:하나님,단편 | 일반영화 | 드라마 | 13분 0초 | 한국
,,20240981,아침기도,Morning Prayer,2023,,,한국,단편,다큐멘터리,,13분 0초,,Y,키워드:기도,단편 | 일반영화 | 다큐멘터리 | 13분 0초 | 한국
,,20166133,안 죽을지도 몰라,Cliché Resistance,2016,,,한국,단편,드라마,,18분 0초,이원근,Y,키워드:천국,단편 | 일반영화 | 드라마 | 18분 0초 | 한국
,,20170789,안양국제청소년영화제 국제경쟁 1,International Competition 1,2017,,,기타,옴니버스,기타,,,,Y,필수:사일런스,옴니버스 | 일반영화 | 기타 | 기타
,,20233181,알리스 기 작품선,,2023,,,프랑스,옴니버스,기타,,,,Y,키워드:예수,옴니버스 | 일반영화 | 기타 | 프랑스
,,20223700,어 차일드 인 사일런스,A Child in Silence.,2021,,,한국,단편,"공포(호러), 스릴러, 미스터리",,14분 25초,,Y,필수:사일런스,"단편 | 일반영화 | 공포(호러), 스릴러, 미스터리 | 14분 25초 | 한국"
,,20255384,여기도 곧 망할 카페입니까?,,2022,,,한국,단편,애니메이션,,3분 55초,하주안,Y,키워드:기도,단편 | 일반영화 | 애니메이션 | 3분 55초 | 한국
,,20265142,여기도 저기도 가슴만 보이는 가슴 천국,,2025,,,일본,장편,성인물(에로),청소년관람불가,64분 13초,,Y,키워드:기도; 키워드:천국,장편 | 일반영화 | 성인물(에로) | 64분 13초 | 청소년관람불가 | 일본
,,20236742,여러 번 젖은 사회복지사,,2023,,,일본,장편,성인물(에로),청소년관람불가,64분 50초,,Y,필수:회복,장편 | 일반영화 | 성인물(에로) | 64분 50초 | 청소년관람불가 | 일본
,,20234102,여의사를 마사지 천국으로 보내다,,,,,일본,장편,성인물(에로),청소년관람불가,61분 29초,,Y,키워드:천국,장편 | 일반영화 | 성인물(에로) | 61분 29초 | 청소년관람불가 | 일본
,,20253904,영화감독 신나리 추모의 밤,,2025,,,한국,옴니버스,다큐멘터리,,,신나리,Y,키워드:천국,옴니버스 | 일반영화 | 다큐멘터리 | 한국
,,20244576,예수 lived in a motel room,Jesus lived in a motel room,2023,,,한국,단편,드라마,,26분 0초,,Y,키워드:예수,단편 | 일반영화 | 드라마 | 26분 0초 | 한국
,,20031221,"예수님, 당신은 아십니다","Jesus, You Know",2003,,,오스트리아,장편,다큐멘터리,,87분 0초,울리히 세이들,Y,키워드:예수,장편 | 일반영화 | 다큐멘터리 | 87분 0초 | 오스트리아
,,20240484,예수의 삶,The Life of Jesus,1997,,,프랑스,장편,드라마,,96분 0초,브루노 뒤몽,Y,키워드:예수,장편 | 일반영화 | 드라마 | 96분 0초 | 프랑스
,,19991170,예수의 아들,Jesus' Son,1999,,,미국(1),장편,드라마,,107분 0초,앨리슨 맥클린,Y,키워드:예수,"장편 | 일반영화 | 드라마 | 107분 0초 | 미국, 캐나다"
,,20210896,예수의 이름으로,In the Name of Christ,1993,,,기타,장편,코미디,,80분 0초,로저 그노안 엠발라,Y,키워드:예수,장편 | 일반영화 | 코미디 | 80분 0초 | 기타
,,20133393,예수의 주먹,FIST OF JESUS,2012,,,스페인,단편,,,15분 0초,,Y,키워드:예수,단편 | 일반영화 | 15분 0초 | 스페인
,,20021184,예수의 팔,The Arm Of Jesus,2002,,,네덜란드,장편,드라마,,72분 0초,안드레 반 데르 후트,Y,키워드:예수,장편 | 일반영화 | 드라마 | 72분 0초 | 네덜란드
,,20233196,예수의 피,La vie du Christ,1906,,,프랑스,단편,드라마,,33분 0초,,Y,키워드:예수,단편 | 일반영화 | 드라마 | 33분 0초 | 프랑스
,,20265222,오늘 천국 갈 수 있나요?,Can I Go to Heaven Today?,2025,,,한국,단편,드라마,,12분 8초,정진희,Y,키워드:천국,단편 | 일반영화 | 드라마 | 12분 8초 | 한국
,,20246016,오다 카오리 단편 모음,,2024,,,일본,옴니버스,다큐멘터리,,,오다 카오리,Y,키워드:교회,옴니버스 | 일반영화 | 다큐멘터리 | 일본
,,20241582,오만 단편선,,2024,,,기타,옴니버스,드라마,,,,Y,키워드:천국,옴니버스 | 일반영화 | 드라마 | 기타
,,20204941,오오극장 개관5주년 특별전 - 대구독립단편 신작,,2020,,,한국,옴니버스,드라마,,123분 0초,,Y,키워드:천국,옴니버스 | 일반영화 | 드라마 | 123분 0초 | 한국
,,19898254,"요리사, 도둑, 그의 아내 그리고 그녀의 정부","The Cook, the Thief, His Wife and Her Lover",1989,,,영국(2),장편,"범죄, 드라마",,124분 0초,피터 그리너웨이,Y,키워드:사도,"장편 | 일반영화 | 범죄, 드라마 | 124분 0초 | 영국, 프랑스, 네덜란드"
,,20114931,요제 육판성경,,1998,,,,일반영화,,,,,Y,키워드:성경,일반영화 |
,,20184282,위 러브 모세스,We Love Moses,2016,,,영국,단편,기타,,11분 0초,,Y,키워드:모세,단편 | 일반영화 | 기타 | 11분 0초 | 영국
,,20134429,육체남녀,"Here, There and Everywhere",2013,,,일본,단편,애니메이션,,2분 0초,가부키 사와코,Y,키워드:천국,단편 | 일반영화 | 애니메이션 | 2분 0초 | 일본
,,20194343,이사도라의 아이들,Diary of a Dancer,2019,,,프랑스,장편,드라마,12세이상관람가,84분 12초,다미앙 마니벨,Y,키워드:사도,장편 | 예술영화 | 드라마 | 84분 12초 | 12세이상관람가 | 프랑스
,,20008034,이집트 왕자 2: 요셉이야기,,2000,,,미국,장편,"애니메이션, 어드벤처",전체관람가,75분 0초,,Y,필수(보정):관련작,"장편 | 일반영화 | 애니메이션, 어드벤처 | 75분 0초 | 전체관람가 | 미국"
,,20236176,인디애니씨어터 with 애니메이션 어워즈 새로운 발견,,2023,,,한국,옴니버스,애니메이션,,,,Y,필수:회복,옴니버스 | 일반영화 | 애니메이션 | 한국
,,20236177,인디애니씨어터 with 애니메이션 어워즈 스튜디오 특별전,,2023,,,한국,옴니버스,애니메이션,,,,Y,키워드:기도,옴니버스 | 일반영화 | 애니메이션 | 한국
,,20166145,인민정무문,Fist of People,2015,,,한국,단편,"드라마, 액션",,19분 22초,안동기,Y,키워드:천국,"단편 | 일반영화 | 드라마, 액션 | 19분 22초 | 한국"
,,19458002,인생유전,Les Enfants Du Paradis,1945,,,프랑스,장편,"드라마, 멜로/로맨스",,190분 0초,마르셀 카르네,Y,키워드:천국,"장편 | 일반영화 | 드라마, 멜로/로맨스 | 190분 0초 | 프랑스"
,,20149525,인형,Human Form,2014,,,한국,단편,기타,12세이상관람가,11분 33초,노도연,Y,키워드:천국,단편 | 일반영화 | 기타 | 11분 33초 | 12세이상관람가 | 한국
,,20112817,잃어버린 천국,Paradis perdu / Four Flights to Love,1940,,,프랑스,장편,,,100분 0초,아벨 갠스,Y,키워드:천국,장편 | 일반영화 | 100분 0초 | 프랑스
,,20159057,자전거 vs 자동차,Bikes vs Cars,2015,,,스웨덴,장편,다큐멘터리,,90분 0초,프레드릭 게르튼,Y,필수:회복,장편 | 일반영화 | 다큐멘터리 | 90분 0초 | 스웨덴
,,20250684,작은 강과 교회에서,,,,,한국,기타,,,,,Y,키워드:교회,기타 | 독립영화 | 한국
,,20149545,점핑,Jumping,2005,,,한국(1),단편,기타,,20분 0초,구혁탄,Y,키워드:천국,"단편 | 일반영화 | 기타 | 20분 0초 | 한국, 중국"
,,20265693,제10회 부산인터시티영화제 인터시티 05,Inter-City 05,2026,,,기타,옴니버스,"드라마, 다큐멘터리",,,,Y,키워드:사도,"옴니버스 | 일반영화 | 드라마, 다큐멘터리 | 기타"
,,20233990,제15회 서울영등포국제초단편영화제 뉴 제너레이션 경쟁 1,New Generation Competition 1,2023,,,한국,옴니버스,"드라마, 애니메이션",,,,Y,키워드:기도,"옴니버스 | 일반영화 | 드라마, 애니메이션 | 한국"
,,20233972,제15회 서울영등포국제초단편영화제 초·단편 경쟁 6,Extreme Shorts/Shorts Competition 6,2023,,,기타,옴니버스,기타,,,,Y,키워드:복음,옴니버스 | 일반영화 | 기타 | 기타
,,20233815,제19회 서울인디애니페스트2023 새벽비행1,First Flight1,2023,,,한국(1),옴니버스,애니메이션,,,,Y,필수:회복,"옴니버스 | 일반영화 | 애니메이션 | 한국, 미국"
,,20259370,제21회 프라이드스크린 섹션6. 맞바람,,2025,,,한국,옴니버스,"드라마, 다큐멘터리",,,,Y,키워드:기도,"옴니버스 | 일반영화 | 드라마, 다큐멘터리 | 한국"
,,20254964,제22회 서울국제환경영화제 에코단편선1 자연과 함께하는 삶,Eco Shorts1,2025,,,기타,옴니버스,기타,,81분 0초,,Y,키워드:기도,옴니버스 | 일반영화 | 기타 | 81분 0초 | 기타
,,20228545,제24회 부산독립영화제 로컬투로컬 6,,2022,,,한국,옴니버스,기타,,,,Y,키워드:기도,옴니버스 | 일반영화 | 기타 | 한국
,,20232941,제71회 작은영화영화제 – 전국~영화자랑! -호남편,,2023,,,한국,옴니버스,드라마,,,,Y,키워드:기도,옴니버스 | 일반영화 | 드라마 | 한국
,,20183249,제9회 대구사회복지영화제 – #봉기하라+체르노빌의 할머니들,,2018,,,기타,옴니버스,다큐멘터리,,86분 0초,,Y,필수:회복,옴니버스 | 일반영화 | 다큐멘터리 | 86분 0초 | 기타
,,20183244,제9회 대구사회복지영화제 – 그러나...복지를 버리는 시대로+또 하나의 교육,,2018,,,일본,옴니버스,다큐멘터리,,94분 0초,,Y,필수:회복,옴니버스 | 일반영화 | 다큐멘터리 | 94분 0초 | 일본
,,20183241,제9회 대구사회복지영화제 – 독립단편다큐 1,,2018,,,한국,옴니버스,다큐멘터리,,92분 0초,,Y,필수:회복,옴니버스 | 일반영화 | 다큐멘터리 | 92분 0초 | 한국
,,20183197,제9회 대구사회복지영화제 – 독립단편다큐 2,,2018,,,한국,옴니버스,다큐멘터리,,90분 0초,,Y,필수:회복,옴니버스 | 일반영화 | 다큐멘터리 | 90분 0초 | 한국
,,20183246,제9회 대구사회복지영화제 – 독립단편애니,,2018,,,한국,옴니버스,애니메이션,,61분 0초,,Y,필수:회복,옴니버스 | 일반영화 | 애니메이션 | 61분 0초 | 한국
,,20183261,제9회 대구사회복지영화제 – 버차이나 모놀로그+우리가 여기에 있다,,2018,,,중국,옴니버스,다큐멘터리,,88분 0초,,Y,필수:회복,옴니버스 | 일반영화 | 다큐멘터리 | 88분 0초 | 중국
,,20183262,제9회 대구사회복지영화제 – 복지와 정치 : 소수자들의 정치학 단편모음,,2018,,,기타,옴니버스,다큐멘터리,,73분 0초,,Y,필수:회복,옴니버스 | 일반영화 | 다큐멘터리 | 73분 0초 | 기타
,,20183242,제9회 대구사회복지영화제 – 소나기+볼링블링,,2018,,,한국,옴니버스,다큐멘터리,,58분 0초,,Y,필수:회복,옴니버스 | 일반영화 | 다큐멘터리 | 58분 0초 | 한국
,,20183263,제9회 대구사회복지영화제 – 투 러시아 위드 러브+급진예술과 행동강령,,2018,,,기타,옴니버스,다큐멘터리,,96분 0초,,Y,필수:회복,옴니버스 | 일반영화 | 다큐멘터리 | 96분 0초 | 기타
,,20183248,제9회 대구사회복지영화제 – 환경과 복지: 충돌하는 세계 단편모음,,2018,,,기타,옴니버스,다큐멘터리,,83분 0초,,Y,필수:회복,옴니버스 | 일반영화 | 다큐멘터리 | 83분 0초 | 기타
,,20248487,제자 아버님의 딱딱해진 필기도구,,2023,,,일본,장편,성인물(에로),청소년관람불가,63분 54초,,Y,키워드:기도,장편 | 일반영화 | 성인물(에로) | 63분 54초 | 청소년관람불가 | 일본
,,20242312,제자 아버님의 딱딱해진 필기도구 무삭제판,,,,,일본,장편,성인물(에로),청소년관람불가,84분 52초,,Y,키워드:기도,장편 | 일반영화 | 성인물(에로) | 84분 52초 | 청소년관람불가 | 일본
,,20051079,지저스 크라이스트 슈퍼 펀치,Jesus Christ Super Punch,2005,,,한국,단편,드라마,,20분 0초,유광준,Y,키워드:크라이스트,단편 | 일반영화 | 드라마 | 20분 0초 | 한국
,,20164704,지저스 크라이스트 슈퍼스타,Jesus Christ Superstar,1973,,,미국,장편,"드라마, 뮤지컬",,108분 0초,노만 주이슨,Y,키워드:크라이스트,"장편 | 일반영화 | 드라마, 뮤지컬 | 108분 0초 | 미국"
,,19738143,지저스 크라이스트 슈퍼스타,Jesus Christ Superstar,1973,,,미국,장편,뮤지컬,,108분 0초,노만 주이슨,Y,키워드:크라이스트,장편 | 일반영화 | 뮤지컬 | 108분 0초 | 미국
,,20245074,천국,Heaven,2020,,,이란,단편,애니메이션,,7분 0초,,Y,키워드:천국,단편 | 일반영화 | 애니메이션 | 7분 0초 | 이란
,,20247134,천국,,2021,,,한국,단편,드라마,12세이상관람가,11분 20초,,Y,키워드:천국,단편 | 독립영화 | 드라마 | 11분 20초 | 12세이상관람가 | 한국
,,20252560,천국 가는 길,A Trip to Heaven,2020,,,베트남,단편,드라마,,15분 0초,,Y,키워드:천국,단편 | 일반영화 | 드라마 | 15분 0초 | 베트남
,,20240198,천국 보내주는 여사원,,2023,,,일본,장편,성인물(에로),청소년관람불가,63분 46초,,Y,키워드:천국,장편 | 일반영화 | 성인물(에로) | 63분 46초 | 청소년관람불가 | 일본
,,20139363,천국과 지옥,High and Low,1963,,,일본,장편,"스릴러, 드라마",,142분 0초,구로사와 아키라,Y,키워드:천국,"장편 | 일반영화 | 스릴러, 드라마 | 142분 0초 | 일본"
,,20124707,천국과 지옥,Between Heaven And Hell,1956,,,미국,장편,"드라마, 전쟁",,94분 0초,리차드 플레이셔,Y,키워드:천국,"장편 | 일반영화 | 드라마, 전쟁 | 94분 0초 | 미국"
,,20264249,천국아이들의 하모니,The Harmony of Children of Heaven,2026,,,한국,장편,드라마,전체관람가,87분 0초,조동관,Y,키워드:천국,장편 | 일반영화 | 드라마 | 87분 0초 | 전체관람가 | 한국
,,20253641,천국에 던지는 질문들,Questions to Heaven,2023,,,중국,단편,드라마,,14분 58초,,Y,키워드:천국,단편 | 일반영화 | 드라마 | 14분 58초 | 중국
,,20138807,천국에서의 5분간,Five Minutes of Heaven,2009,,,영국(1),장편,"범죄, 스릴러",,85분 0초,올리버 히르비겔,Y,키워드:천국,"장편 | 일반영화 | 범죄, 스릴러 | 85분 0초 | 영국, 아일랜드"
,,20190205,천국은 아직 멀어,Heaven is Still Far Away,2016,,,일본,단편,드라마,,38분 0초,하마구치 류스케,Y,키워드:천국,단편 | 일반영화 | 드라마 | 38분 0초 | 일본
,,20253662,천국을 약속해,I Promise You Paradise,2023,,,이집트(2),단편,드라마,,24분 59초,,Y,키워드:천국,"단편 | 일반영화 | 드라마 | 24분 59초 | 이집트, 프랑스, 카타르"
,,20203061,천국의 문,Heaven's Door,2020,,,한국,단편,기타,,30분 0초,김규태,Y,키워드:천국,단편 | 일반영화 | 기타 | 30분 0초 | 한국
,,19808231,천국의 문,Heaven's Gate,1980,,,미국,장편,기타,,216분 0초,마이클 치미노,Y,키워드:천국,장편 | 일반영화 | 기타 | 216분 0초 | 미국
,,20147795,천국의 열쇠,The Keys Of The Kingdom,1944,,,미국,장편,드라마,,137분 0초,존 M. 스탈,Y,키워드:천국,장편 | 예술영화 | 드라마 | 137분 0초 | 미국
,,20255947,천국의 옆 마을,The Village Next To Paradise,2024,,,오스트리아 (3),장편,드라마,,133분 0초,,Y,키워드:천국,"장편 | 일반영화 | 드라마 | 133분 0초 | 오스트리아 , 프랑스, 독일, 기타"
,,20241882,천국의 초원에서,Am Himmel,2018,,,오스트리아,단편,드라마,,29분 51초,,Y,키워드:천국,단편 | 일반영화 | 드라마 | 29분 51초 | 오스트리아
,,19991211,천국의 향기,The Color Of Paradise,1999,,,이란,장편,드라마,전체관람가,90분 0초,마지드 마지디,Y,키워드:천국,장편 | 일반영화 | 드라마 | 90분 0초 | 전체관람가 | 이란
,,20263783,천국이라 불리는 곳,A Place Called Paradise,2025,,,남아프리카공화국,단편,다큐멘터리,,16분 0초,,Y,키워드:천국,단편 | 일반영화 | 다큐멘터리 | 16분 0초 | 남아프리카공화국
,,20263785,"천국이라 불리는 곳+아미고, 더 그리오","A Place Called Paradise+Amigo, The Griot",2026,,,남아프리카공화국,옴니버스,다큐멘터리,,,,Y,키워드:천국,옴니버스 | 일반영화 | 다큐멘터리 | 남아프리카공화국
,,20251789,첫 번째 기도,The First Prayer,2023,,,한국,단편,드라마,,10분 45초,,Y,키워드:기도,단편 | 일반영화 | 드라마 | 10분 45초 | 한국
,,20250827,친절한 가사도우미 : 원하시는거 다 해드려요,,2025,,,일본,장편,멜로/로맨스,청소년관람불가,61분 25초,,Y,키워드:사도,장편 | 일반영화 | 멜로/로맨스 | 61분 25초 | 청소년관람불가 | 일본
,,20256716,카노아: 부끄러운 기억,Canoa: A Shameful Memory,1976,,,멕시코,장편,"어드벤처, 범죄, 드라마, 스릴러",,115분 0초,,Y,필수:노아; 키워드:노아,"장편 | 일반영화 | 어드벤처, 범죄, 드라마, 스릴러 | 115분 0초 | 멕시코"
,,20070330,카로와 하나님,Karo and God Himself,,,,오스트리아,장편,드라마,,94분 0초,,Y,키워드:하나님,장편 | 일반영화 | 드라마 | 94분 0초 | 오스트리아
,,20246210,카메라에서 천국까지,FROM CAMERA TO HEAVEN,2022,,,한국,단편,"코미디, 판타지",,5분 7초,허장,Y,키워드:천국,"단편 | 일반영화 | 코미디, 판타지 | 5분 7초 | 한국"
,,20265526,"카불, 구원의 기도","Kabul, Between Prayers",2025,,,네덜란드(1),장편,다큐멘터리,,102분 0초,,Y,키워드:기도,"장편 | 일반영화 | 다큐멘터리 | 102분 0초 | 네덜란드, 벨기에"
,,20248755,칼 드레이어 단편선,,2024,,,덴마크,옴니버스,기타,,,칼 테오도르 드레이어,Y,키워드:교회,옴니버스 | 일반영화 | 기타 | 덴마크
,,20155172,퀴스터스 부인의 천국 여행,Mother Kusters Goes to Heaven,1975,,,서독,장편,드라마,,120분 0초,라이너 베르너 파스빈더,Y,키워드:천국,장편 | 일반영화 | 드라마 | 120분 0초 | | 서독
,,20178667,크라이스트,,2016,,,한국,단편,드라마,15세이상관람가,10분 9초,박재우,Y,키워드:크라이스트,단편 | 예술영화 | 드라마 | 10분 9초 | 15세이상관람가 | 한국
,,20159252,크랭스,Cranks,2015,,,한국(1),단편,다큐멘터리,,8분 0초,"정교민 , 톰 위첼로우",Y,필수:회복,"단편 | 일반영화 | 다큐멘터리 | 8분 0초 | 한국, 영국"
,,19958861,태평천국,Buddha Bless America,1995,,,대만,장편,"코미디, 드라마",,109분 0초,오념진,Y,키워드:천국,"장편 | 일반영화 | 코미디, 드라마 | 109분 0초 | 대만"
,,20098613,토끼와 십자가,Peter Rabbit and the Crucifix,,,,,단편,,,13분 0초,,Y,키워드:십자가,단편 | 일반영화 | 13분 0초 |
,,20162067,"파고르 사람들, 브란트 사람들",Les Fagor et les Brandt,2007,,,프랑스,장편,다큐멘터리,,52분 0초,"앤 아르구스 , 위그 페레",Y,필수:회복,장편 | 일반영화 | 다큐멘터리 | 52분 0초 | 프랑스
,,20204265,패션 오브 크라이스트 브릭무비,The Passion: A Brickfilm,2018,,,미국,단편,애니메이션,,30분 26초,,Y,필수:패션 오브 크라이스트; 키워드:크라이스트,단편 | 일반영화 | 애니메이션 | 30분 26초 | 미국
,,20195728,포트레스 오브 사일런스,The Fortress of Silence,2015,,,콜롬비아,단편,드라마,,17분 0초,,Y,필수:사일런스,단편 | 일반영화 | 드라마 | 17분 0초 | 콜롬비아
,,20218796,하나님 나의 아버지,Epiphany,2019,,,미국,장편,"드라마, 가족",,85분 19초,,Y,키워드:하나님,"장편 | 일반영화 | 드라마, 가족 | 85분 19초 | 미국"
,,20197420,하나님 앱,The God-App,2017,,,독일,단편,기타,,4분 58초,,Y,키워드:하나님,단편 | 일반영화 | 기타 | 4분 58초 | 독일
,,20190351,하나님과의 인터뷰,An Interview with God,2018,,,미국,장편,"드라마, 미스터리",전체관람가,96분 46초,페리 랑,Y,키워드:하나님,"장편 | 예술영화 | 드라마, 미스터리 | 96분 46초 | 전체관람가 | 미국"
,,20203503,하나님의 리스트,The List,2015,,,미국,장편,드라마,,114분 40초,,Y,키워드:하나님,장편 | 일반영화 | 드라마 | 114분 40초 | 미국
,,20137809,한 번 뿐인 내 인생,Zindagi Na Milegi Dobara,2011,,,인도,장편,드라마,,155분 0초,조야 악타르,Y,키워드:기도,장편 | 예술영화 | 드라마 | 155분 0초 | | 인도
,,20240375,회복,Resilience,2023,,,한국(1),단편,애니메이션,,2분 32초,,Y,필수:회복,"단편 | 일반영화 | 애니메이션 | 2분 32초 | 한국, 미국"
,,20038196,회복 가능성,The Odds Of Recovery,2003,,,미국,장편,다큐멘터리,,65분 0초,수 프리드리히,Y,필수:회복,장편 | 일반영화 | 다큐멘터리 | 65분 0초 | 미국
,,20068744,흑인예수,ColoroftheCross,2006,,,,단편,,,0분 0초,,Y,키워드:예수,단편 | 일반영화 | 0분 0초 |
