영화명,개봉일,누적관객수,누적매출액,스크린수,상영횟수,관측월
스즈메의 문단속,2023-03-08,5593118,57338491841,1,8,2026-04
비긴 어게인,2014-08-13,3751537,30020621271,65,601,2026-07
그대들은 어떻게 살 것인가,2023-10-25,2015965,19608939412,28,148,2024-03
"색, 계",2007-11-08,1936077,12763760300,1,1,2025-03
위플래쉬,2015-03-12,1731938,14033758925,3,8,2025-06
라이프 오브 파이,2013-01-01,1656537,16491219970,30,172,2026-04
"오늘 밤, 세계에서 이 사랑이 사라진다 해도",2022-11-30,1271951,12814875259,1,7,2026-04
백룸,2026-05-27,1213349,12962922830,262,3398,2026-07
미나리,2021-03-03,1135436,10220556650,1,2,2026-05
노트북,2004-11-26,851771,6638027790,86,1230,2026-06
그랜드 부다페스트 호텔,2014-03-20,845316,6639778922,2,6,2026-05
싱 스트리트,2016-05-19,616207,4990200472,30,306,2026-07
이터널 선샤인,2005-11-10,599284,4757530492,8,34,2026-03
괴물,2023-11-29,571201,5633646787,1,1,2026-07
남은 인생 10년,2023-05-24,562828,5721326408,1,4,2024-07
서브스턴스,2024-12-11,561934,5481959540,1,4,2026-07
너의 췌장을 먹고 싶어,2017-10-25,507643,4053421170,1,2,2025-08
판의 미로 - 오필리아와 세 개의 열쇠,2006-11-30,493810,2975183548,1,1,2025-11
8번 출구,2025-10-22,450206,4402823930,5,8,2026-02
그린 북,2019-01-09,448017,3731913760,1,6,2025-12
러빙 빈센트,2017-11-09,433007,3469568071,1,1,2026-02
나의 소녀시대,2016-05-12,424500,3440462850,1,7,2024-12
여름날 우리,2021-08-25,424142,4085427715,1,2,2026-07
미드나잇 인 파리,2012-07-05,404845,3041688977,1,1,2025-08
에브리씽 에브리웨어 올 앳 원스,2022-10-12,397531,4218145249,1,4,2026-02
그녀,2014-05-22,378664,3090973644,1,4,2026-02
캐롤,2016-02-04,369832,3074579035,1,4,2025-12
늑대아이,2012-09-13,356979,2488461571,11,70,2026-05
내 사랑,2017-07-12,338800,2480014925,1,3,2025-10
콘클라베,2025-03-05,334972,3194605300,1,8,2026-01
500일의 썸머,2010-01-21,322718,2605426100,1,12,2025-09
소년시절의 너,2020-07-09,292798,2704847980,1,4,2024-12
원스,2007-09-20,286023,2025996820,7,20,2024-12
원더,2017-12-27,279055,2132930329,1,2,2026-05
러브레터,1999-11-20,259753,2275378087,1,12,2026-01
콜 미 바이 유어 네임,2018-03-22,256473,2221543868,1,8,2026-06
폭풍우 치는 밤에,2006-02-09,254452,1465168200,1,3,2024-12
딥,2017-10-03,230068,1772272000,1,1,2026-03
12 솔져스,2018-01-31,224299,1836888400,1,3,2026-06
비포 미드나잇,2013-05-22,221514,1644365285,1,1,2025-02
국보,2025-11-19,221160,2151220110,1,4,2026-07
브로크백 마운틴,2006-03-01,220065,1458864300,1,2,2024-05
존 오브 인터레스트,2024-06-05,207833,2056468040,1,7,2026-07
모노노케 히메,2003-04-25,204707,2482893910,1,1,2026-07
보이후드,2014-10-23,193879,1492824218,1,8,2026-07
"지금, 만나러 갑니다",2005-03-25,187325,1210858900,2,6,2025-12
예수는 역사다,2017-07-13,186870,1365010392,1,5,2026-04
톡 투 미,2023-11-01,186760,1762336871,19,99,2024-09
로마 위드 러브,2013-04-18,185322,1354338437,1,1,2025-05
밤쉘: 세상을 바꾼 폭탄선언,2020-07-08,182666,1549800340,1,2,2024-01
플로우,2025-03-19,181275,1729225550,1,2,2026-05
문라이트,2017-02-22,180981,1431116475,1,1,2025-09
허트 로커,2010-04-22,177893,1337462030,1,2,2025-07
어느 가족,2018-07-26,176630,1460480201,1,2,2026-05
말할 수 없는 비밀,2008-01-10,172661,1213457550,19,136,2025-02
패왕별희 디 오리지널,2017-03-30,170788,1599767158,2,14,2026-05
마담 프루스트의 비밀정원,2014-07-24,170216,1348224613,1,2,2026-04
인생은 아름다워,1999-03-06,165235,1196209000,1,2,2026-05
타오르는 여인의 초상,2020-01-16,163921,1381638336,1,2,2026-05
다윗,2026-07-10,163012,1609850770,669,8367,2026-07
가여운 것들,2024-03-06,156159,1561873065,1,18,2024-06
아메리칸 셰프,2015-01-07,156019,1271390429,1,2,2026-06
해피엔드,2025-04-30,152065,1522708770,42,493,2026-07
가버나움,2019-01-24,148556,1225668519,1,1,2026-05
비포 선셋,2004-10-22,143101,1024454092,1,1,2025-02
퍼펙트 데이즈,2024-07-03,142633,1344642331,1,1,2026-07
로빈슨 크루소,2016-09-07,142021,1091542350,2,5,2026-06
블루 자이언트,2023-10-18,137221,1342778658,1,2,2026-06
썸머 워즈,2009-08-13,136266,970132570,11,33,2024-12
화양연화,2000-10-20,135562,1221082018,1,1,2025-11
심야식당,2015-06-18,132870,1049818974,1,1,2024-06
마녀배달부 키키,2007-11-22,132788,1311195234,1,1,2026-07
애니멀 크래커,2020-08-05,129701,1028925740,1,1,2026-02
2046,2004-10-15,129445,856473288,12,53,2024-12
그렇게 아버지가 된다,2013-12-19,128973,983026062,1,4,2025-05
헤이트풀8,2016-01-07,125249,1032715100,1,1,2026-01
중경삼림,1995-09-02,123487,1162331269,1,1,2026-06
몬스터 패밀리 2,2023-08-02,119568,996981533,1,3,2024-02
마티 슈프림,2026-07-01,117964,1271517630,738,10730,2026-07
라 비 앙 로즈,2007-11-21,117904,784362995,1,3,2026-07
시빌 워: 분열의 시대,2024-12-31,113869,1166047390,2,2,2026-06
청춘 18X2 너에게로 이어지는 길,2024-05-22,112257,1076988964,1,2,2025-08
시간을 달리는 소녀,2007-06-14,111248,783681950,27,78,2024-12
플로리다 프로젝트,2018-03-07,110835,931557400,1,1,2026-05
당갈,2018-04-25,109980,909633500,1,2,2024-11
천공의 성 라퓨타,2004-04-30,109730,1014551980,5,22,2026-03
마지막 4중주,2013-07-25,109168,819024100,1,2,2025-11
인사이드 르윈,2014-01-29,107276,830198700,1,3,2025-06
비포 선라이즈,1996-03-30,107130,971717606,28,227,2026-07
아기상어 극장판: 사이렌 스톤의 비밀,2024-02-07,106411,939695914,2,4,2026-04
렛 미 인,2008-11-13,106018,733913370,1,2,2025-03
바닷마을 다이어리,2015-12-17,105374,865248284,1,1,2026-07
추락의 해부,2024-01-31,105134,1031436703,1,6,2026-06
일대종사,2013-08-22,102412,741457500,1,1,2026-04
"나, 다니엘 블레이크",2016-12-08,102392,775704660,1,1,2026-06
악마와의 토크쇼,2024-05-08,101253,983551800,1,4,2026-07
스노우 폭스: 썰매개가 될 거야!,2023-11-23,98023,779284216,1,1,2025-11
레이니 데이 인 뉴욕,2020-05-06,96319,849185364,1,2,2026-01
브루탈리스트,2025-02-12,95900,959223020,1,1,2026-04
본 투 비 블루,2016-06-09,95399,778447624,1,3,2025-01
너바나 더 밴드 : 전설적 밴드 ‘너바나’와는 별 관련 없는 ‘너바나 더 밴드’의 콤비 맷과 제이. 어느 날 공연을 위해 타임머신을 만드는 황당한 작전을 세우고 처음 만났던 17년 전으로 돌,2026-05-20,93914,1005675550,31,411,2026-07
태풍이 지나가고,2016-07-27,93876,779897972,1,2,2025-05
초속 5센티미터,2026-02-25,93404,892277200,1,1,2026-06
고독한 미식가 더 무비,2025-03-19,93319,861605300,5,6,2025-09
오베라는 남자,2016-05-25,92905,741754388,1,1,2025-06
"여름을 향한 터널, 이별의 출구",2023-09-14,92552,943648858,1,5,2025-03
시네마 천국,1990-07-07,92079,675751200,1,4,2026-02
미드소마,2019-07-11,91503,833290252,1,3,2026-07
드라이브 마이 카,2021-12-23,90198,852093316,1,1,2026-07
유스,2016-01-07,87312,679408100,1,3,2024-01
죽은 시인의 사회,1990-05-19,86677,704586680,62,1518,2025-02
그을린 사랑,2011-07-21,85231,688343960,1,2,2025-11
바다 탐험대 옥토넛 어보브 앤 비욘드 : 육지 넘어 하늘까지!,2023-08-10,84164,732820250,2,3,2024-01
언어의 정원,2013-08-14,84078,574785823,2,18,2026-03
프란시스 하,2014-07-17,84010,657936160,1,1,2025-08
와일드,2015-01-22,83932,669563800,1,4,2024-11
스펜서,2022-03-16,83239,783637830,1,12,2025-04
코다,2021-08-31,82565,739182749,1,1,2026-04
아무르,2012-12-19,82044,628529000,1,2,2025-11
원 챈스,2014-03-13,81426,596430060,1,2,2024-05
아르고 원정대: 꼬마 영웅 패티의 대모험,2023-09-21,79726,722954236,1,1,2025-06
센티멘탈 밸류,2026-02-18,79202,778279040,1,5,2026-07
아노라,2024-11-06,79017,781196620,1,1,2025-06
"조제, 호랑이 그리고 물고기들",2004-10-29,77483,535896236,1,2,2026-05
상자 속의 양,2026-06-10,74878,684846880,27,233,2026-07
나우이즈굿,2012-11-08,73824,507128400,24,150,2024-12
치킨래빗: 잃어버린 보물을 찾아서,2023-03-18,73427,658252000,1,3,2024-02
시라트,2026-01-21,72363,712318730,1,4,2026-07
로봇 드림,2024-03-13,71108,693711997,3,15,2026-06
달라스 바이어스 클럽,2014-03-06,71015,535178462,1,2,2024-11
인생 후르츠,2018-12-06,70665,545552530,1,1,2025-05
패터슨,2017-12-21,70250,580453708,1,2,2026-05
크레센도,2023-12-20,70215,719122800,1,1,2025-11
애프터썬,2023-02-01,70113,682109151,1,10,2026-07
레옹,1995-02-18,69828,523736158,1,1,2024-08
노팅 힐,1999-07-03,69143,566432582,1,2,2026-02
보 이즈 어프레이드,2023-07-05,68793,685599130,1,6,2024-08
쇼생크 탈출,1995-02-04,68779,622698686,12,63,2026-04
"바다 탐험대 옥토넛 어보브 앤 비욘드: 버드, 옥토경보를 울려라!",2023-12-27,67753,548862660,1,6,2024-07
여행과 나날,2025-12-10,66520,635049141,1,2,2026-07
바람계곡의 나우시카,2000-12-30,65256,638536020,11,118,2026-02
"그 시절, 우리가 좋아했던 소녀",2012-08-22,64409,463103690,1,2,2024-12
극장판 바이올렛 에버가든,2020-11-12,64304,549414550,20,138,2024-08
마미,2014-12-18,63006,505584244,1,1,2026-05
타인의 삶,2007-03-22,62521,449804900,1,1,2026-07
이처럼 사소한 것들,2024-12-11,61405,580838760,4,8,2025-12
굿 윌 헌팅,1998-03-21,61163,504742000,90,1488,2026-03
10 라이브즈,2024-08-15,60606,441732800,1,1,2025-12
"가장 따뜻한 색, 블루",2014-01-16,60368,476081817,2,13,2024-08
해피 투게더,1998-08-22,60014,558894426,1,1,2026-05
아이 엠 러브,2011-01-20,59933,480407006,1,5,2025-08
이빨요정 비올레타: 요정나라로 돌아갈래!,2023-11-18,59654,493480400,1,5,2024-02
수면의 과학,2006-12-21,59202,420149200,1,10,2026-05
불의 전차,2016-06-16,59142,401511670,1,2,2024-07
슬픔의 삼각형,2023-05-17,58673,570845421,1,2,2026-04
훌라 걸스,2007-03-01,58219,402252460,37,415,2026-07
류이치 사카모토: 오퍼스,2023-12-27,57205,545778542,1,1,2026-04
더 웨일,2023-03-01,56647,557018366,1,4,2026-03
애스터로이드 시티,2023-06-28,56455,557843047,1,6,2024-04
대부,1973-09-01,56003,475685000,1,2,2025-12
꽃다발 같은 사랑을 했다,2021-07-14,55968,510431436,1,5,2026-03
벤허,1972-09-07,55752,316391312,1,2,2026-02
피아니스트의 전설,2020-01-01,55142,444594893,1,5,2026-02
초속5센티미터,2007-06-21,54057,348042299,12,137,2026-02
엔니오: 더 마에스트로,2023-07-05,54043,507757857,1,4,2025-12
매혹당한 사람들,2017-09-06,54041,412885500,1,1,2026-04
마야 3: 숲속 왕국의 위기,2023-08-24,53448,425588000,1,1,2025-07
어글리 돌,2019-05-01,52627,382777370,1,1,2026-06
화양연화 특별판,2025-12-31,52606,527503522,1,2,2026-07
정글번치: 월드투어,2024-01-31,52193,431379500,193,3443,2024-02
세상을 바꾼 변호인,2019-06-13,52075,407267170,1,1,2024-08
사랑할 땐 누구나 최악이 된다,2022-08-25,51426,520216967,1,4,2026-06
마브카 : 숲의 노래,2023-10-18,51220,432749154,2,2,2024-05
브루클린,2016-04-21,51106,412985600,1,1,2026-03
오지: 사라진 숲을 찾아서,2024-09-13,50986,396502975,1,1,2024-11
거울 속 외딴 성,2023-04-12,50772,489227269,1,1,2024-03
투게더,2025-09-03,50176,416224000,9,50,2025-10
헤드윅,2002-08-09,49999,398465965,1,2,2024-10
어네스트와 셀레스틴,2014-02-20,49823,335283100,1,1,2026-03
더 파더,2021-04-07,48688,408847000,1,1,2024-11
스즈메의 문단속: 다녀왔어,2024-01-10,48577,479767900,1,2,2024-06
매기스 플랜,2017-01-25,47862,383713800,1,4,2024-08
"스탠바이, 웬디",2018-05-30,47506,375385580,1,1,2024-05
타샤 튜더,2018-09-13,47290,375008250,1,4,2026-03
악은 존재하지 않는다,2024-03-27,47163,462380650,1,3,2025-09
무드 인디고,2014-12-11,47139,379171230,1,1,2024-12
프렌치 수프,2024-06-19,46965,436751495,1,2,2026-07
애프터 양,2022-06-01,46944,456442300,2,20,2026-05
심야식당 2,2017-06-08,46755,367038900,1,1,2025-06
도그맨,2024-01-24,46705,435005149,3,11,2024-03
로마의 휴일,2025-08-20,46620,307243900,50,462,2026-04
매트릭스,1999-05-15,46568,429550240,2,11,2025-01
파비안느에 관한 진실,2019-12-05,45495,303343700,1,3,2025-05
진짜로 일어날지도 몰라 기적,2011-12-22,45312,350991900,1,1,2025-10
신 에반게리온 극장판,2022-10-05,45216,510431497,1,22,2026-06
아일라,2018-06-21,45081,341143900,1,2,2026-07
꼬마 판다 팡의 아프리카 대모험,2025-01-22,44979,359615000,1,1,2026-04
걸어도 걸어도,2009-06-18,44611,348002600,1,5,2026-06
그저 사고였을 뿐,2025-10-01,44558,430074610,1,2,2026-05
롱레그스,2024-10-30,44495,395409400,4,9,2024-12
몽상가들,2005-03-25,43532,304945704,1,1,2026-07
내일을 위한 시간,2015-01-01,42966,344491900,1,1,2026-03
아네트,2021-10-27,42824,365217230,9,63,2024-11
이별의 아침에 약속의 꽃을 장식하자,2018-07-19,42578,349103200,1,1,2025-11
페라리,2025-01-08,42298,407348520,1,10,2025-04
더 와이프,2019-02-27,41653,320925451,1,2,2024-01
아무도 모른다,2005-04-01,41067,277451200,1,2,2026-06
톰과 제리: 황금나침반 대소동,2026-01-01,40908,347484520,7,20,2026-02
러브액츄얼리: 크리스마스 에디션,2013-12-18,40275,310479397,1,3,2024-01
하나 그리고 둘,2000-10-28,39930,398921795,1,1,2026-07
이사,2025-07-23,39779,397602000,1,3,2026-07
꼬마참새 리차드: 신비한 보석 탐험대,2024-05-01,39016,300877200,4,22,2024-07
"고흐, 영원의 문에서",2019-12-26,38854,316382730,1,1,2025-05
마스터,2013-07-11,38656,300579300,2,38,2026-05
티파니에서 아침을,,38298,220214800,54,591,2026-04
파더 마더 시스터 브라더,2025-12-31,37981,348605560,1,1,2026-06
대부 2,1978-04-20,37931,296950900,1,1,2025-12
스탑 메이킹 센스,2025-08-13,37571,436647381,1,3,2026-02
"미안해요, 리키",2019-12-19,37423,296779980,1,1,2025-12
덤 머니,2024-01-17,37262,346814109,2,7,2024-03
린다 린다 린다,2006-04-13,37217,363462900,1,2,2026-06
페니키안 스킴,2025-05-28,37172,350365850,1,2,2026-03
오직 사랑하는 이들만이 살아남는다,2014-01-09,37108,283522343,1,2,2026-01
더 헌트,2013-01-24,37076,279557300,1,1,2025-12
어나더 라운드,2022-01-19,37017,343140354,1,6,2026-04
반교: 디텐션,2020-08-13,36503,326978250,1,1,2025-07
탑건,1987-12-19,35924,344556170,123,1045,2026-05
우리의 20세기,2017-09-27,35854,292536100,1,2,2024-01
세 번째 살인,2017-12-14,35631,290738500,1,3,2025-05
아비정전,1990-12-22,35616,272112660,2,17,2026-04
사랑도 통역이 되나요?,2004-02-20,35477,238606000,1,9,2026-03
엘르,2017-06-15,35461,279712100,1,1,2024-11
혐오스런 마츠코의 일생,2007-04-12,35369,278484000,10,45,2025-09
펭귄 하이웨이,2018-10-18,34932,278016909,3,24,2024-05
위 리브 인 타임,2026-04-08,34766,267302350,1,2,2026-06
썸머 필름을 타고!,2022-07-20,34704,329637026,1,2,2026-07
난징사진관,2025-11-05,34703,315045380,4,21,2025-12
멜랑콜리아,2012-05-17,34330,299006283,1,3,2026-02
슈퍼소닉,2016-11-24,34079,331701208,1,4,2025-12
다가오는 것들,2016-09-29,33889,271411234,1,1,2025-04
큐어,2022-07-06,33686,351423342,13,82,2026-07
메이 디셈버,2024-03-13,33620,310032799,1,2,2024-12
톰보이,2020-05-14,33508,302518180,1,10,2026-05
서스페리아,2019-05-16,33135,303331265,1,1,2025-04
에밀리아 페레즈,2025-03-12,33103,267151700,1,1,2025-12
태양 아래,2016-04-27,33049,206741400,1,1,2024-05
바람과 함께 사라지다,1972-12-23,32479,118547410,1,6,2026-07
러스트 앤 본,2013-05-02,32413,245457900,1,1,2025-04
바르다가 사랑한 얼굴들,2018-06-14,31878,257389534,1,6,2026-05
어글리 시스터,2025-08-20,31866,310562900,7,46,2026-02
분노,2017-03-30,31817,258860662,15,201,2026-04
굿모닝 맨하탄,2014-02-06,31655,227400800,1,2,2025-11
바튼 아카데미,2024-02-21,31621,297503999,1,1,2026-06
드림 시나리오,2024-05-29,31539,258888629,5,39,2024-07
빌리 엘리어트,2001-02-16,31295,225358700,1,2,2025-10
서칭 포 슈가맨,2012-10-11,31253,228230317,1,1,2026-04
피나,2012-08-30,31242,510846800,1,2,2026-07
팬텀 스레드,2018-03-08,31201,259136301,2,47,2026-05
언더더씨: 마법 산호초를 찾아서,2024-06-27,30960,236804755,1,1,2025-04
멀홀랜드 드라이브,2001-11-30,30839,281274482,4,11,2026-02
데드데드 데몬즈 디디디디 디스트럭션: 파트1,2025-01-08,30801,259858020,1,9,2026-07
폭탄,2026-03-18,30798,241480450,5,5,2026-05
페인 앤 글로리,2020-02-05,30738,236670420,1,2,2026-04
러브 라이즈 블리딩,2024-07-10,30616,242722950,1,9,2025-04
베러맨,2025-04-09,30612,240127300,1,9,2025-06
루비 스팍스,2018-05-10,30092,265591900,1,3,2024-04
그린 나이트,2021-08-05,29762,276839680,3,19,2024-08
자전거 탄 소년,2012-01-19,29712,239468000,1,2,2025-07
퍼펙트 블루,2004-05-26,29639,344215080,1,4,2025-12
이노센스,2004-10-08,29605,204477100,58,525,2025-11
몬테크리스토 백작,2026-02-13,29566,248438160,1,2,2026-05
예언자,2010-03-11,29193,233096700,3,19,2025-05
부에나 비스타 소셜 클럽,2001-03-01,29150,231495051,1,2,2026-07
퀴어,2025-06-20,29104,279192200,1,1,2025-12
스왈로우테일 버터플라이,2005-06-23,28769,261357560,4,35,2025-09
아키라,2017-08-31,28680,276856100,11,119,2026-02
콜드 워,2019-02-07,28455,234853773,1,6,2026-07
사운드 오브 뮤직,1978-02-04,28405,171251100,13,80,2026-03
사랑은 낙엽을 타고,2023-12-20,28339,269157881,1,2,2026-07
앙: 단팥 인생 이야기,2015-09-10,28226,224548362,1,2,2025-06
짝사랑 세계,2026-06-24,27836,232919130,115,1519,2026-07
척의 일생,2025-12-24,27793,268950730,1,1,2026-04
포레스트 검프,1994-10-15,27651,213198419,98,1413,2024-12
아임 낫 데어,2008-05-29,27256,186944800,1,2,2025-09
귀향,2006-09-21,27110,186551900,1,4,2026-07
리빙: 어떤 인생,2023-12-13,27056,247920918,1,1,2025-12
재키,2017-01-25,26960,211608743,1,12,2025-04
우연과 상상,2022-05-04,26835,264075440,1,2,2025-08
나의 올드 오크,2024-01-17,26446,242020906,1,1,2026-05
리틀 엠마,2024-10-25,26297,189395100,2,7,2024-12
북극백화점의 안내원,2024-06-19,25928,225470800,1,1,2026-06
굿 포츈,2026-01-07,25871,227897170,1,1,2026-02
노스페라투,2025-01-15,25830,263917500,8,27,2025-03
릴리 슈슈의 모든 것,2005-06-23,25674,220302336,1,2,2025-12
언노운 걸,2017-05-03,25577,205065900,1,1,2025-08
호밀밭의 반항아,2018-10-18,25541,206203157,15,43,2024-09
르누아르,2026-04-22,25468,188773340,1,6,2026-07
석류의 빛깔,2025-11-26,25334,255924800,1,10,2026-05
원더풀 라이프,2001-12-09,25284,213422600,1,7,2026-06
마리아,2025-04-16,25082,225762160,1,7,2025-08
물랑루즈,2001-10-26,25028,173333855,22,283,2026-02
포풍추영,2025-09-20,24921,282691000,2,18,2025-12
라이스보이 슬립스,2023-04-19,24901,220205622,1,1,2024-07
바그다드 카페 : 디렉터스컷,2016-07-14,24604,177972309,1,2,2025-08
행복한 라짜로,2019-06-20,24451,206767440,1,1,2026-05
청설,2010-06-17,24442,189144600,19,123,2025-02
용감한 돌고래 벨루와 바닷속 친구들,2024-03-13,24426,179074580,1,4,2025-10
카사블랑카,1999-04-03,24216,75135952,1,3,2026-02
해피 플라이트,2009-07-16,24172,166881000,1,1,2025-10
프로메어,2022-10-20,24135,261709036,1,1,2026-07
뒷자리에 태워줘,2026-05-27,24124,221215550,7,30,2026-07
캣츠토피아,2020-04-30,24007,201279160,1,3,2025-05
홀리 모터스,2013-04-04,23778,189397300,1,1,2024-12
영웅본색,1987-05-23,23777,164377824,56,368,2024-04
레토,2019-01-03,23530,208314672,1,4,2026-07
누벨바그,2025-12-31,23477,189037750,1,8,2026-04
크리스마스에 기적을 만날 확률,2007-12-12,23272,191690060,1,4,2025-12
화이트 버드,2025-03-12,23194,172963900,1,2,2025-05
베이비걸,2025-10-29,22859,176950720,2,2,2026-01
쿼바디스,1973-01-13,22824,41820982,1,9,2026-02
태풍 클럽,2024-06-26,22793,230987941,1,1,2026-03
철벽선생,2019-03-14,22788,189117100,3,12,2024-03
미세리코르디아,2025-07-16,22766,225239950,4,17,2026-01
십계,1973-06-16,22528,45162072,1,4,2025-12
연소일기,2024-11-13,22490,197373720,2,10,2025-01
카메라를 멈추면 안 돼!,2018-08-23,22465,204731766,1,1,2025-12
꼬마돼지 베이브와 타피티,2025-11-13,22441,180779700,6,21,2025-12
휘트니,2018-08-23,22115,176297027,1,1,2024-12
나쁜 교육,2004-09-17,22018,146499600,1,3,2026-07
무간도,2003-02-21,21686,173718400,12,91,2024-12
누구를 위하여 종은 울리나,1972-03-18,21572,40502086,1,10,2026-06
리즈와 파랑새,2018-10-09,21431,176472400,1,1,2024-10
고스트캣 앙주,2025-01-22,21364,189188300,6,28,2025-03
로렌스 애니웨이,2013-12-19,21078,171852356,1,1,2026-05
다음 침공은 어디?,2016-09-08,21025,158017700,1,1,2024-01
샤인 리마스터링,1997-01-25,20960,164226541,1,2,2024-11
초원의 빛,1972-03-18,20946,42574500,1,5,2026-04
피아니스트,2003-01-01,20639,158742702,1,3,2024-08
환상의 빛,2016-07-07,20574,164868500,1,3,2026-07
미드 90,2019-09-25,20516,169421288,1,1,2024-02
칠드런 오브 맨,2016-09-22,20492,167771200,1,3,2025-08
남색대문,2021-08-18,20466,200661560,1,1,2025-10
닥터 지바고,1978-01-01,20442,66414700,1,2,2025-10
200% 울프: 최강 푸들이 될 거야!,2025-03-12,20261,151062900,1,2,2025-05
바커스: 슈퍼스타가 될 거야,2024-06-01,20194,143076100,3,17,2024-08
애수,,20169,44622000,1,6,2026-04
펫 트레인,2026-03-28,20011,151223550,2,7,2026-05
말없는 소녀,2023-05-31,19910,183796177,4,30,2025-07
비욘드 유토피아,2024-01-31,19878,188993099,1,2,2026-03
모정,1972-12-09,19654,40669000,1,6,2026-06
탐정 말로,2024-03-21,19546,142410400,40,128,2024-04
새벽의 모든,2024-09-18,19482,180713300,1,3,2026-05
퐁네프의 연인들,1992-04-18,19454,180132608,1,1,2026-05
아멜리에,2001-10-19,19386,180966650,1,1,2026-07
우리에게는 아직 내일이 있다,2026-03-04,19378,167570340,1,1,2026-07
"1초 앞, 1초 뒤",2024-06-19,19051,166231939,21,73,2024-07
보리밭을 흔드는 바람,2006-11-02,19016,139101620,1,1,2025-08
어파이어,2023-09-13,18999,189364891,1,1,2025-12
돌핀보이: 푸른 바다의 수호자,2026-06-03,18966,162538250,6,41,2026-07
사랑을 카피하다,2011-05-05,18899,145036100,1,2,2026-02
두 검사,2026-04-01,18812,174723610,12,104,2026-06
비기너스,2011-11-10,18781,149047000,1,1,2026-02
리얼 페인,2025-01-15,18658,178517080,1,1,2025-07
전쟁과 평화,1977-09-27,18631,38024774,1,4,2026-07
지상에서 영원으로,,18596,40561500,1,6,2026-07
세븐,1995-11-11,18568,177904400,24,322,2025-10
앤젤스 셰어: 천사를 위한 위스키,2013-05-16,18337,145219871,1,2,2024-01
비발디와 나,2026-04-29,18242,160258900,10,60,2026-07
이매큘레이트,2024-07-17,18142,168665912,3,18,2024-08
경계선,2019-10-24,18132,151646880,1,1,2024-06
미야자키 하야오: 자연의 영혼,2025-05-28,18061,147879500,1,1,2025-08
마음의 행로,,17818,36054500,1,4,2025-12
신과 인간,2012-01-19,17803,128262500,1,2,2024-10
사랑은 비를 타고,,17747,102964765,1,12,2024-06
삼손과 데릴라,1974-12-21,17570,32843318,1,3,2025-12
우리가 빛이라 상상하는 모든 것,2025-04-23,17561,165228200,1,3,2026-05
더 스퀘어,2018-08-02,17443,142510400,1,1,2026-06
블루 발렌타인,2012-05-31,17420,135668700,1,16,2026-04
컴온 컴온,2022-06-30,17400,159995000,1,9,2026-01
쉘부르의 우산,1992-09-26,17396,126325168,1,2,2026-05
"파리, 텍사스",1987-08-29,17344,178285900,1,4,2026-07
힌드의 목소리,2026-04-15,17331,158717380,12,76,2026-06
마더스,2024-04-03,17275,149829982,2,8,2024-05
클로즈 유어 아이즈,2024-11-06,17211,166756760,1,1,2026-04
아르코,2026-03-11,16970,149109760,2,4,2026-05
사마에게,2020-01-23,16966,136407472,1,1,2026-04
키리에의 노래,2023-11-01,16928,152126143,3,13,2024-09
대장 부리바,1973-06-29,16827,34996500,1,16,2026-04
여름정원,2025-08-06,16760,157921160,1,1,2026-05
빌리와 용감한 타이거 킹,2025-09-11,16628,145294720,2,3,2025-11
극장판 츠루네: 시작의 한 발,2024-02-21,16531,150253101,1,2,2024-04
비거 스플래쉬,2016-08-03,16525,131213853,11,95,2024-05
와일드 로즈,2019-10-17,16468,124320040,1,1,2026-05
캡틴 판타스틱,2016-11-30,16391,126039700,1,1,2024-05
9월이 오면,,16376,33367000,1,6,2026-05
아사코,2019-03-14,16330,140393619,1,2,2024-05
희생,1995-05-25,16297,166235676,1,12,2026-02
너는 달밤에 빛나고,2020-06-10,16212,137532500,1,2,2024-07
류이치 사카모토: 코다,2018-06-14,16111,140792410,1,1,2026-07
치코와 리타,2012-01-05,16092,128383600,1,2,2025-02
나바론 요새,1974-07-20,16088,32388604,1,6,2026-07
퍼스트 카우,2021-11-04,15942,146048780,1,3,2026-03
한 남자,2023-08-30,15939,139270250,1,1,2024-05
자객 섭은낭,2016-02-04,15880,122950200,1,1,2024-03
파리의 딜릴리,2019-05-29,15736,133054587,1,1,2024-05
콰이강의 다리,1962-11-03,15673,31771500,1,12,2026-06
할머니가 죽기 전 백만장자가 되는 법,2024-10-09,15568,114630450,1,3,2025-08
피닉스,2021-07-22,15502,134100392,1,3,2025-12
비우티풀,2011-10-13,15464,120145600,1,1,2025-08
브로큰 임브레이스,2009-11-19,15405,118052500,1,3,2026-07
마이 선샤인,2026-01-07,15334,145946300,1,4,2026-03
콜럼버스,2018-04-19,15325,137086200,5,38,2026-07
일 포스티노,1996-03-09,15280,114310100,1,1,2026-04
셰인,,15268,32209000,1,4,2026-05
류이치 사카모토: 다이어리,2026-04-01,15268,150908000,1,2,2026-06
대지,,15215,31694000,1,12,2026-05
토니 에드만,2017-03-16,15204,122603300,1,6,2026-06
유리씨즈,1975-12-27,15166,30110000,1,8,2026-05
돌아오지 않는 강,1971-04-27,15157,29327858,1,6,2026-06
리오 브라보,,15129,36756000,1,2,2026-05
사브리나,,15111,38108000,1,8,2025-11
퍼스널 쇼퍼,2017-02-09,15107,121634100,1,6,2025-07
시애틀의 잠 못이루는 밤,1993-12-18,15079,119156790,58,648,2024-12
창가의 토토,2024-05-29,15047,135026143,2,14,2024-07
다이 마이 러브,2026-03-04,14991,128942200,3,23,2026-04
무기여 잘 있거라,1974-01-01,14886,28425534,1,12,2026-03
출동! 왕엉덩이 히어로: 털복숭이 꼬리도적단 소탕작전,2025-04-12,14829,121341100,1,1,2025-10
해저 2만리,,14805,31041000,1,5,2026-02
침묵의 친구,2026-04-15,14778,153679370,11,57,2026-07
키메라,2024-04-03,14742,142738969,1,2,2026-01
사유리,2025-04-16,14736,141290100,34,239,2025-05
바이올렛 에버가든 – 영원과 자동 수기 인형 -,2020-03-26,14650,126179470,19,126,2024-08
남태평양,1971-08-07,14613,26942924,1,6,2026-07
립세의 사계,2024-01-10,14582,113266240,1,3,2024-03
플랜 75,2024-02-07,14471,131960066,1,1,2025-12
피서지에서 생긴 일,1972-08-19,14449,29050500,1,8,2025-08
그랑 메종 파리,2025-08-27,14449,109036200,1,1,2025-10
고령가 소년 살인사건,2017-11-23,14386,175695340,10,42,2025-10
렌탈 패밀리: 가족을 빌려드립니다,2026-02-25,14383,130343540,1,1,2026-05
애니멀 킹덤,2025-01-22,14330,133964100,1,1,2025-11
호두까기 인형과 마술피리,2024-10-30,14285,120485050,2,8,2024-12
태양은 가득히,1973-02-03,14242,32456500,1,6,2025-12
엘 시드,1971-09-21,14200,26134790,1,4,2026-04
해바라기,1982-11-14,14129,43738228,1,1,2025-12
쉰들러 리스트,1994-03-05,14006,99632576,43,187,2024-07
노틀담의 꼽추,1971-07-31,13984,28185000,1,6,2026-01
공기인형,2010-04-08,13971,108684640,1,1,2025-05
데드데드 데몬즈 디디디디 디스트럭션: 파트2,2025-02-05,13956,115409160,1,9,2026-07
사랑할 때와 죽을 때,,13899,28669000,1,6,2025-11
007 살인번호,,13760,28386000,1,6,2025-10
현기증,,13735,75459642,1,4,2026-06
세계를 그대 품안에,,13707,27729000,1,16,2026-04
시크릿 에이전트,2026-07-08,13633,147969370,84,810,2026-07
베네데타,2021-12-01,13612,128189800,1,2,2024-10
여덟 개의 산,2023-09-20,13598,123234728,1,1,2025-11
스코어: 영화음악의 모든 것,2017-10-19,13550,103431000,1,1,2024-03
흑기사,1973-10-24,13505,28187500,1,16,2025-12
페르세폴리스,2008-05-08,13505,95652800,1,1,2024-11
욕망이라는 이름의 전차,,13381,31368000,1,6,2026-04
오즈의 마법사,2012-05-03,13375,79009468,1,12,2024-03
황태자의 첫사랑,,13315,28571000,1,3,2025-11
어페어 투 리멤버,,13295,27811500,1,6,2026-07
커피와 담배,2006-07-27,13286,106389600,10,37,2026-01
전장의 크리스마스,2024-11-20,13242,127374732,1,1,2026-05
하얀리본,2010-07-01,13165,96969700,1,4,2026-06
매직 프린세스: 얼음 괴물과 사라진 열쇠의 비밀,2023-12-07,13125,107545357,1,1,2024-01
라라걸,2020-04-15,12851,109124460,1,1,2024-05
너의 눈을 들여다보면,2023-06-14,12841,124480505,1,2,2026-06
에덴의 동쪽,1973-02-22,12830,29458000,1,2,2026-01
올 그린스,2026-05-06,12781,116433050,1,7,2026-07
마티아스와 막심,2020-07-23,12768,114745420,1,2,2025-09
하이 눈,,12742,26844500,1,9,2026-05
슬픔은 그대 가슴에,1999-05-08,12684,25840500,1,6,2025-10
옷코는 초등학생 사장님!,2019-02-27,12674,95664780,1,1,2026-02
카라바조의 그림자,2025-01-22,12642,115090260,9,61,2025-03
아라비아의 로렌스,1998-10-24,12641,30716500,1,4,2026-07
녹야,2023-11-01,12571,99189200,1,1,2024-11
한여름밤의 재즈,2022-09-08,12554,128124289,1,1,2026-01
스틸라이프,2007-06-14,12536,83723500,1,1,2024-09
젊은이의 양지,1972-10-28,12533,26944000,1,12,2026-07
몬스터 프렌즈,2024-04-25,12519,101256715,1,1,2026-01
씨민과 나데르의 별거,2011-10-13,12511,92589400,1,4,2025-08
유레카,2026-05-27,12510,129148450,7,50,2026-07
그리드맨 유니버스,2025-05-21,12510,98942580,40,399,2025-06
베라크루스,1971-02-13,12440,25449000,1,6,2024-12
와일드라이프,2019-12-25,12431,99258120,1,3,2024-01
강변의 무코리타,2023-08-23,12378,109093426,9,61,2025-09
자이언트,1974-02-28,12353,22771212,1,2,2026-02
바이킹,,12332,25081500,1,6,2025-09
여름날의 레몬그라스,2024-11-27,12312,71507100,64,499,2024-12
인어공주: 마법물약의 비밀,2024-03-14,12265,105988262,5,18,2024-04
모감보,,12232,26754500,1,22,2026-05
라스트 레터,2021-02-24,12208,102063067,3,23,2024-08
녹색광선,,12186,117653900,1,2,2026-06
미러 넘버 3,2025-10-01,12176,115984100,1,1,2025-12
기적,1972-12-23,12160,22097558,1,3,2025-09
끝이 없는 스칼렛,2026-01-14,12111,104038200,6,18,2026-02
클로즈,2023-05-03,12091,117787037,1,3,2026-07
하늘의 푸르름을 아는 사람이여,2022-03-16,12030,107069436,1,21,2024-01
살인마 잭의 집,2019-02-21,11998,108613347,1,2,2025-09
왕중왕,,11988,24634500,1,2,2026-04
교실 안의 야크,2020-09-30,11909,100846610,1,1,2025-04
"나의 아픈, 사랑이야기",2025-08-13,11899,102330800,2,10,2025-09
겁쟁이 페달: 더 무비,2016-01-14,11897,84425712,1,1,2025-05
스파이의 아내,2021-03-25,11883,103878330,1,1,2026-03
지미스 홀,2014-10-09,11873,89423700,1,2,2024-01
사요나라,,11858,24415000,1,6,2026-06
후레루.,2025-06-25,11775,89595500,120,797,2025-07
라빠르망,1997-03-22,11770,70966500,1,5,2025-06
안경,2007-11-29,11699,84530900,9,60,2025-09
파리의 연인,,11675,28412000,1,9,2026-04
하오의 연정,,11641,23511500,1,12,2025-02
구룡성채: 무법지대,2024-10-16,11622,99918950,1,1,2025-07
퀸 락 몬트리올,2026-04-15,11617,150012340,1,2,2026-07
싸이코,,11574,75279026,1,14,2025-05
프리실라,2024-06-19,11548,103947784,2,4,2024-08
운디네,2020-12-24,11522,103373620,2,14,2025-12
폭풍의 언덕,,11467,24425500,1,5,2026-01
프로이트의 라스트 세션,2024-08-21,11375,100515238,1,2,2024-11
킬,2024-08-28,11177,80584100,1,3,2024-10
OK 목장의 결투,,11128,23983000,1,6,2025-11
징기스칸,1977-03-18,11103,23064000,1,16,2025-01
킬리만자로의 눈,,11095,23455000,1,14,2025-12
연지구 디 오리지널 4K,2026-03-25,11080,110674800,2,5,2026-05
코마다 위스키 패밀리,2024-09-05,11062,88734000,1,1,2025-07
두 여인,,11035,25706000,1,6,2026-04
애심,1973-03-10,11010,22393000,1,12,2024-07
북북서로 진로를 돌려라,,10916,51979900,1,9,2025-11
피아노,1993-09-25,10826,77191600,30,311,2026-07
너와 파도를 탈 수 있다면,2020-07-08,10820,93742417,5,22,2024-06
클리프행어 리마스터드,1993-06-12,10760,74593600,20,106,2025-07
나이아가라,,10741,22365000,1,8,2026-07
리틀 포레스트 2: 겨울과 봄,2015-05-14,10705,82550044,1,2,2026-01
영광의 탈출,,10684,17508516,1,6,2025-12
리 밀러: 카메라를 든 여자,2025-09-24,10663,96834280,2,10,2025-11
풀타임,2022-08-18,10633,98389698,1,1,2024-10
토리와 로키타,2023-05-10,10631,102365768,1,2,2026-05
어 퍼펙트 데이,2017-09-21,10612,74390400,1,1,2025-12
항구의 니쿠코짱!,2023-04-27,10567,86586506,4,14,2024-05
7인의 신부,1972-12-24,10510,21279500,1,8,2025-08
도쿄의 밤하늘은 항상 가장 짙은 블루,2019-02-14,10502,91983987,1,3,2026-02
솔로몬과 시바의 여왕,1972-11-24,10488,22287000,1,2,2026-05
벌집의 정령,2025-01-29,10478,96747860,1,1,2026-04
아프리카의 여왕,,10455,21994500,1,10,2026-07
"1986 그 여름, 그리고 고등어통조림",2023-07-05,10427,87362500,1,8,2026-07
노 베어스,2024-01-10,10422,101495312,5,22,2025-06
소년 아메드,2020-07-30,10417,81780687,1,2,2026-05
순응자,2016-01-28,10387,81862227,1,1,2025-08
프라우드 프린세스: 로열 어드벤처,2025-08-15,10374,75517400,6,30,2025-09
얼음 여왕,2026-01-28,10331,78937600,1,3,2026-03
뜨거운 양철 지붕 위의 고양이,,10286,22729000,1,6,2025-12
네루다,2017-05-25,10205,79536200,1,1,2025-06
안나 카레니나,,10162,21489500,1,6,2026-01
타년타일,2026-01-28,10154,67579400,5,31,2026-03
그리고 바통은 넘겨졌다,2024-07-17,10127,74486000,11,83,2024-08
애프터 미드나잇 리마스터링,2007-08-23,10119,73866400,1,4,2026-01
대결! 애니메이션,2024-03-06,10118,73541116,2,15,2024-04
슈퍼 해피 포에버,2025-12-24,10104,103183100,1,1,2026-03
잉글랜드 이즈 마인,2018-07-05,10101,87918647,1,2,2025-09
피크닉,,10098,20655500,1,16,2026-04
공각기동대,2002-04-12,10098,97866770,10,115,2026-02
원탁의 기사,,10091,21050000,1,6,2025-12
멋진 인생,,10005,22575500,1,12,2025-12
프랑스,2022-01-13,9997,94076190,1,2,2025-01
라 붐,2013-10-24,9939,76592500,1,3,2025-09
액트 오브 킬링,2014-11-20,9876,79463921,1,1,2025-06
모던 타임즈,1988-07-02,9868,58861959,1,14,2024-04
종착역,,9787,20353000,1,15,2024-12
코르사주,2022-12-21,9739,91065596,1,2,2024-01
황야의 7인,1972-11-02,9609,21135500,1,6,2025-09
이유없는 반항,1971-03-26,9608,22132500,1,12,2026-06
신사는 금발을 좋아해,,9562,22153000,1,6,2026-07
애꾸눈 잭,,9519,19265000,1,4,2025-09
역마차,,9518,22971900,1,8,2026-04
라이즈,2024-01-17,9503,85854460,1,2,2024-04
캣퍼슨,2024-06-19,9493,78273300,1,1,2024-11
쇼잉 업,2025-01-08,9457,89024200,1,2,2025-05
우리들의 교복시절,2025-07-11,9389,87187465,1,2,2025-11
카페 뤼미에르,2005-10-20,9375,58872300,1,1,2024-06
마지막 황제,1988-12-23,9318,30669944,1,2,2026-01
물의 연대기,2026-01-28,9315,78985800,2,11,2026-03
발코니의 여자들,2025-07-09,9310,87232100,12,117,2025-08
아임 스틸 히어,2025-08-20,9308,83194400,1,1,2026-06
전송가,,9292,19182500,1,6,2026-06
새벽을 알리는 루의 노래,2018-01-31,9265,76606700,4,16,2024-06
생츄어리 2 : 쿼카가 너무해,2024-03-07,9261,81510141,2,4,2024-04
디베르티멘토,2024-08-07,9205,75426478,1,2,2025-11
메모리,2025-01-22,9194,83406400,2,16,2025-04
성의,1986-12-31,9029,15560644,1,2,2026-04
잇 컴스 앳 나잇,2017-10-19,9025,73038918,1,3,2024-08
파르테노페,2025-09-24,8968,80067900,1,1,2026-03
고스트 스토리,2017-12-28,8933,75928458,1,3,2026-01
썸머타임,,8919,18782000,1,3,2026-01
가가린,2022-12-22,8860,86387374,1,1,2025-10
리틀 아멜리,2026-01-14,8793,91227300,1,3,2026-04
지난 여름 갑자기,,8760,18714000,1,5,2025-11
"파리, 13구",2022-05-12,8743,85141760,1,1,2025-04
6번 칸,2023-03-08,8742,82255784,1,7,2026-02
왓츠 러브,2024-03-20,8738,78500397,15,62,2024-04
논-픽션,2019-05-16,8732,70882350,1,1,2024-07
고독의 오후,2026-06-03,8700,82951600,15,87,2026-07
지구 최후의 밤,2019-07-25,8603,74130080,1,3,2026-04
밀레니엄 맘보,2003-05-30,8600,80474300,1,1,2025-12
신성한 나무의 씨앗,2025-06-03,8595,77629000,1,1,2026-01
백경,2008-03-15,8590,17878000,1,3,2026-05
미야자키 하야오의 그대들은 어떻게 살 것인가,2026-04-15,8404,62307190,6,45,2026-05
동경 이야기,2014-08-16,8390,77821100,1,6,2026-07
첫눈이 사라졌다,2021-10-20,8368,60493530,1,1,2025-12
굿 보이,2025-10-22,8338,68121740,63,324,2025-11
공포분자,2020-09-17,8334,69026530,1,5,2026-05
7년만의 외출,,8332,17607500,1,12,2025-07
원한의 도곡리 다리,,8278,18800000,1,18,2026-06
말 없는 사나이,,8273,18465000,1,6,2026-03
내 말 좀 들어줘,2025-08-20,8259,76846700,4,15,2025-10
검은 수선화,,8236,18053500,1,6,2026-07
브라바도스,,8229,16606000,1,6,2026-07
너를 보내는 숲,2008-04-24,8177,56373100,1,1,2025-10
사랑의 스잔나,1976-08-12,8171,20648317,1,1,2026-06
왼손잡이 소녀,2025-11-12,8120,71360360,1,1,2026-06
80일간의 세계일주,,8104,16345000,1,4,2026-01
사랑하는 당신에게,2023-05-31,8090,70111350,1,1,2025-12
300 스파르탄,,8084,16478000,1,13,2026-06
마이 미씽 발렌타인,2021-01-14,8043,62017020,1,1,2025-11
기쿠지로의 여름,2002-08-30,8040,66893900,1,1,2024-09
수색자,,8008,17832000,1,4,2025-11
볼레로: 불멸의 선율,2025-04-30,7978,68604200,4,34,2025-06
그날이 오면,,7913,17005000,1,4,2025-12
세 가지 색 : 블루,1994-04-23,7884,70026100,1,7,2025-11
어느 멋진 아침,2023-09-06,7784,69715669,1,1,2024-11
그녀에게,2003-04-18,7784,58156252,1,1,2026-07
상처뿐인 영광,1971-06-26,7763,15877500,1,6,2026-04
어느날 밤에 생긴 일,,7759,16314000,1,6,2024-12
춘희,,7717,15717500,1,3,2025-04
탐엣더팜,2014-05-22,7679,60239000,1,2,2024-06
남과 여,1979-10-03,7670,45060900,1,4,2026-05
아가씨와 건달들,1997-11-15,7636,15986000,1,4,2026-01
라 당스,2013-08-22,7630,66817000,1,2,2026-06
미치광이 피에로,2025-06-04,7614,74887600,1,2,2026-03
황야의 결투,,7592,16032000,1,16,2026-05
작은 아씨들,,7577,15864000,1,5,2025-12
마작,2025-10-15,7572,78353870,1,9,2025-12
타이페이 스토리,2019-11-07,7554,64167000,1,7,2026-05
네 멋대로 해라,2026-01-14,7526,52029030,1,1,2026-04
크리피: 일가족 연쇄 실종 사건,2016-08-18,7511,59919900,1,2,2025-12
고양이 수비대: 모나리자를 지켜라!,2025-05-14,7504,59763400,10,46,2025-06
스파이 캣,2021-12-09,7504,54634899,1,3,2025-05
이창,,7470,32681500,1,8,2025-08
이오 카피타노,2024-08-07,7460,66987339,3,14,2024-09
마에스트로,2023-08-09,7458,65240111,1,2,2024-12
바라바,,7423,15049000,1,9,2026-03
세븐 베일즈,2025-05-14,7419,50984400,6,36,2025-06
악이 도사리고 있을 때,2024-10-09,7409,57430800,2,2,2024-11
자랑과 정열,,7387,15526000,1,12,2025-08
벨벳 골드마인,1999-08-28,7381,55970485,1,2,2025-09
차이콥스키의 아내,2024-05-01,7349,61150554,1,1,2024-07
"낸 골딘, 모든 아름다움과 유혈사태",2024-05-15,7321,70221495,1,1,2024-10
트랜짓,2020-07-02,7289,62865060,2,6,2025-10
레벤느망,2022-03-10,7286,65678170,1,1,2025-12
극장판 아름다운 그: 이터널,2023-07-12,7264,67741850,2,16,2024-10
해변의 폴린,,7259,67883700,1,2,2026-06
오키쿠와 세계,2024-02-21,7218,67240295,1,1,2024-09
델마,2018-08-15,7204,64233600,1,2,2024-01
뱀파이어 헌터 D,2025-11-12,7168,72125800,17,79,2025-12
안녕하세요,2026-02-11,7082,66258700,1,2,2026-04
대해적,,7065,14967000,1,3,2025-10
로메리아,2026-05-27,7060,60814050,1,1,2026-07
화이트 크리스마스,,7059,14734000,1,12,2025-12
파이널 피스,2026-05-27,7044,62950250,77,343,2026-06
#진상을 말씀드립니다,2025-09-24,7002,53060800,1,3,2025-11
400번의 구타,2016-04-13,6974,58394696,1,2,2026-04
그린 맨션,,6947,14851000,1,6,2025-10
영웅본색 2,1988-07-22,6920,35249437,22,56,2024-04
성 베드로 대성당과 로마의 교황청 대성당들,2025-01-15,6919,56592860,2,12,2025-12
기괴도,2024-06-12,6912,51723749,1,2,2024-07
리오 그란데,,6905,18080500,1,16,2026-07
인랜드 엠파이어,2007-07-26,6879,53098700,3,5,2026-02
필로우 토크,,6861,13908500,1,9,2025-06
천국보다 낯선,1995-11-11,6850,64174500,1,1,2026-04
쥴 앤 짐,1997-01-04,6754,52322589,1,3,2025-09
하타리,,6752,14490500,1,12,2025-05
하트 비트,2010-11-25,6739,50977000,1,3,2026-03
서부 개척사,,6718,16769000,1,4,2025-11
세상의 모든 디저트: 러브 사라,2021-02-04,6681,55903170,1,1,2024-06
오디션,2023-04-19,6679,69853700,1,7,2025-08
피부색깔=꿀색,2014-05-08,6664,45415900,1,2,2026-05
힙노시스: LP 커버의 전설,2024-05-01,6624,64433647,1,4,2024-07
록키 호러 픽쳐 쇼,1998-06-20,6617,50883700,1,1,2025-11
그 여름 가장 조용한 바다,2004-08-13,6594,48193634,1,1,2024-09
파계,,6593,13191000,1,2,2025-10
나는 결백하다,,6587,14756500,1,6,2025-04
렛 더 선샤인 인,2018-04-26,6576,52184571,1,1,2024-07
자전거 도둑,2023-04-26,6564,40896553,1,1,2026-02
오만과 편견,,6515,13865000,1,1,2026-01
달콤한 인생,,6513,33578500,1,1,2026-06
산,,6497,13291500,1,8,2025-12
페이톤 플레이스,,6497,13026000,1,4,2025-05
트라페지움,2024-11-14,6490,51598500,5,12,2024-12
이도공간,2003-06-05,6482,62196300,1,3,2026-04
피넛 버터 팔콘,2021-04-07,6470,57889900,1,1,2025-10
8과 1/2,2025-07-23,6409,59989900,1,3,2025-09
클레오의 세계,2024-01-03,6404,61900677,1,1,2024-12
영화 스미코구라시 - 푸른 달밤의 마법의 아이,2024-02-07,6401,52317720,2,7,2024-03
사랑의 탐구,2024-09-18,6399,58980360,1,1,2025-03
키퍼,2026-07-08,6388,52838850,119,1104,2026-07
담뽀뽀,2025-12-17,6377,62250576,1,2,2026-02
스팔타카스,1974-01-23,6372,12958000,1,2,2026-02
시민 케인,,6359,16469000,1,6,2026-07
가위손,1991-06-29,6350,45508000,1,6,2024-01
알라바마 이야기,,6348,14055000,1,2,2026-01
웨스트 사이드 스토리,1999-05-29,6347,17954600,1,4,2025-07
아이 킬드 마이 마더,2015-01-15,6343,49104086,1,1,2025-09
마음이 외치고 싶어해,2017-12-07,6340,47259600,13,123,2025-05
루팡 3세: 칼리오스트로의 성,2017-05-25,6335,58530000,80,402,2024-04
럭키 데이 인 파리,2025-11-12,6335,60621370,2,7,2026-01
굿 보스,2022-02-10,6335,56340220,1,1,2026-03
티처스 라운지,2023-12-27,6333,57705614,1,1,2025-10
해탄적일천,2022-01-06,6306,60715120,1,1,2026-04
교수목,,6290,12776000,1,6,2026-03
더 원더스,2024-07-31,6276,57909456,1,3,2026-06
레미제라블 디 오리지널,,6245,12866000,1,2,2026-01
내일을 향해 쏴라,,6241,14591700,1,1,2025-11
피어스,2026-05-13,6199,48753200,6,40,2026-06
위국일기,2024-10-02,6187,60883900,3,20,2024-11
환상의 마로나,2020-06-11,6172,57798960,1,1,2024-10
사운드 오브 폴링,2025-12-17,6168,64863810,1,1,2026-02
사하라,,6134,13583000,1,16,2025-11
펀치 드렁크 러브,2003-05-08,6120,56739400,2,56,2026-05
우리 생애 최고의 해,,6110,10232884,1,9,2026-05
안티크라이스트,2011-04-14,6104,52704260,1,1,2025-10
피렌체와 우피치 미술관,2024-06-26,6019,47998606,1,2,2025-02
백주의 결투,,5984,13629000,1,6,2026-02
울프 토템,2026-06-10,5980,49750250,2,4,2026-07
사랑아 나는 통곡한다,,5938,11976000,1,8,2025-11
어느 파리 택배기사의 48시간,2026-06-17,5936,54052780,12,98,2026-07
뉴욕 라이브러리에서,2018-10-11,5932,58181100,1,2,2026-06
분노의 포도,,5929,13991000,1,6,2026-03
밀회,,5894,12407000,1,10,2025-02
디판,2015-10-22,5872,43390900,1,1,2025-04
해변의 에트랑제,2021-02-18,5829,54228220,1,5,2024-06
바늘을 든 소녀,2025-12-10,5778,53860950,1,4,2026-02
도쿄 소나타,2009-03-19,5776,39448400,1,3,2025-12
공중 트라피스,,5773,12097000,1,8,2024-05
내 여자친구의 남자친구,,5770,56334600,1,2,2026-06
로제타,2019-05-23,5763,44168950,1,3,2026-06
힐마 아프 클린트 - 미래를 위한 그림,2023-12-20,5748,43795196,1,1,2024-11
온다,2020-03-26,5709,47005457,2,7,2024-07
독립시대,2024-09-25,5704,54436860,7,51,2025-10
나미비아의 사막,2025-05-07,5620,52674800,1,2,2025-08
달팽이의 회고록,2025-04-30,5596,49457960,1,1,2025-07
파문,2025-01-15,5580,52097100,10,51,2025-09
이수,,5572,12004000,1,5,2025-08
빛나는,2017-11-23,5556,41287200,1,1,2024-08
시저와 클레오파트라,,5553,11815000,1,4,2025-11
올란도,1994-03-12,5549,51135150,5,21,2026-05
기인들,,5538,12184500,1,12,2025-02
노인과 바다,,5535,11445500,1,5,2026-05
알카라스의 여름,2022-11-03,5520,49180493,1,2,2024-07
제인 에어,,5512,12258000,1,3,2026-01
사랑이 뭘까,2020-04-09,5506,48940480,1,2,2026-03
넥스트 골 윈즈,2024-01-24,5497,50989771,18,101,2024-02
천년여우,2004-07-09,5482,33971000,1,1,2025-01
원맨,2024-09-04,5463,51242000,147,1215,2024-09
영 앳 하트,,5440,11348000,1,9,2024-02
고백,2025-02-19,5417,39871000,17,76,2025-03
검은 태양은 밝아온다,,5388,11432500,1,12,2025-05
해상화,2026-02-04,5380,47460170,1,2,2026-05
블루 벨벳,1992-10-17,5363,43501900,1,2,2025-07
찬란한 내일로,2024-05-29,5343,47869480,1,1,2025-09
에스더의 왕,,5330,10893500,1,6,2026-03
가스등,,5325,11795000,1,4,2024-10
아버지의 초상,2016-01-28,5300,33544500,1,1,2024-09
120 BPM,2018-03-15,5234,43864473,1,1,2026-04
햄릿,,5204,10463000,1,9,2025-09
기빗올: 우리들의 썸머,2025-06-18,5194,39836970,20,112,2025-07
침묵의 시선,2015-09-03,5179,40560000,1,1,2025-06
국외자들,2024-09-25,5156,51079860,1,1,2026-05
언데드 다루는 법,2025-01-22,5152,46157500,21,90,2025-02
목로주점,,5127,10468000,1,12,2025-04
걸,2021-01-07,5113,46551010,1,1,2025-11
어네스트와 셀레스틴: 멜로디 소동,2025-06-11,5104,35848200,1,1,2026-05
콜 제인,2023-03-08,5092,48367294,1,1,2025-06
두 번째 계절,2026-01-28,5089,43848800,2,19,2026-03
카페 드 플로르,2012-07-19,5069,35275200,1,4,2024-11
오케스트라의 소녀,,5068,10194000,1,12,2025-05
내셔널 갤러리,2016-08-25,5067,47618600,1,2,2026-06
올리버 트위스트,,5066,10718000,1,9,2026-01
보티첼리. 피렌체와 메디치,2024-04-24,5041,41321612,4,34,2026-02
위대한 독재자,1988-11-19,5034,31387000,1,11,2024-04
남쪽,2026-02-18,5001,46964200,1,3,2026-04
그랜드 투어,2025-03-26,4992,43257700,3,27,2025-05
"끝, 새로운 시작",2025-03-26,4985,41718800,1,2,2025-06
이브의 모든 것,,4981,10969000,1,6,2025-10
시저는 죽어야 한다,2013-05-02,4914,35597000,1,3,2025-06
슬픔이여 안녕,,4883,10106000,1,6,2026-04
여름이야기,1998-06-13,4870,43286400,1,3,2026-07
베로니카의 이중생활,1991-11-09,4859,40353900,1,4,2025-11
리벤지,2020-05-06,4853,40628300,1,4,2024-12
우정어린 설복,,4839,9891000,1,6,2026-01
총을 든 스님,2025-01-01,4835,41962100,1,1,2026-02
34번가의 기적,,4820,9748000,1,14,2025-12
너의 새는 노래할 수 있어,2020-04-16,4804,43143150,1,4,2025-12
오늘부터 댄싱퀸,2024-05-29,4735,35526300,1,1,2024-12
파리의 아메리카인,,4727,11149000,1,6,2026-05
로즈마리,,4702,9429000,1,6,2026-04
열정의 랩소디,,4700,10065000,1,12,2025-11
녹차의 맛,2006-11-23,4691,36536102,1,5,2024-06
도그빌,2003-08-01,4683,49397580,11,135,2025-10
베르나데트의 노래,,4671,9950000,1,4,2025-12
영화 스미코구라시 - 튀어나오는 그림책과 비밀의 아이,2024-01-24,4670,40442390,1,4,2024-03
"파리, 밤의 여행자들",2025-12-17,4665,42050900,10,95,2026-01
거룩한 분노,2018-06-28,4649,35814900,2,15,2024-05
이터널 메모리,2023-09-20,4643,41133707,9,28,2024-03
흐르는 강물처럼,1993-04-24,4643,14508400,1,1,2025-11
크래쉬: 디렉터스컷,2025-03-26,4622,44852600,1,3,2025-06
위대한 작은 농장,2023-06-14,4619,39033910,1,1,2026-06
필라델피아 스토리,,4603,9809000,1,12,2025-11
마술피리,2014-08-02,4589,74827000,1,1,2025-12
네이키드 런치,2025-06-25,4577,43825700,1,1,2025-09
바라나시,2018-05-24,4552,32044100,1,1,2026-03
킹덤2: 아득한 대지로,2022-11-16,4543,37959200,2,12,2024-11
세 가지 색: 레드,1994-09-17,4537,43442100,1,3,2025-11
마거리트의 정리,2024-06-27,4532,43397439,1,1,2025-10
터널,2025-12-31,4522,34786900,40,304,2026-01
공드리의 솔루션북,2024-08-14,4518,43525000,1,1,2024-10
킹덤4: 대장군의 귀환,2024-11-20,4500,30111620,1,1,2025-03
끝없음에 관하여,2021-12-16,4487,40868460,1,1,2025-05
해피 아워,2021-12-09,4468,67959800,1,2,2026-05
바바라,2013-03-21,4428,38345900,2,5,2025-10
반 고흐. 밀밭과 구름 낀 하늘,2025-07-30,4425,34431000,1,9,2025-09
마리우폴에서의 20일,2024-11-06,4406,36353060,1,1,2025-12
비커밍 아스트리드,2021-05-12,4397,34422940,3,9,2024-09
보일링 포인트,2022-08-04,4381,44365853,1,2,2026-02
천국의 열쇠,,4367,8779000,1,2,2026-06
새드 베케이션,2008-03-13,4356,29820000,1,3,2024-12
포제션,2025-10-08,4338,43136840,4,26,2025-11
진홍의 평원,,4323,8703000,1,18,2025-03
클럽 제로,2024-01-24,4321,38153125,1,1,2025-09
경멸,2026-07-15,4320,43587500,37,204,2026-07
당나귀 EO,2023-10-03,4314,39751748,1,1,2025-12
튜즈데이,2026-01-14,4250,36056800,3,15,2026-02
해는 또다시 뜬다,,4245,8457000,1,6,2025-10
이상한 나라의 달빛요정,2023-10-19,4191,34363856,1,3,2025-05
세 가지 색: 화이트,1994-06-18,4185,38706000,1,4,2025-11
맨츄리안 캔디데이트,,4183,9136000,1,4,2026-03
탠저린,2018-01-25,4179,32865500,1,1,2026-01
공포의 보수,,4175,9601000,1,6,2025-08
조상님이 보고계셔,2025-11-27,4166,30836700,35,156,2025-12
가슴에 빛나는 별,,4152,8671000,1,6,2025-04
부에나 비스타 소셜 클럽 2: 아디오스,2017-10-26,4122,31662000,1,1,2025-08
백야,,4076,9360500,1,6,2026-05
12명의 성난 사람들,,4075,10520000,2,26,2025-12
베이비 길들이기,,4069,9350000,1,12,2026-04
마티,,4055,8175000,1,6,2026-04
브레이킹 아이스,2025-06-04,4050,38345000,1,3,2025-08
바쿠라우,2021-09-02,4040,33529660,1,6,2026-07
모네의 수련. 물과 빛의 마법,2025-06-25,4017,28374300,1,1,2025-10
어리석은 자는 누구인가,2026-01-07,4013,44548400,2,8,2026-02
파티마가 사랑한 계절,2026-05-13,4012,38197200,1,1,2026-07
애시드 레인: 죽음의 비,2024-11-27,3994,32467500,38,161,2024-12
아이다,2012-12-22,3963,93472000,1,1,2025-10
라스트 썸머,2024-04-03,3950,33512500,1,7,2024-05
라스트 필름 쇼,2023-04-12,3950,37076896,1,2,2024-03
타잔과 친구들,,3940,8265000,1,12,2026-07
내가 처음으로 사랑한 소녀,2022-04-27,3922,33304370,1,1,2024-11
헨리 5세,,3917,7950000,1,6,2025-01
레네트와 미라벨의 네가지 모험,,3916,39772500,1,3,2026-07
애정,,3913,7966000,1,3,2025-07
그레타 툰베리,2021-06-17,3903,30497100,1,2,2025-09
이제 다시 시작하려고 해,2025-04-23,3865,34968500,1,2,2025-07
보테로,2020-09-24,3863,31706840,1,6,2026-05
인터멧조,,3824,8113000,1,18,2026-04
보와니의 분기점,,3815,8082000,1,20,2026-01
라파엘로. 예술의 군주,2024-05-29,3811,30712439,2,14,2026-04
까미유 끌로델,2013-10-24,3789,27865000,1,3,2025-01
"오늘 하늘이 가장 좋아,라고 아직 말할 수 없는 나는",2025-11-26,3776,39300250,1,1,2026-02
빵과 포도주의 마르첼리노,1990-04-07,3750,9884000,1,3,2026-06
파리의 사생활,2026-07-15,3736,36963200,32,177,2026-07
남극의 쉐프,2010-02-11,3722,26734500,1,1,2024-06
황야의 역마차,,3708,7553000,1,6,2024-07
우리들의 낙원,,3704,8042000,1,16,2025-12
정욕,2024-05-29,3696,34677767,1,2,2024-08
모호크족의 북소리,,3695,8040000,1,6,2024-10
제7의 봉인,2012-05-10,3687,29214300,1,2,2026-04
흑인 오르페,,3669,7778000,1,1,2025-08
게리 쿠퍼의 재회,,3661,7731000,1,8,2024-05
배드 럭 뱅잉,2022-07-28,3661,36261000,1,1,2025-12
동경의 황혼,2024-10-09,3658,30678300,1,1,2026-07
래빗스쿨 2: 부활절 대소동,2024-03-27,3637,29794990,1,3,2025-05
선셋 대로,,3630,10024000,1,2,2025-12
위대한 유산,,3597,7873500,1,2,2026-01
사랑의 종이 울릴 때,,3592,7214000,1,6,2024-08
레드 룸스,2024-10-09,3579,35425100,1,2,2025-01
엣 더 벤치,2025-07-30,3561,33589400,1,6,2025-10
안젤름,2026-05-13,3533,34462900,1,8,2026-07
야성녀,,3513,7054000,1,16,2026-03
어둠속의 댄서,2001-02-24,3496,29459280,1,2,2025-09
십자포화,,3493,7245000,1,8,2026-07
회전목마,,3491,7258000,1,6,2026-06
차임,2026-03-04,3483,33522700,4,22,2026-04
너는 나를 불태워,2025-08-27,3468,33494900,3,26,2025-10
스카페이스,,3466,7638000,1,15,2024-09
야생의 순수,,3425,7372000,1,6,2025-05
버스정류장,,3416,7663500,1,6,2026-06
제3의 사나이,,3407,7727000,1,6,2026-01
분노의 강,,3376,8011000,1,6,2025-11
곤돌라,2025-04-23,3375,31528800,1,1,2025-08
비상착륙,,3366,7828000,1,4,2025-11
조이랜드,2023-12-13,3325,30506686,6,53,2024-01
모리의 정원,2020-03-26,3317,27777520,1,1,2025-04
프렌치 캉캉,,3306,9918000,1,6,2025-10
"알레고리, 잇츠 낫 미",2024-12-18,3300,32239400,2,6,2025-03
리틀 엘렌: 외계인과 안테나 대소동,2023-03-01,3284,30141894,1,3,2025-05
세인트 메리의 종,,3217,7399000,1,3,2026-07
청춘은 밤이 없다,,3212,6439000,1,12,2026-02
갓랜드,2024-02-28,3197,25878530,1,3,2026-04
여호,,3190,7244000,1,12,2026-05
가을이야기,,3185,27411600,1,1,2026-07
겨울 이야기,,3169,26804600,1,2,2026-07
그들은 피아노 연주자를 쐈다,2025-01-29,3162,29985900,1,1,2025-11
비정성시,1990-01-26,3126,25993300,1,1,2026-04
로빈 훗의 모험,,3119,6429000,1,6,2026-01
산딸기,2013-05-16,3099,14013700,1,8,2026-05
다잉,2025-12-10,3093,28008600,3,14,2026-01
드림 홈,2026-02-04,3080,25941900,34,244,2026-02
데드 맨,1998-05-23,3069,29919000,5,20,2026-01
바후발리 : 더 비기닝,2016-11-10,3068,25209500,1,1,2024-11
러브 라이프,2023-07-19,3065,26208670,1,5,2026-07
시티 라이트,1989-02-04,3060,21112500,1,15,2024-04
제프 맥페트리지: 드로잉 라이프,2025-08-13,3057,28394300,3,34,2025-09
지상의 밤,,3050,27807900,7,25,2026-01
히든,2006-03-30,3050,20755500,1,4,2024-12
잠자는 바보,2025-09-10,3043,32181780,1,3,2025-10
사무라이 타임슬리퍼,2026-06-24,3023,25044270,11,88,2026-07
아나스타샤,,2999,6605000,1,6,2025-12
카르멘 존스,,2982,6003000,1,12,2026-05
사냥꾼의 밤,,2976,8791000,1,10,2026-05
노 어더 랜드,2026-03-04,2968,26493800,1,1,2026-07
키스 미 데들리,,2953,6949000,1,6,2025-10
어두운 통로,,2941,6790000,1,12,2024-07
와일드 투어,2025-03-12,2932,25904100,1,2,2025-12
거대한 서부,1972-10-20,2925,6354500,1,6,2026-04
과거가 없는 남자,2005-10-14,2905,18396500,1,3,2026-04
여기는 아미코,2024-02-28,2893,25897330,5,16,2024-04
삶과 죽음의 문제,,2893,7729000,1,10,2025-01
가자 항해자여,,2853,6033000,1,5,2026-05
야간문,,2837,5869000,1,6,2025-10
아녜스 V에 의한 제인 B,2024-01-31,2833,24076900,1,1,2025-05
내 친구의 집은 어디인가,1996-08-17,2822,22585600,1,3,2026-03
언러브드,2006-05-24,2822,19045000,1,3,2024-12
나폴리의 황금,,2814,6201000,1,11,2024-05
어거스트 버진,2022-03-24,2814,23537600,1,2,2025-07
깁슨 가족 연대기,,2803,6014000,1,2,2025-04
지지,,2801,5292000,1,12,2025-04
몬도 가네,,2796,5526000,1,9,2024-04
신입기자 토롯코,2025-09-03,2752,23931500,5,19,2025-10
잃어버린 주말,,2742,5494000,1,9,2025-05
밝은 미래,2004-04-23,2709,15983000,1,1,2025-10
봄 이야기,,2689,23137000,1,2,2026-07
올파의 딸들,2025-04-02,2682,23160600,1,1,2026-04
테인티드 러브,2024-09-19,2664,21811100,2,6,2024-10
정염의 검사,,2659,5323000,1,6,2024-02
도어즈,1993-04-24,2658,27471560,1,1,2025-12
밤으로의 긴 여로,,2640,5250500,1,6,2025-04
복수는 나의것,2024-11-06,2636,25529300,1,1,2025-10
카라바조. 영혼과 피,2025-02-19,2634,21399960,1,1,2025-04
미스테리 트레인,,2630,24241700,8,34,2026-01
52헤르츠 고래들,2024-09-04,2619,25453700,2,16,2024-10
스텔라,2024-05-22,2610,22985460,14,86,2024-06
립반윙클의 신부: 스페셜 에디션,2016-10-13,2605,22545500,1,5,2025-08
퍼시픽션,2026-07-01,2570,25259450,23,228,2026-07
고스트라이트,2025-12-17,2552,23798450,1,1,2026-06
사토상과 사토상,2026-04-29,2552,24591850,25,269,2026-05
페르소나,2013-07-25,2543,20867000,1,1,2026-07
죽고 싶지만 사랑은 하고 싶어,2024-09-04,2489,24692000,1,2,2025-03
모든 것은 아르망에서 시작되었다,2024-12-25,2489,21888600,15,163,2025-01
거룩한 술꾼의 전설,2023-08-30,2480,20804200,1,1,2026-01
가방을 든 여인,,2465,6648000,1,6,2025-03
소녀는 졸업하지 않는다,2024-01-24,2460,21702299,1,1,2025-06
체리 향기,1998-01-01,2450,20876400,1,2,2026-07
알제리 전투,2009-10-15,2418,13155000,1,1,2025-05
산이 부른다,2024-09-25,2394,19139000,1,2,2025-07
죄의 목소리,2025-11-28,2391,19594260,18,84,2025-12
디피컬트,2024-05-15,2374,21805100,1,1,2024-07
정복되지 않는 사람들,,2364,4949000,1,9,2026-06
첫키스만 50번째,2020-03-26,2358,19422660,3,12,2024-04
모드 집에서의 하룻밤,,2357,22296400,1,4,2026-05
"X를 담아, 당신에게",2024-12-11,2319,21179300,1,1,2025-03
데스티네이션 도쿄,,2278,4566000,1,6,2025-05
아나이스 인 러브,2022-10-13,2277,19579800,2,6,2025-06
붉은 사막,2023-07-26,2272,16885255,1,2,2025-02
옆자리 괴물군,,2269,12932670,4,19,2024-11
후계자,2025-11-12,2245,20078100,1,2,2026-02
모든 것을 벗어던진 특별한 여행,2020-07-29,2235,18053660,1,3,2024-06
콘티넨탈 '25,2025-11-19,2235,19517800,1,3,2026-01
사랑의 전주곡,,2231,4478000,1,8,2025-05
수집가,,2228,20214200,1,3,2026-05
아침이 오면 공허해진다,2024-05-29,2220,20783034,1,1,2024-08
드림스,2026-03-18,2211,19461700,5,46,2026-04
엔조,2026-05-27,2200,20455700,1,1,2026-07
비행사의 아내,2024-05-15,2198,20919900,1,2,2026-06
"사랑, 우유, 그리고 치즈",2026-03-25,2189,18973950,1,1,2026-06
싱글 에이트,2024-10-09,2181,19452400,1,1,2025-05
탑 햇,,2169,4708000,1,4,2024-02
천국의 아이들,2001-03-16,2156,15344000,1,3,2025-08
로렌조의 밤,2005-08-19,2143,14819500,1,2,2025-06
스트레이트 스토리,2001-11-30,2140,18252356,4,12,2026-02
"뭉크. 사랑, 영혼 그리고 뱀파이어 여인",2024-08-28,2135,16149139,1,1,2024-11
메이크 어 걸,2025-09-10,2132,20895300,4,22,2025-10
전장의 피아니스트,2022-01-06,2106,18274400,1,1,2024-06
그녀가 좋아하는 것은,2023-07-19,2096,19598800,2,8,2024-03
해리의 소동,,2089,4429000,1,8,2025-12
송곳니,2012-01-05,2071,15307800,1,11,2024-04
동그라미,2025-10-01,2059,19905200,1,6,2025-11
귀여운 빌리,,2053,4288000,1,9,2024-06
나의 길을 가련다,,1992,3720000,1,4,2026-01
세 아내에게 온 편지,,1989,4769000,1,9,2026-07
다운 바이 로,,1967,17177600,9,27,2026-01
류이치 사카모토: 도쿄 멜로디,2026-04-15,1966,19360980,1,2,2026-07
열화청춘 리마스터링,2025-03-31,1932,19092300,51,413,2025-04
클레르의 무릎,,1930,18553000,1,4,2026-05
위대한 부재,2024-11-06,1907,18081500,1,2,2024-12
난 엄청 창의적인 휴머니스트 뱀파이어가 될 거야,2024-05-29,1901,17895556,1,1,2026-05
움베르토 에코. 세계의 도서관,2024-12-11,1885,15551100,1,1,2025-08
굿 포 낫씽,2026-01-14,1880,18165500,1,1,2026-04
네 멋대로 해라: 장 뤽 고다르,2020-03-19,1865,15130100,1,3,2026-01
로코와 그의 형제들,,1850,4720000,1,4,2024-02
견왕: 이누오,2022-12-08,1846,18476184,1,9,2024-01
만덜레이,2007-07-26,1840,15049200,1,1,2024-08
달걀 원정대,2026-04-29,1835,15709500,1,3,2026-07
피카소. 파리에서의 반란,2026-04-29,1831,11931500,2,11,2026-06
클림트와 쉴레. 에로스와 프시케,2025-09-30,1828,12858700,2,8,2025-11
서스페리아 1977,1977-09-15,1826,15407292,1,3,2024-02
타히티의 고갱. 잃어버린 낙원,2025-08-27,1823,13583400,2,5,2025-10
나만의 비밀,2026-01-21,1821,18140490,16,59,2026-02
아들들,2024-12-04,1820,16519300,1,1,2025-02
아이 엠 낫 유어 니그로,2018-02-08,1817,13445700,1,1,2024-09
영원한 휴가,,1810,16225500,8,24,2026-01
39 계단,,1798,3872000,1,9,2024-04
다함께 여름!,2021-10-07,1794,16134940,1,2,2025-07
두 세계 사이에서,2024-01-31,1779,15163027,1,1,2024-07
사랑은 사라지지 않는다,2025-02-26,1775,14940000,1,1,2025-04
조용한 이주,2024-03-20,1768,15631800,1,1,2024-08
킹콩,,1767,3878000,1,6,2025-12
엘리자벳과 나,2023-12-13,1766,16319144,1,1,2024-09
월터의 선택,,1763,3536000,1,4,2025-10
킬링,,1754,3586000,1,6,2024-05
미래의 범죄들,2024-07-17,1732,15391217,4,26,2024-08
시대혁명,2022-10-13,1730,16768900,1,1,2025-10
토토리! 우리 둘만의 여름,2021-05-19,1725,15246080,1,1,2025-06
무방비 도시,,1688,4830000,1,4,2026-06
비련의 공주 엘리자베스,,1675,3355000,1,6,2025-10
우나기,1999-05-01,1656,15591760,1,1,2025-06
미지의 여인에게서 온 편지,,1646,3441000,1,8,2025-12
대삼원 리마스터링,1996-05-04,1623,16602000,46,379,2025-04
잊을 수 없는 모정,,1616,3300000,1,5,2025-04
스카라무슈,1973-06-02,1597,3569000,1,3,2025-10
10년,2019-12-12,1580,14306700,1,3,2026-04
프레젠스,2026-02-04,1577,15550700,1,3,2026-03
아담과 이브,,1570,3150000,1,12,2024-10
마지막 야구 경기,2026-04-22,1559,14481000,2,16,2026-06
안드레아 세니에,2013-01-19,1556,35971000,1,1,2025-11
퀸 엘리자베스,2024-06-12,1547,11372839,4,24,2024-07
리브 원 데이,2026-06-24,1538,14625050,7,54,2026-07
이소룡-들,2024-06-19,1513,15920400,7,24,2024-07
연연풍진,,1498,10068500,1,2,2024-09
폭력 교실,,1492,3260000,1,6,2025-09
제너럴,,1492,14367000,1,4,2026-06
파티마의 기적,,1490,2990000,1,9,2026-05
닻을 올리고,,1484,3379000,1,8,2024-06
파라다이스 이즈 버닝,2024-12-18,1474,14872500,4,25,2025-01
당신이 떠난 후,,1449,3637000,1,4,2025-11
불안,2005-06-10,1438,9444000,1,2,2026-05
슬랙 베이: 바닷가 마을의 비밀,2018-04-05,1437,10598700,1,3,2025-01
"줄리엣, 네이키드",2024-09-25,1434,12146560,15,65,2024-10
티치아노. 색채의 제국,2024-09-25,1424,11139900,1,1,2024-12
대디오,2026-01-28,1419,13030300,40,169,2026-02
제프 쿤스. 그 은밀한 초상,2024-07-31,1404,10664700,1,1,2024-09
화이트 히트,,1404,3296000,1,4,2024-11
사스콰치 선셋,2025-07-02,1394,12491300,1,3,2025-08
왕립우주군-오네아미스의 날개,2007-10-18,1392,11585300,1,5,2025-03
베일리와 버드,2025-10-29,1365,12874450,17,157,2025-11
크레이지,2008-02-05,1364,8940000,1,4,2024-11
속초에서의 겨울,2025-11-26,1361,13158600,2,17,2026-01
바람이 우리를 데려다 주리라,2002-11-22,1354,9441000,1,2,2025-08
학이 난다,,1302,3397000,1,15,2025-06
전선의 우정,,1293,2537000,1,12,2026-06
히로시마 내사랑,2001-04-23,1288,7398000,1,2,2026-04
프리다. 삶이여 영원하라,2024-11-06,1269,9677600,3,21,2024-12
크레이지 호스,2012-04-19,1224,9199000,1,2,2026-06
러브 달바,2024-08-14,1187,10388339,5,14,2024-09
미시시피의 도박사,,1184,2383000,1,6,2026-02
나의 이름은 마리아,2025-11-26,1175,10270900,12,91,2025-12
모니카와의 여름,2013-07-04,1175,8605000,1,1,2026-04
황금마차,,1172,2659000,1,3,2024-01
산책하는 침략자,2018-08-16,1165,9270900,1,2,2025-12
"타르콥스키, 기도하는 영혼",2024-01-31,1141,9960762,1,3,2025-01
술타나의 꿈,2026-04-01,1136,10238600,2,17,2026-05
나의 속마음,,1131,2283000,1,5,2024-08
니캡,2025-06-18,1116,10648500,7,37,2025-07
베르메르: 위대한 전시회,2025-09-17,1115,10080400,1,1,2025-12
롤라,2019-08-22,1111,8533500,1,2,2026-04
호컴,2026-07-22,1110,9640000,6,7,2026-07
허셀프,2022-05-12,1103,8926600,1,1,2024-09
존 덴버 죽이기,2022-11-23,1101,8656000,1,1,2026-02
다운폴,2024-03-27,1089,10883578,1,3,2024-05
황혼의 빛,2006-12-14,1087,7371500,1,3,2026-04
달사람,2014-11-13,1078,8267000,1,3,2025-05
동백정원,2023-12-01,1070,8234500,4,7,2024-03
동년왕사,,1062,6680500,1,3,2026-05
2만 종의 벌,2023-12-27,1060,9951784,16,76,2024-01
보로미니와 베르니니. 완벽을 위한 도전,2024-12-04,1056,7579000,1,1,2025-03
군다,2022-07-14,1048,8997000,1,1,2024-08
리바이벌 69’,2024-12-04,1032,10111600,1,22,2025-08
맘마 로마,2025-08-20,996,8231400,4,35,2025-09
레이징 그레이스,2024-03-13,993,9159986,2,7,2024-04
내일,2018-04-05,978,6298000,1,3,2025-09
두 피아노를 위한 콘체르토,2026-01-28,978,8203300,21,106,2026-02
행복의 노란 손수건,2025-04-02,966,7369600,2,6,2025-05
장 미쉘 바스키아: 더 레이디언트 차일드,2020-12-09,957,8765600,1,1,2026-07
뮤리엘의 웨딩,1995-05-20,953,8100400,1,2,2025-02
레닌그라드 카우보이 미국에 가다,1996-05-18,938,6267500,1,3,2026-04
타타르인의 사막,2025-10-29,932,7578000,2,11,2025-12
바넬과 아다마,2024-10-02,912,8416920,23,196,2024-10
애정만세,1995-06-17,907,7487000,1,2,2025-05
사다코,2021-09-15,883,4798900,5,12,2024-07
국유장기,,875,8597000,3,7,2025-11
몽그렐스,2026-05-27,840,7816550,3,10,2026-07
쑤저우강,2024-10-09,838,9049700,1,3,2024-11
소녀가 소녀에게,2020-01-09,820,7882100,1,1,2024-06
어둠 속의 빛,2013-04-11,820,5331000,1,1,2024-10
초상화의 이면. 아카데미아 카라라의 보물들,2025-05-28,810,6035000,16,138,2025-06
로데오,2025-05-21,805,7141400,1,9,2025-07
일 부코,2024-01-24,788,6603445,1,3,2024-03
콜드 미트,2026-03-11,786,6962260,57,358,2026-03
리셋,2025-04-30,773,7162300,1,1,2026-06
머나먼 세상속으로,2014-07-31,770,4595000,1,3,2025-05
파편들의 집,2024-07-24,764,6639678,1,1,2025-12
성냥공장 소녀,2001-04-28,747,5087000,1,2,2026-04
키리에의 노래: 디렉터스 컷,2023-11-24,732,6353636,3,34,2024-05
화성특급,2025-04-02,716,6792900,1,3,2025-05
모래그릇,2026-04-02,701,6767020,1,1,2026-06
은판 위의 여인,2017-11-30,696,4903500,1,2,2025-12
페루지노. 영원한 르네상스,2026-03-04,691,4885500,2,10,2026-04
잔 뒤 바리,2024-04-03,687,6138030,18,127,2024-04
추억의 불야성,,682,1375000,1,8,2024-03
블러디 이스케이프: 지옥의 도주극,2024-07-25,680,6424917,4,9,2024-08
키시베 로한 루브르에 가다,2024-08-01,676,4939517,6,84,2024-08
뱀의 길,2026-07-22,628,5118500,3,6,2026-07
태양 아래(해설판),2016-07-14,622,4503000,1,1,2024-06
"그리고, 살아간다",2024-01-01,584,4792166,6,88,2024-01
범죄의 요소,2002-08-03,577,5685000,1,1,2024-08
킹 오브 뉴욕,2023-09-27,569,4440567,1,3,2024-03
"본인 출연, 제리",2024-11-13,564,5316800,1,2,2025-01
커밍 홈 어게인,2023-09-20,551,4917500,1,2,2024-06
리볼버 릴리,2024-03-21,546,4837469,2,4,2024-04
초대의 법칙,2023-05-11,529,5715000,1,3,2024-07
뉴클리어 나우,2023-12-06,515,5278039,1,1,2024-01
료마! 테니스의 왕자: 디사이드,2023-09-16,501,3963800,1,3,2024-10
"프란체스코, 신의 어릿광대",2025-09-17,491,3960300,1,2,2026-06
일로 일로,,483,4145700,11,53,2025-06
엠파이어,2025-08-20,461,4290200,2,11,2025-09
부재,2025-08-27,442,3795600,1,4,2025-10
태양을 향해 달려라,,430,860000,1,5,2024-03
떠돌이 개,,412,2863500,1,2,2024-08
봉신연의: 조가풍운,2024-01-24,409,3284317,2,8,2024-02
호랑이 소녀,2025-05-07,409,3899800,1,4,2025-06
잇츠 낫 미,,403,5289000,1,1,2024-12
미스터 노바디: 감독판,,401,2808000,1,3,2024-04
이사벨라 두크로트 언리미티드,2025-12-24,401,3307000,1,1,2026-02
라이브 플래쉬,1999-10-09,389,3121600,1,1,2025-09
3개의 얼굴들,2021-03-04,380,2723900,1,4,2025-08
나라야마 부시코,1999-10-30,373,2991000,1,7,2024-11
마더스 베이비,2025-12-11,360,1800000,5,18,2025-12
우주에서 가장 밝은 지붕,2022-03-17,357,1861039,5,28,2024-05
유코의 평형추,2024-05-01,356,2399139,1,1,2024-07
글로리아!,,344,3058000,1,2,2025-04
스퍼마게돈: 사정의 날,2025-10-23,318,3090400,1,1,2025-11
광음적고사,,317,3357900,1,1,2026-05
흔들리는 대지,,314,777000,1,2,2025-10
서바이벌 패밀리,2018-01-18,309,1618000,1,2,2025-07
버클리에서,,309,2136000,1,2,2026-06
조용한 리더,,289,2601000,1,1,2025-06
나이트 플라워,2026-01-08,274,2677600,16,100,2026-01
아카디안,2025-02-13,266,2403500,2,4,2025-03
보이 킬스 월드,2025-10-16,256,2442900,20,111,2025-10
위대한 환상,2026-06-10,254,1969300,4,12,2026-07
사우스사이드 위드 유,2018-09-06,253,1510000,1,2,2024-06
극장판 후르츠 바스켓: 프렐류드,2024-03-01,237,1729100,1,3,2024-04
호리아,2024-12-25,237,2217300,1,1,2025-09
한 번 뿐인 내 인생,,237,471000,1,2,2025-11
"피에르 보나르, 마르타 보나르",2025-11-28,230,1835500,1,2,2026-01
보통의 아이,,224,1120000,1,2,2025-10
신들의 분노,2022-01-20,222,1104000,1,1,2025-12
달의 차고 기움,2024-11-01,221,1606600,4,67,2024-11
나의 즐거운 일기,2001-11-05,220,1571300,1,2,2024-08
우드 잡!,,214,1640000,1,7,2025-06
8일 만에 죽은 괴수의 12일 이야기,2024-05-16,183,1211778,5,73,2024-05
굿바이 크루얼 월드,2024-07-16,183,1182200,1,1,2024-08
인 더 더스트,2019-10-04,180,1610000,1,1,2024-05
금발이 되고 싶어,2026-06-26,172,1144000,1,7,2026-07
정크 헤드,2024-09-01,170,1224000,1,1,2024-11
모두가 그녀를 사랑해,2026-02-11,170,1541900,7,70,2026-02
런 베이비 런,2025-09-04,168,1121000,5,13,2025-09
욕망의 모호한 대상,1999-03-27,167,1186000,1,2,2025-10
고딩감독,2014-12-18,167,1516000,1,1,2026-07
마이 스몰 랜드,2024-02-01,165,1104578,1,1,2024-07
서치: 데스게임,2024-01-18,160,960000,1,4,2024-02
타이거스 네스트: 호랑이의 보디가드,2024-05-16,160,1693500,5,20,2024-05
마이다스 맨: 전설의 시작,2025-09-24,160,1124000,5,7,2025-09
히즈,2024-01-10,158,1266000,5,9,2024-01
세 번째 부인,,158,1261000,1,1,2024-08
극장판 이치케이의 까마귀,2024-09-16,157,1106000,1,1,2024-10
나이트콜,2025-03-05,153,932000,5,28,2025-03
페이퍼 스파이더스,2023-05-18,151,1204326,1,2,2024-06
베어헌터,2024-03-28,148,888000,1,11,2024-04
지옥의 외인부대,2024-07-24,148,896000,1,7,2024-08
썬 오브 람세스,2024-02-07,145,1180600,1,5,2024-03
극장판 오드 택시 인 더 우즈,2024-02-16,143,965039,6,68,2024-02
닥터 코토 진료소,2024-10-16,137,913500,5,60,2024-10
베이비 어쌔신: 나이스 데이즈,2025-02-26,130,1124500,1,1,2025-04
성욕주의: 은밀한 밀회,2025-07-31,128,708000,1,2,2025-08
부르달락: 흡혈귀,2024-03-28,126,756000,2,7,2024-04
그레이트 칸,2024-05-23,122,732000,2,4,2024-06
유어 럭키 데이,2024-02-22,114,684000,2,4,2024-03
웨스턴 프론트: 서부전선,2023-12-21,108,648000,2,3,2024-01
사다코 디엑스,2024-07-01,108,751900,5,48,2024-07
서바이브,2025-01-23,104,624000,2,6,2025-02
트릭,2013-11-21,95,567000,1,2,2024-10
어떻게 해야 했을까?,2026-07-29,92,644000,1,1,2026-07
어처구니없는,2021-04-22,89,771500,1,3,2024-06
썬레이: 폴른 솔저,2025-05-15,88,528000,2,2,2025-06
하얀풍선,1999-06-19,88,386500,1,3,2025-08
2147,2025-02-27,84,504000,1,5,2025-03
거북의 등딱지는 갈비뼈,2024-06-01,82,489500,5,41,2024-06
공백,2024-03-16,80,565500,4,47,2024-03
섀도우 오브 파이어,2024-12-01,80,553000,5,42,2024-12
아토맨: 뉴 히어로,2025-11-20,78,468000,2,3,2025-12
도플갱어,2003-10-10,75,425000,1,3,2024-12
허 바디,2024-10-31,72,432000,2,4,2024-11
심패티 포 데블,2026-04-15,65,390000,2,2,2026-05
더치스: 복수의 화신,2026-03-05,60,360000,5,12,2026-03
내가 가진 것은 아무것도 없었다,,59,414300,1,2,2025-12
섹스중독 쉬운 여자,2026-07-03,43,253000,5,7,2026-07
리틀 블루,2024-06-27,35,86000,1,16,2024-07
서퍼,2026-07-09,35,210000,5,7,2026-07
라스트 서바이버,2023-12-14,34,80000,1,3,2024-01
컨트리 카바레,2023-11-30,28,187000,1,1,2024-01
21 파라다이스,2024-08-08,28,156000,5,7,2024-08
원 퍼센터,2024-08-23,28,164000,2,2,2024-09
오시리스,2026-04-23,25,150000,5,5,2026-04
잠금: 셧다운,2026-07-15,25,150000,5,5,2026-07
파이브 데이즈,2025-09-30,24,144000,4,4,2025-09
사탄의 부름,2025-12-24,24,94000,5,12,2025-12
시스터즈,2026-01-28,17,92000,5,5,2026-01
서브멀전스,,13,73000,5,6,2026-04
레이턴시,2025-07-24,11,73000,4,4,2025-07
일대무사,2025-08-28,11,66000,1,1,2025-09
깃털 달린 괴물,,9,72000,1,2,2026-05
데드 포 어 달러,2025-09-18,5,49000,2,4,2025-09
세틀러스,2024-05-15,1,1000,1,1,2024-05
