순위,영화명,개봉일,제작연도,제작국가,장르,감독,개봉스크린수,첫주관객,첫주상영횟수,최종누적관객,누적매출액,배수,스크린당관객
1,서브스턴스,2024-12-11,2024,영국,스릴러,코랄리 파르쟈,372,65389,3696,561934,5481959540,8.59,1511
2,8번 출구,2025-10-22,2025,일본,스릴러(1),카와무라 겐키,781,211707,17123,450206,4402823930,2.13,576
3,콘클라베,2025-03-05,2024,미국,드라마(1),에드워드 버거,630,84805,7569,334972,3194605300,3.95,532
4,국보,2025-11-19,2025,일본,드라마,이상일,521,67401,5571,221160,2151220110,3.28,424
5,존 오브 인터레스트,2024-06-05,2023,미국,드라마,조나단 글레이저,392,69477,4131,207833,2056468040,2.99,530
6,플로우,2025-03-19,2024,기타,애니메이션,긴츠 질발로디스,693,59542,6129,181275,1729225550,3.04,262
7,가여운 것들,2024-03-06,2023,미국,드라마(2),요르고스 란티모스,471,73663,5360,156159,1561873065,2.12,332
8,해피엔드,2025-04-30,2024,일본,드라마,소라 네오,111,33122,1060,152065,1522708770,4.59,1370
9,퍼펙트 데이즈,2024-07-03,2023,일본,드라마,빔 벤더스,137,21686,1296,142633,1344642331,6.58,1041
10,시빌 워: 분열의 시대,2024-12-31,2024,미국,액션(2),알렉스 가랜드,662,84078,7118,113869,1166047390,1.35,172
11,청춘 18X2 너에게로 이어지는 길,2024-05-22,2024,대만(1),멜로/로맨스,후지이 미치히토,635,82550,10399,112257,1076988964,1.36,177
12,아기상어 극장판: 사이렌 스톤의 비밀,2024-02-07,2023,미국,애니메이션,,578,56583,4682,106411,939695914,1.88,184
13,추락의 해부,2024-01-31,2023,프랑스,드라마(1),쥐스틴 트리에,236,35124,2193,105134,1031436703,2.99,445
14,악마와의 토크쇼,2024-05-08,2023,호주,공포(호러),,254,52402,4422,101253,983551800,1.93,399
15,브루탈리스트,2025-02-12,2024,미국,드라마,브래디 코베,302,30341,2967,95900,959223020,3.16,318
16,초속 5센티미터,2026-02-25,2025,일본,드라마(1),오쿠야마 요시유키,568,70220,6610,93404,892277200,1.33,164
17,고독한 미식가 더 무비,2025-03-19,2025,일본,드라마,마츠시게 유타카,662,57034,7512,93319,861605300,1.64,141
18,센티멘탈 밸류,2026-02-18,2025,노르웨이,드라마,요아킴 트리에,197,21496,1506,79202,778279040,3.68,402
19,아노라,2024-11-06,2024,미국,드라마(2),션 베이커,314,25490,3222,79017,781196620,3.1,252
20,시라트,2026-01-21,2025,스페인,드라마,올리베르 라셰,195,25821,1677,72363,712318730,2.8,371
21,로봇 드림,2024-03-13,2023,스페인(1),애니메이션,파블로 베르헤르,114,8387,845,71108,693711997,8.48,624
22,여행과 나날,2025-12-10,2025,일본,드라마,미야케 쇼,154,23587,1222,66520,635049141,2.82,432
23,이처럼 사소한 것들,2024-12-11,2024,미국,드라마,,78,15014,711,61405,580838760,4.09,787
24,10 라이브즈,2024-08-15,2024,영국,애니메이션,크리스토퍼 젠킨스,191,29182,1567,60606,441732800,2.08,317
25,화양연화 특별판,2025-12-31,2000,홍콩,드라마,왕가위,174,28164,1265,52606,527503522,1.87,302
26,정글번치: 월드투어,2024-01-31,2023,프랑스,애니메이션,,193,22804,1812,52193,431379500,2.29,270
27,오지: 사라진 숲을 찾아서,2024-09-13,2023,미국,애니메이션,,214,35662,1895,50986,396502975,1.43,238
28,투게더,2025-09-03,2025,미국,공포(호러)(1),마이클 쉥크스,251,30694,3543,50176,416224000,1.63,200
29,스즈메의 문단속: 다녀왔어,2024-01-10,2022,일본,애니메이션,신카이 마코토,185,24533,1419,48577,479767900,1.98,263
30,악은 존재하지 않는다,2024-03-27,2023,일본,드라마,하마구치 류스케,149,19164,1351,47163,462380650,2.46,317
31,프렌치 수프,2024-06-19,2023,프랑스,멜로/로맨스(1),트란 안 홍,234,19675,1690,46965,436751495,2.39,201
32,도그맨,2024-01-24,2025,미국,애니메이션,피터 헤이스팅스,496,41097,6723,46705,435005149,1.14,94
33,로마의 휴일,2025-08-20,1953,미국(1),멜로/로맨스(2),윌리엄 와일러,79,9039,681,46620,307243900,5.16,590
34,꼬마 판다 팡의 아프리카 대모험,2025-01-22,2024,네덜란드,애니메이션,"리처드 클라우스 , 카스텐 킬러리치",198,17782,1627,44979,359615000,2.53,227
35,그저 사고였을 뿐,2025-10-01,2025,이란,액션(2),자파르 파나히,102,13688,723,44558,430074610,3.26,437
36,롱레그스,2024-10-30,2023,미국,공포(호러)(1),,276,32906,2974,44495,395409400,1.35,161
37,페라리,2025-01-08,2024,오스트리아,드라마,,562,35965,6359,42298,407348520,1.18,75
38,톰과 제리: 황금나침반 대소동,2026-01-01,2025,미국,애니메이션,,406,29785,2327,40908,347484520,1.37,101
39,이사,2025-07-23,,,,,80,11562,583,39779,397602000,3.44,497
40,꼬마참새 리차드: 신비한 보석 탐험대,2024-05-01,2023,독일(2),애니메이션,,174,23004,1212,39016,300877200,1.7,224
41,파더 마더 시스터 브라더,2025-12-31,2025,프랑스,드라마,짐 자무쉬,68,13189,452,37981,348605560,2.88,559
42,스탑 메이킹 센스,2025-08-13,1984,미국,다큐멘터리,조나단 드미,81,14047,693,37571,436647381,2.67,464
43,덤 머니,2024-01-17,2023,미국,코미디(1),크레이그 질레스피,465,29130,5030,37262,346814109,1.28,80
44,페니키안 스킴,2025-05-28,2025,미국,드라마(1),웨스 앤더슨,339,23279,2791,37172,350365850,1.6,110
45,위 리브 인 타임,2026-04-08,2024,프랑스,멜로/로맨스(1),존 크로울리,242,22181,2617,34766,267302350,1.57,144
46,난징사진관,2025-11-05,2025,중국,드라마,신오,272,18911,2198,34703,315045380,1.84,128
47,메이 디셈버,2024-03-13,2023,미국,드라마,토드 헤인즈,400,21453,3214,33620,310032799,1.57,84
48,에밀리아 페레즈,2025-03-12,2024,프랑스,뮤지컬(1),자크 오디아르,365,20375,3136,33103,267151700,1.62,91
49,어글리 시스터,2025-08-20,2025,노르웨이(1),공포(호러),에밀리 블리치펠트,187,20214,1777,31866,310562900,1.58,170
50,바튼 아카데미,2024-02-21,2023,미국,코미디(1),알렉산더 페인,254,16214,2195,31621,297503999,1.95,124
51,드림 시나리오,2024-05-29,2023,미국,코미디(1),크리스토퍼 보글리,392,23533,3641,31539,258888629,1.34,80
52,언더더씨: 마법 산호초를 찾아서,2024-06-27,2023,독일,애니메이션,,215,12879,1023,30960,236804755,2.4,144
53,데드데드 데몬즈 디디디디 디스트럭션: 파트1,2025-01-08,2024,일본,애니메이션,,375,17975,3456,30801,259858020,1.71,82
54,폭탄,2026-03-18,2025,일본,스릴러,나가이 아키라,185,19013,1929,30798,241480450,1.62,166
55,러브 라이즈 블리딩,2024-07-10,2023,미국,범죄(1),로즈 글래스,139,19849,1980,30616,242722950,1.54,220
56,베러맨,2025-04-09,2024,영국,뮤지컬(1),마이클 그레이시,418,21900,4471,30612,240127300,1.4,73
57,몬테크리스토 백작,2026-02-13,2024,프랑스,드라마,알렉상드르 드 라 파텔리에르,100,13177,700,29566,248438160,2.24,296
58,퀴어,2025-06-20,,,,,235,17202,2367,29104,279192200,1.69,124
59,척의 일생,2025-12-24,2024,미국,드라마(1),마이크 플래너건,167,15833,1203,27793,268950730,1.76,166
60,나의 올드 오크,2024-01-17,2023,아일랜드,드라마,켄 로치,83,9918,788,26446,242020906,2.67,319
61,리틀 엠마,2024-10-25,2024,미국,애니메이션,레오 루이스 랴오,212,12897,1170,26297,189395100,2.04,124
62,북극백화점의 안내원,2024-06-19,2023,일본,애니메이션,이타즈 요시미,170,16573,1816,25928,225470800,1.56,153
63,굿 포츈,2026-01-07,2025,미국,코미디(1),아지즈 안사리,380,23626,3008,25871,227897170,1.1,68
64,노스페라투,2025-01-15,2024,미국,공포(호러),로버트 에거스,362,18547,3462,25830,263917500,1.39,71
65,르누아르,2026-04-22,2025,일본(1),드라마,하야카와 치에,132,12929,1444,25468,188773340,1.97,193
66,석류의 빛깔,2025-11-26,1969,소련,드라마,세르게이 파라자노프,59,11091,468,25334,255924800,2.28,429
67,마리아,2025-04-16,,,,,273,13606,2359,25082,225762160,1.84,92
68,포풍추영,2025-09-20,2025,홍콩(1),액션(1),래리 양,106,14666,738,24921,282691000,1.7,235
69,용감한 돌고래 벨루와 바닷속 친구들,2024-03-13,2023,캐나다,애니메이션,,180,11518,859,24426,179074580,2.12,136
70,누벨바그,2025-12-31,2025,프랑스,드라마,리차드 링클레이터,141,13483,1188,23477,189037750,1.74,167
71,화이트 버드,2025-03-12,2023,미국,드라마,마크 포스터,198,12222,1999,23194,172963900,1.9,117
72,베이비걸,2025-10-29,2024,미국,스릴러(2),할리나 레인,157,15442,2416,22859,176950720,1.48,146
73,태풍 클럽,2024-06-26,1985,일본,기타,소마이 신지,51,5901,433,22793,230987941,3.86,447
74,미세리코르디아,2025-07-16,2024,프랑스(2),드라마,알랭 기로디,42,4485,257,22766,225239950,5.08,542
75,연소일기,2024-11-13,2023,홍콩,드라마,탁역겸,288,13168,2109,22490,197373720,1.71,78
76,꼬마돼지 베이브와 타피티,2025-11-13,2025,독일,애니메이션,니나 웰스,359,15428,1462,22441,180779700,1.45,63
77,고스트캣 앙주,2025-01-22,2024,일본,애니메이션,"야마시타 노부히로 , 쿠노 요코",137,11915,1386,21364,189188300,1.79,156
78,200% 울프: 최강 푸들이 될 거야!,2025-03-12,2024,호주,애니메이션,알렉스 슈타더만,237,12405,1110,20261,151062900,1.63,85
79,바커스: 슈퍼스타가 될 거야,2024-06-01,2022,러시아,애니메이션,,173,13121,1064,20194,143076100,1.54,117
80,펫 트레인,2026-03-28,2025,프랑스,애니메이션,,184,12054,809,20011,151223550,1.66,109
81,비욘드 유토피아,2024-01-31,2023,미국,다큐멘터리,매들린 개빈,158,9437,1666,19878,188993099,2.11,126
82,탐정 말로,2024-03-21,2022,아일랜드(1),범죄(2),닐 조단,183,16686,1700,19546,142410400,1.17,107
83,새벽의 모든,2024-09-18,2024,일본,드라마,미야케 쇼,118,13286,939,19482,180713300,1.47,165
84,우리에게는 아직 내일이 있다,2026-03-04,2023,이탈리아,드라마,,84,8439,687,19378,167570340,2.3,231
85,"1초 앞, 1초 뒤",2024-06-19,2023,일본,멜로/로맨스(1),야마시타 노부히로,266,15973,1909,19051,166231939,1.19,72
86,두 검사,2026-04-01,2025,프랑스(2),기타,세르게이 로즈니차,51,5581,339,18812,174723610,3.37,369
87,리얼 페인,2025-01-15,2024,미국,드라마(1),제시 아이젠버그,284,11114,2937,18658,178517080,1.68,66
88,비발디와 나,2026-04-29,2025,이탈리아,드라마,다미아노 미키엘레토,49,6280,341,18242,160258900,2.9,372
89,이매큘레이트,2024-07-17,2024,미국,공포(호러),마이클 모한,191,17279,1654,18142,168665912,1.05,95
90,미야자키 하야오: 자연의 영혼,2025-05-28,2024,프랑스,다큐멘터리,레오 파비에,220,12368,1877,18061,147879500,1.46,82
91,우리가 빛이라 상상하는 모든 것,2025-04-23,2024,인도,드라마,파얄 카파디아,63,5925,567,17561,165228200,2.96,279
92,힌드의 목소리,2026-04-15,2025,프랑스,드라마,,116,9496,897,17331,158717380,1.83,149
93,마더스,2024-04-03,2024,미국,스릴러,브누아 들롬,207,13901,1645,17275,149829982,1.24,83
94,클로즈 유어 아이즈,2024-11-06,2023,스페인,드라마,빅토르 에리세,34,3233,199,17211,166756760,5.32,506
95,아르코,2026-03-11,2025,프랑스,애니메이션,우고 비엔베누,233,8899,1622,16970,149109760,1.91,73
96,여름정원,2025-08-06,1994,일본,드라마,소마이 신지,79,7349,511,16760,157921160,2.28,212
97,빌리와 용감한 타이거 킹,2025-09-11,2024,말레이시아,애니메이션,,241,11844,942,16628,145294720,1.4,69
98,극장판 츠루네: 시작의 한 발,2024-02-21,2022,일본,애니메이션,야마무라 타쿠야,119,9177,1146,16531,150253101,1.8,139
99,할머니가 죽기 전 백만장자가 되는 법,2024-10-09,2024,태국,드라마,팟 부니티팻,172,10466,1847,15568,114630450,1.49,91
100,마이 선샤인,2026-01-07,2024,일본,드라마,오쿠야마 히로시,244,10882,1610,15334,145946300,1.41,63
101,류이치 사카모토: 다이어리,2026-04-01,2025,일본,다큐멘터리,,127,6541,842,15268,150908000,2.33,120
102,창가의 토토,2024-05-29,2023,일본,애니메이션,야쿠와 신노스케,321,8915,1901,15047,135026143,1.69,47
103,다이 마이 러브,2026-03-04,2025,미국,드라마(1),린 램지,115,9365,1067,14991,128942200,1.6,130
104,출동! 왕엉덩이 히어로: 털복숭이 꼬리도적단 소탕작전,2025-04-12,2020,호주,애니메이션(2),리카르드 쿠소,177,8390,838,14829,121341100,1.77,84
105,침묵의 친구,2026-04-15,2025,독일,드라마,,67,5155,449,14778,153679370,2.87,221
106,키메라,2024-04-03,2023,이탈리아,드라마,알리체 로르와커,51,4830,443,14742,142738969,3.05,289
107,사유리,2025-04-16,2024,일본,공포(호러),시라이시 코지,191,9985,1675,14736,141290100,1.48,77
108,립세의 사계,2024-01-10,2023,폴란드,애니메이션,"DK 웰치먼 , 휴 웰치맨",186,8978,1886,14582,113266240,1.62,78
109,플랜 75,2024-02-07,2022,일본,드라마,하야카와 치에,50,5162,325,14471,131960066,2.8,289
110,그랑 메종 파리,2025-08-27,2024,일본,드라마,츠카하라 아유코,141,9478,1308,14449,109036200,1.52,102
111,렌탈 패밀리: 가족을 빌려드립니다,2026-02-25,2025,미국,드라마(1),,186,10137,1570,14383,130343540,1.42,77
112,애니멀 킹덤,2025-01-22,2023,프랑스,미스터리(2),토마스 카일리,96,5467,680,14330,133964100,2.62,149
113,호두까기 인형과 마술피리,2024-10-30,2022,러시아,애니메이션,,258,10316,1033,14285,120485050,1.38,55
114,데드데드 데몬즈 디디디디 디스트럭션: 파트2,2025-02-05,2024,일본,애니메이션,,220,7251,1512,13956,115409160,1.92,63
115,전장의 크리스마스,2024-11-20,1983,영국,드라마(1),오시마 나기사,65,4903,438,13242,127374732,2.7,204
116,카라바조의 그림자,2025-01-22,2022,이탈리아,드라마,미첼 프라치도,35,4768,240,12642,115090260,2.65,361
117,몬스터 프렌즈,2024-04-25,2023,스페인,애니메이션,,180,8893,813,12519,101256715,1.41,70
118,그리드맨 유니버스,2025-05-21,2023,일본,애니메이션,아메미야 아키라,112,5500,942,12510,98942580,2.27,112
119,여름날의 레몬그라스,2024-11-27,2024,대만,멜로/로맨스,,72,7333,566,12312,71507100,1.68,171
120,인어공주: 마법물약의 비밀,2024-03-14,2023,미국,애니메이션,,188,9189,742,12265,105988262,1.33,65
121,미러 넘버 3,2025-10-01,2025,독일,드라마(2),크리스티안 페촐트,60,4008,418,12176,115984100,3.04,203
122,끝이 없는 스칼렛,2026-01-14,2025,일본,애니메이션,호소다 마모루,165,10292,1539,12111,104038200,1.18,73
123,"나의 아픈, 사랑이야기",2025-08-13,2025,대만,멜로/로맨스,,146,10719,1039,11899,102330800,1.11,82
124,후레루.,2025-06-25,2024,일본,애니메이션,오카다 마리,157,9472,1434,11775,89595500,1.24,75
125,구룡성채: 무법지대,2024-10-16,2024,홍콩,액션,정 바오루이,134,7982,1481,11622,99918950,1.46,87
126,퀸 락 몬트리올,2026-04-15,2024,영국,공연,사울 스위머,156,6997,1171,11617,150012340,1.66,74
127,프리실라,2024-06-19,1994,호주,코미디(1),스티븐 엘리엇,158,6929,954,11548,103947784,1.67,73
128,프로이트의 라스트 세션,2024-08-21,2023,미국,드라마,매트 브라운,76,7957,600,11375,100515238,1.43,150
129,킬,2024-08-28,,,,,126,8614,1444,11177,80584100,1.3,89
130,연지구 디 오리지널 4K,2026-03-25,1987,홍콩,판타지(1),관금붕,130,6309,979,11080,110674800,1.76,85
131,코마다 위스키 패밀리,2024-09-05,2023,일본,애니메이션,요시하라 마사유키,150,9142,1165,11062,88734000,1.21,74
132,리 밀러: 카메라를 든 여자,2025-09-24,2023,호주,드라마,,77,6154,525,10663,96834280,1.73,138
133,벌집의 정령,2025-01-29,1973,스페인,드라마,빅토르 에리세,36,3967,261,10478,96747860,2.64,291
134,노 베어스,2024-01-10,2022,이란,드라마,자파르 파나히,41,2889,279,10422,101495312,3.61,254
135,프라우드 프린세스: 로열 어드벤처,2025-08-15,2024,체코,애니메이션(1),,126,7230,896,10374,75517400,1.43,82
136,얼음 여왕,2026-01-28,2025,노르웨이,애니메이션,,159,5648,854,10331,78937600,1.83,65
137,타년타일,2026-01-28,2025,홍콩,멜로/로맨스(1),,172,7434,1281,10154,67579400,1.37,59
138,그리고 바통은 넘겨졌다,2024-07-17,2021,일본,드라마,마에다 테츠,111,8212,1127,10127,74486000,1.23,91
139,대결! 애니메이션,2024-03-06,2022,일본,드라마,요시노 코헤이,103,5766,913,10118,73541116,1.75,98
140,슈퍼 해피 포에버,2025-12-24,2024,일본,드라마,이가라시 코헤이,55,5188,346,10104,103183100,1.95,184
141,라이즈,2024-01-17,,,,,68,4016,533,9503,85854460,2.37,140
142,캣퍼슨,2024-06-19,2023,프랑스,드라마(2),수잔나 포겔,157,8745,896,9493,78273300,1.09,60
143,쇼잉 업,2025-01-08,2024,미국,드라마,켈리 라이카트,46,4494,398,9457,89024200,2.1,206
144,우리들의 교복시절,2025-07-11,2024,대만,드라마(1),촹칭션,124,5237,634,9389,87187465,1.79,76
145,물의 연대기,2026-01-28,2025,미국,드라마,크리스틴 스튜어트,88,7354,577,9315,78985800,1.27,106
146,발코니의 여자들,2025-07-09,2024,프랑스,코미디(1),노에미 멜랑,45,2969,301,9310,87232100,3.14,207
147,아임 스틸 히어,2025-08-20,2024,브라질,드라마,월터 살레스,44,4799,348,9308,83194400,1.94,212
148,생츄어리 2 : 쿼카가 너무해,2024-03-07,2020,호주,애니메이션(2),리카르드 쿠소,249,7004,780,9261,81510141,1.32,37
149,디베르티멘토,2024-08-07,2022,프랑스,드라마,마리-카스티유 망시옹-샤르,31,3276,212,9205,75426478,2.81,297
150,메모리,2025-01-22,2024,한국,SF(1),장하원,35,3908,265,9194,83406400,2.35,263
151,파르테노페,2025-09-24,2024,이탈리아,드라마(1),파올로 소렌티노,53,7392,374,8968,80067900,1.21,169
152,리틀 아멜리,2026-01-14,2025,프랑스,애니메이션,"메일리스 발라데 , 리안 조 한",116,4809,710,8793,91227300,1.83,76
153,왓츠 러브,2024-03-20,2022,영국,멜로/로맨스(2),세자르 카푸르,188,7703,1513,8738,78500397,1.13,46
154,신성한 나무의 씨앗,2025-06-03,2024,독일,드라마,모함마드 라술로프,46,3185,312,8595,77629000,2.7,187
155,미야자키 하야오의 그대들은 어떻게 살 것인가,2026-04-15,2024,일본,다큐멘터리,,78,5063,639,8404,62307190,1.66,108
156,굿 보이,2025-10-22,2025,미국,스릴러(1),벤 레온버그,140,5266,1105,8338,68121740,1.58,60
157,내 말 좀 들어줘,2025-08-20,2024,영국,드라마,마이크 리,34,3679,247,8259,76846700,2.24,243
158,왼손잡이 소녀,2025-11-12,2025,미국,드라마(1),쩌우스칭,75,5987,537,8120,71360360,1.36,108
159,볼레로: 불멸의 선율,2025-04-30,2024,프랑스,드라마,안느 퐁텐,37,4157,249,7978,68604200,1.92,216
160,미치광이 피에로,2025-06-04,1965,프랑스(1),드라마,장 뤽 고다르,35,2918,237,7614,74887600,2.61,218
161,마작,2025-10-15,1996,대만,드라마,에드워드 양,108,4091,818,7572,78353870,1.85,70
162,네 멋대로 해라,2026-01-14,1960,프랑스,드라마(1),장 뤽 고다르,26,1742,197,7526,52029030,4.32,289
163,고양이 수비대: 모나리자를 지켜라!,2025-05-14,2023,러시아,애니메이션,바실리 로벤스키,151,4973,675,7504,59763400,1.51,50
164,이오 카피타노,2024-08-07,2023,이탈리아,드라마,마테오 가로네,45,5618,378,7460,66987339,1.33,166
165,세븐 베일즈,2025-05-14,2024,캐나다,드라마,아톰 에고이안,136,6143,1022,7419,50984400,1.21,55
166,악이 도사리고 있을 때,2024-10-09,2023,아르헨티나(1),공포(호러)(2),데미안 루냐,229,6210,1625,7409,57430800,1.19,32
167,차이콥스키의 아내,2024-05-01,2022,러시아,멜로/로맨스(1),키릴 세레브렌니코프,38,3363,274,7349,61150554,2.19,193
168,"낸 골딘, 모든 아름다움과 유혈사태",2024-05-15,2022,미국,다큐멘터리,로라 포이트러스,49,3202,341,7321,70221495,2.29,149
169,오키쿠와 세계,2024-02-21,2023,일본,드라마,사카모토 준지,36,3031,251,7218,67240295,2.38,200
170,뱀파이어 헌터 D,2025-11-12,2000,일본,애니메이션,카와지리 요시아키,54,3655,494,7168,72125800,1.96,133
171,안녕하세요,2026-02-11,1959,일본,드라마,오즈 야스지로,38,2363,259,7082,66258700,3.0,186
172,#진상을 말씀드립니다,2025-09-24,2025,일본,미스터리(2),토요시마 케이스케,113,5509,940,7002,53060800,1.27,62
173,성 베드로 대성당과 로마의 교황청 대성당들,2025-01-15,2016,이탈리아,다큐멘터리,,19,1335,131,6919,56592860,5.18,364
174,기괴도,2024-06-12,2023,일본,공포(호러),시미즈 다카시,106,6331,920,6912,51723749,1.09,65
175,힙노시스: LP 커버의 전설,2024-05-01,2022,영국,다큐멘터리,안톤 코르빈,53,3524,338,6624,64433647,1.88,125
176,트라페지움,2024-11-14,2024,일본,애니메이션,,105,5379,786,6490,51598500,1.21,62
177,8과 1/2,2025-07-23,,,,,23,1993,142,6409,59989900,3.22,279
178,클레오의 세계,2024-01-03,2023,프랑스,드라마,마리 아마추켈리,47,3102,370,6404,61900677,2.06,136
179,영화 스미코구라시 - 푸른 달밤의 마법의 아이,2024-02-07,2019,일본,애니메이션,오오모리 타카히로,106,4253,702,6401,52317720,1.51,60
180,사랑의 탐구,2024-09-18,2023,캐나다,멜로/로맨스,모니아 쇼크리,35,3121,232,6399,58980360,2.05,183
181,담뽀뽀,2025-12-17,1985,일본,코미디,이타미 주조,25,3163,161,6377,62250576,2.02,255
182,럭키 데이 인 파리,2025-11-12,2023,미국,멜로/로맨스(1),우디 앨런,63,3628,423,6335,60621370,1.75,101
183,더 원더스,2024-07-31,2014,이탈리아,드라마,알리체 로르와커,44,3257,272,6276,57909456,1.93,143
184,위국일기,2024-10-02,2024,일본,드라마,세타 나츠키,69,3078,431,6187,60883900,2.01,90
185,사운드 오브 폴링,2025-12-17,2025,독일,드라마,마샤 실린스키,50,3473,294,6168,64863810,1.78,123
186,피렌체와 우피치 미술관,2024-06-26,2015,이탈리아,다큐멘터리,,17,1550,110,6019,47998606,3.88,354
187,바늘을 든 소녀,2025-12-10,2024,덴마크,드라마,매그너스 본 혼,39,2391,220,5778,53860950,2.42,148
188,독립시대,2024-09-25,1994,대만,코미디(2),에드워드 양,42,3004,363,5704,54436860,1.9,136
189,나미비아의 사막,2025-05-07,2024,일본,드라마,야마나카 요코,55,3106,375,5620,52674800,1.81,102
190,달팽이의 회고록,2025-04-30,2024,호주,애니메이션,아담 엘리어트,50,3221,336,5596,49457960,1.74,112
191,파문,2025-01-15,2023,일본,드라마,오기가미 나오코,97,2724,670,5580,52097100,2.05,58
192,넥스트 골 윈즈,2024-01-24,2023,미국,코미디,타이카 와이티티,156,3973,1326,5497,50989771,1.38,35
193,원맨,2024-09-04,2023,아일랜드,액션(1),로버트 로렌즈,147,5199,1170,5463,51242000,1.05,37
194,고백,2025-02-19,,,,,100,4544,850,5417,39871000,1.19,54
195,해상화,2026-02-04,1998,일본,드라마,허우 샤오시엔,35,2678,233,5380,47460170,2.01,154
196,찬란한 내일로,2024-05-29,2023,이탈리아(1),드라마,난니 모레티,42,2441,296,5343,47869480,2.19,127
197,기빗올: 우리들의 썸머,2025-06-18,2024,일본,애니메이션,사쿠라기 유헤이,107,3324,767,5194,39836970,1.56,49
198,국외자들,2024-09-25,1964,프랑스,드라마(1),장 뤽 고다르,24,2151,163,5156,51079860,2.4,215
199,언데드 다루는 법,2025-01-22,2024,노르웨이,드라마(2),테아 히비스텐달,64,3876,443,5152,46157500,1.33,80
200,어네스트와 셀레스틴: 멜로디 소동,2025-06-11,2022,프랑스,애니메이션,,119,3818,776,5104,35848200,1.34,43
201,두 번째 계절,2026-01-28,2023,프랑스,멜로/로맨스,스테판 브리제,29,2191,184,5089,43848800,2.32,175
202,보티첼리. 피렌체와 메디치,2024-04-24,2021,이탈리아,다큐멘터리,,14,616,78,5041,41321612,8.18,360
203,남쪽,2026-02-18,1983,스페인(1),드라마(1),빅토르 에리세,40,1790,218,5001,46964200,2.79,125
204,그랜드 투어,2025-03-26,2024,포르투갈,드라마,미겔 고미스,43,2087,268,4992,43257700,2.39,116
205,"끝, 새로운 시작",2025-03-26,2023,영국,드라마,마할리아 벨로,79,4185,495,4985,41718800,1.19,63
206,총을 든 스님,2025-01-01,2023,기타,드라마(1),,32,1503,213,4835,41962100,3.22,151
207,오늘부터 댄싱퀸,2024-05-29,2023,노르웨이,드라마,오로라 고세,106,2746,869,4735,35526300,1.72,45
208,영화 스미코구라시 - 튀어나오는 그림책과 비밀의 아이,2024-01-24,2019,일본,애니메이션,만큐,101,3038,642,4670,40442390,1.54,46
209,"파리, 밤의 여행자들",2025-12-17,2022,프랑스,드라마,미카엘 허스,37,2119,204,4665,42050900,2.2,126
210,크래쉬: 디렉터스컷,2025-03-26,1996,캐나다,범죄(1),데이비드 크로넨버그,46,2488,283,4622,44852600,1.86,100
211,네이키드 런치,2025-06-25,1991,캐나다(1),드라마(1),데이비드 크로넨버그,28,2389,180,4577,43825700,1.92,163
212,마거리트의 정리,2024-06-27,2023,프랑스,드라마,안나 노비옹,29,1564,182,4532,43397439,2.9,156
213,터널,2025-12-31,2025,베트남,전쟁(2),추옌 부이 탁,40,4179,286,4522,34786900,1.08,113
214,공드리의 솔루션북,2024-08-14,,,,,44,2636,275,4518,43525000,1.71,103
215,킹덤4: 대장군의 귀환,2024-11-20,2024,일본,액션(1),사토 신스케,88,3685,600,4500,30111620,1.22,51
216,반 고흐. 밀밭과 구름 낀 하늘,2025-07-30,2018,이탈리아,다큐멘터리,,20,2115,113,4425,34431000,2.09,221
217,마리우폴에서의 20일,2024-11-06,2023,미국,다큐멘터리(1),므스티슬라우 체르노우,50,1681,326,4406,36353060,2.62,88
218,포제션,2025-10-08,1981,프랑스,드라마(1),안드레이 줄랍스키,28,2733,164,4338,43136840,1.59,155
219,클럽 제로,2024-01-24,2023,오스트리아 (1),미스터리(1),예시카 하우스너,60,3993,516,4321,38153125,1.08,72
220,튜즈데이,2026-01-14,2023,미국,드라마(1),,45,3454,285,4250,36056800,1.23,94
221,조상님이 보고계셔,2025-11-27,2025,베트남,코미디,,47,3809,323,4166,30836700,1.09,89
222,브레이킹 아이스,2025-06-04,2023,중국(1),멜로/로맨스,안소니 첸,66,2253,412,4050,38345000,1.8,61
223,모네의 수련. 물과 빛의 마법,2025-06-25,2018,이탈리아,다큐멘터리,,16,1195,88,4017,28374300,3.36,251
224,어리석은 자는 누구인가,2026-01-07,2025,일본,스릴러(1),나가타 고토,81,2257,405,4013,44548400,1.78,50
225,애시드 레인: 죽음의 비,2024-11-27,2023,프랑스,기타,쥐스트 필리포,48,3623,302,3994,32467500,1.1,83
226,라스트 썸머,2024-04-03,2023,프랑스,드라마(1),카트린느 브레이야,37,3278,237,3950,33512500,1.21,107
227,이제 다시 시작하려고 해,2025-04-23,2024,스페인,드라마,호나스 트루에바,44,1665,273,3865,34968500,2.32,88
228,라파엘로. 예술의 군주,2024-05-29,2017,이탈리아,다큐멘터리,,24,1434,147,3811,30712439,2.66,159
229,"오늘 하늘이 가장 좋아,라고 아직 말할 수 없는 나는",2025-11-26,2024,일본,드라마,오오쿠 아키코,81,2473,513,3776,39300250,1.53,47
230,정욕,2024-05-29,2023,일본,드라마(1),기시 요시유키,39,1808,264,3696,34677767,2.04,95
231,동경의 황혼,2024-10-09,1957,일본,드라마(1),오즈 야스지로,15,609,82,3658,30678300,6.01,244
232,래빗스쿨 2: 부활절 대소동,2024-03-27,2022,독일,애니메이션,우테 폰 뮌쇼폴,126,2973,473,3637,29794990,1.22,29
233,레드 룸스,2024-10-09,2023,캐나다,스릴러,파스칼 플란테,26,1952,176,3579,35425100,1.83,138
234,엣 더 벤치,2025-07-30,2024,일본,드라마,오쿠야마 요시유키,34,2269,226,3561,33589400,1.57,105
235,차임,2026-03-04,2024,일본,스릴러(1),구로사와 기요시,48,2097,296,3483,33522700,1.66,73
236,너는 나를 불태워,2025-08-27,2024,아르헨티나,드라마,마티아스 피녜이로,30,1620,189,3468,33494900,2.14,116
237,곤돌라,2025-04-23,2023,독일,멜로/로맨스,바이트 헬머,38,1682,239,3375,31528800,2.01,89
238,"알레고리, 잇츠 낫 미",2024-12-18,2024,프랑스,기타,,29,1341,192,3300,32239400,2.46,114
239,갓랜드,2024-02-28,2022,덴마크(3),드라마,흘리뉘르 팔메이슨,24,1344,141,3197,25878530,2.38,133
240,그들은 피아노 연주자를 쐈다,2025-01-29,2023,스페인,애니메이션,"페르난도 트루에바 , 하비에르 마리스칼",35,2172,234,3162,29985900,1.46,90
241,다잉,2025-12-10,2024,독일,드라마,매티아스 글래스너,32,1423,195,3093,28008600,2.17,97
242,드림 홈,2026-02-04,2010,홍콩,공포(호러)(1),팡호청,34,2787,239,3080,25941900,1.11,91
243,제프 맥페트리지: 드로잉 라이프,2025-08-13,2023,미국,다큐멘터리,댄 코버트,24,1221,146,3057,28394300,2.5,127
244,잠자는 바보,2025-09-10,2025,일본,드라마,사카모토 유고,110,2157,784,3043,32181780,1.41,28
245,노 어더 랜드,2026-03-04,2024,팔레스타인(1),다큐멘터리,,30,1367,171,2968,26493800,2.17,99
246,와일드 투어,2025-03-12,2019,일본,드라마,미야케 쇼,22,670,120,2932,25904100,4.38,133
247,여기는 아미코,2024-02-28,2022,일본,가족(1),,40,1643,233,2893,25897330,1.76,72
248,아녜스 V에 의한 제인 B,2024-01-31,1988,프랑스,판타지,아녜스 바르다,33,1271,202,2833,24076900,2.23,86
249,신입기자 토롯코,2025-09-03,2024,일본,드라마(1),코바야시 케이이치,57,1959,405,2752,23931500,1.4,48
250,올파의 딸들,2025-04-02,2023,프랑스,다큐멘터리,,23,959,123,2682,23160600,2.8,117
251,테인티드 러브,2024-09-19,2023,중국,드라마,마영심,116,2198,907,2664,21811100,1.21,23
252,복수는 나의것,2024-11-06,1979,일본,범죄(1),이마무라 쇼헤이,14,1224,89,2636,25529300,2.15,188
253,카라바조. 영혼과 피,2025-02-19,2018,이탈리아,다큐멘터리,,22,1130,140,2634,21399960,2.33,120
254,52헤르츠 고래들,2024-09-04,2024,일본,드라마,나루시마 이즈루,49,1762,306,2619,25453700,1.49,53
255,스텔라,2024-05-22,2023,독일,드라마,,30,1609,222,2610,22985460,1.62,87
256,고스트라이트,2025-12-17,2024,미국,드라마,,19,1251,100,2552,23798450,2.04,134
257,사토상과 사토상,2026-04-29,2025,일본,드라마,,30,1317,168,2552,24591850,1.94,85
258,죽고 싶지만 사랑은 하고 싶어,2024-09-04,2023,미국,드라마(1),레이첼 램버트,40,1713,254,2489,24692000,1.45,62
259,모든 것은 아르망에서 시작되었다,2024-12-25,2024,노르웨이(3),드라마,,24,1373,155,2489,21888600,1.81,104
260,소녀는 졸업하지 않는다,2024-01-24,2023,일본,멜로/로맨스,나카가와 슌,42,1248,271,2460,21702299,1.97,59
261,산이 부른다,2024-09-25,2022,프랑스,드라마(1),토마스 살바도르,31,1257,209,2394,19139000,1.9,77
262,죄의 목소리,2025-11-28,2020,일본,드라마,도이 노부히로,49,2289,145,2391,19594260,1.04,49
263,디피컬트,2024-05-15,2023,프랑스,코미디(2),"에릭 토레다노 , 올리비에르 나카체",31,1017,201,2374,21805100,2.33,77
264,"X를 담아, 당신에게",2024-12-11,2023,영국,코미디(1),테아 샤록,27,1200,174,2319,21179300,1.93,86
265,후계자,2025-11-12,2023,프랑스,스릴러,자비에 르그랑,34,871,194,2245,20078100,2.58,66
266,콘티넨탈 '25,2025-11-19,2025,루마니아,드라마,라두 주데,27,850,159,2235,19517800,2.63,83
267,아침이 오면 공허해진다,2024-05-29,2022,일본,드라마,,48,1453,313,2220,20783034,1.53,46
268,드림스,2026-03-18,2025,미국,드라마(1),미셸 프랑코,44,1381,279,2211,19461700,1.6,50
269,비행사의 아내,2024-05-15,1981,프랑스,기타,에릭 로메르,10,801,41,2198,20919900,2.74,220
270,"사랑, 우유, 그리고 치즈",2026-03-25,2024,프랑스,코미디(1),,19,1136,125,2189,18973950,1.93,115
271,싱글 에이트,2024-10-09,2023,일본,드라마,코나카 카즈야,57,1412,341,2181,19452400,1.54,38
272,"뭉크. 사랑, 영혼 그리고 뱀파이어 여인",2024-08-28,2022,이탈리아,다큐멘터리,,22,1392,130,2135,16149139,1.53,97
273,메이크 어 걸,2025-09-10,2025,일본,멜로/로맨스(2),야스다 겐쇼,78,1604,463,2132,20895300,1.33,27
274,동그라미,2025-10-01,2024,일본,드라마(1),오기가미 나오코,32,1226,197,2059,19905200,1.68,64
275,류이치 사카모토: 도쿄 멜로디,2026-04-15,1985,프랑스,다큐멘터리,엘리자베스 레나드,34,848,197,1966,19360980,2.32,58
276,열화청춘 리마스터링,2025-03-31,1982,홍콩,드라마(1),담가명,52,1583,318,1932,19092300,1.22,37
277,위대한 부재,2024-11-06,2024,일본,드라마,치카우라 케이,28,440,160,1907,18081500,4.33,68
278,난 엄청 창의적인 휴머니스트 뱀파이어가 될 거야,2024-05-29,2023,캐나다,코미디(3),,28,1225,194,1901,17895556,1.55,68
279,움베르토 에코. 세계의 도서관,2024-12-11,2023,이탈리아,다큐멘터리,,18,618,105,1885,15551100,3.05,105
280,굿 포 낫씽,2026-01-14,2010,일본,드라마,미야케 쇼,37,904,196,1880,18165500,2.08,51
281,달걀 원정대,2026-04-29,2023,미국,드라마,,12,823,61,1835,15709500,2.23,153
282,피카소. 파리에서의 반란,2026-04-29,2024,이탈리아,기타,,11,493,61,1831,11931500,3.71,166
283,클림트와 쉴레. 에로스와 프시케,2025-09-30,2018,이탈리아,다큐멘터리,,12,645,69,1828,12858700,2.83,152
284,타히티의 고갱. 잃어버린 낙원,2025-08-27,2019,이탈리아,다큐멘터리,,13,894,74,1823,13583400,2.04,140
285,나만의 비밀,2026-01-21,2025,일본,드라마,나카가와 슌,80,1447,563,1821,18140490,1.26,23
286,아들들,2024-12-04,2024,덴마크(1),드라마,구스타브 몰러,38,1144,238,1820,16519300,1.59,48
287,두 세계 사이에서,2024-01-31,2020,프랑스,드라마,엠마뉘엘 카레르,35,1176,230,1779,15163027,1.51,51
288,사랑은 사라지지 않는다,2025-02-26,2023,프랑스,드라마,에르완 르 뒥,26,936,168,1775,14940000,1.9,68
289,조용한 이주,2024-03-20,2023,덴마크,드라마,말레나 최,27,720,168,1768,15631800,2.46,65
290,미래의 범죄들,2024-07-17,2021,캐나다,드라마(2),데이빗 크로넨버그,16,941,97,1732,15391217,1.84,108
291,프레젠스,2026-02-04,2024,미국,공포(호러)(1),스티븐 소더버그,35,1102,220,1577,15550700,1.43,45
292,마지막 야구 경기,2026-04-22,2024,미국,드라마,카슨 룬드,26,837,169,1559,14481000,1.86,60
293,퀸 엘리자베스,2024-06-12,2022,영국,다큐멘터리,로저 미첼,20,762,134,1547,11372839,2.03,77
294,이소룡-들,2024-06-19,2023,미국,다큐멘터리,데이빗 그레고리,31,815,171,1513,15920400,1.86,49
295,파라다이스 이즈 버닝,2024-12-18,2023,덴마크(1),드라마,,24,911,139,1474,14872500,1.62,61
296,"줄리엣, 네이키드",2024-09-25,2018,미국,멜로/로맨스,,24,767,133,1434,12146560,1.87,60
297,티치아노. 색채의 제국,2024-09-25,2022,이탈리아,다큐멘터리,,16,525,94,1424,11139900,2.71,89
298,대디오,2026-01-28,2024,미국,드라마,크리스티 홀,45,1208,282,1419,13030300,1.17,32
299,제프 쿤스. 그 은밀한 초상,2024-07-31,2023,이탈리아,다큐멘터리,,20,920,127,1404,10664700,1.53,70
300,사스콰치 선셋,2025-07-02,2024,미국,코미디(1),"데이비드 젤너 , 나단 젤너",40,945,237,1394,12491300,1.48,35
301,베일리와 버드,2025-10-29,2024,영국,드라마,안드레아 아놀드,19,632,105,1365,12874450,2.16,72
302,속초에서의 겨울,2025-11-26,2024,프랑스,드라마,코야 카무라,22,900,124,1361,13158600,1.51,62
303,프리다. 삶이여 영원하라,2024-11-06,2019,이탈리아,다큐멘터리,,15,685,86,1269,9677600,1.85,85
304,러브 달바,2024-08-14,2022,프랑스,드라마,임마누엘 니코,27,755,162,1187,10388339,1.57,44
305,나의 이름은 마리아,2025-11-26,2024,프랑스,드라마,제시카 팔뤼,16,507,90,1175,10270900,2.32,73
306,"타르콥스키, 기도하는 영혼",2024-01-31,2019,이탈리아,다큐멘터리,,9,431,59,1141,9960762,2.65,127
307,술타나의 꿈,2026-04-01,2023,스페인,애니메이션,,31,550,166,1136,10238600,2.07,37
308,니캡,2025-06-18,2024,아일랜드(1),코미디,,25,676,148,1116,10648500,1.65,45
309,베르메르: 위대한 전시회,2025-09-17,2023,영국,다큐멘터리,데이비드 비커스태프,17,586,105,1115,10080400,1.9,66
310,다운폴,2024-03-27,2013,독일,전쟁(1),올리버 히르비겔,8,514,57,1089,10883578,2.12,136
311,보로미니와 베르니니. 완벽을 위한 도전,2024-12-04,2023,이탈리아,다큐멘터리,,10,389,57,1056,7579000,2.71,106
312,리바이벌 69’,2024-12-04,2022,미국,다큐멘터리,,33,564,191,1032,10111600,1.83,31
313,맘마 로마,2025-08-20,1962,이탈리아,드라마,피에르 파올로 파솔리니,17,482,90,996,8231400,2.07,59
314,레이징 그레이스,2024-03-13,2023,영국,스릴러(1),패리스 자실라,28,484,173,993,9159986,2.05,35
315,두 피아노를 위한 콘체르토,2026-01-28,2024,프랑스,드라마,,21,697,134,978,8203300,1.4,47
316,행복의 노란 손수건,2025-04-02,1977,일본,드라마,야마다 요지,23,542,135,966,7369600,1.78,42
317,타타르인의 사막,2025-10-29,1976,이탈리아,드라마,발레리오 주를리니,14,377,77,932,7578000,2.47,67
318,바넬과 아다마,2024-10-02,2023,프랑스,드라마,,23,568,141,912,8416920,1.61,40
319,쑤저우강,2024-10-09,2022,중국,판타지(1),,16,596,100,838,9049700,1.41,52
320,초상화의 이면. 아카데미아 카라라의 보물들,2025-05-28,2019,이탈리아,다큐멘터리,,16,334,91,810,6035000,2.43,51
321,로데오,2025-05-21,2022,프랑스,드라마,롤라 키보론,17,344,100,805,7141400,2.34,47
322,일 부코,2024-01-24,2021,이탈리아(2),드라마,미켈란젤로 프라마르티노,10,416,61,788,6603445,1.89,79
323,콜드 미트,2026-03-11,2023,영국,스릴러,,57,743,337,786,6962260,1.06,14
324,리셋,2025-04-30,2026,베트남(1),미스터리,박희준,12,354,75,773,7162300,2.18,64
325,파편들의 집,2024-07-24,2022,덴마크(3),다큐멘터리,시몬 레렝 빌몽,21,388,120,764,6639678,1.97,36
326,화성특급,2025-04-02,2023,프랑스,애니메이션,제레미 페랭,19,537,125,716,6792900,1.33,38
327,모래그릇,2026-04-02,1974,일본,드라마(1),,18,515,102,701,6767020,1.36,39
328,페루지노. 영원한 르네상스,2026-03-04,2023,이탈리아,다큐멘터리,,15,322,79,691,4885500,2.15,46
329,잔 뒤 바리,2024-04-03,2023,프랑스,드라마,마이웬 르 베스코,18,513,100,687,6138030,1.34,38
330,블러디 이스케이프: 지옥의 도주극,2024-07-25,2024,일본,애니메이션,타니구치 고로,15,185,81,680,6424917,3.68,45
331,키시베 로한 루브르에 가다,2024-08-01,2023,일본,미스터리(1),와타나베 카즈타카,6,446,41,676,4939517,1.52,113
332,"그리고, 살아간다",2024-01-01,2019,일본,드라마(2),츠키카와 쇼,6,218,46,584,4792166,2.68,97
333,"본인 출연, 제리",2024-11-13,2023,미국,다큐멘터리(2),,16,422,91,564,5316800,1.34,35
334,리볼버 릴리,2024-03-21,2023,일본,액션,유키사다 이사오,31,333,156,546,4837469,1.64,18
335,"프란체스코, 신의 어릿광대",2025-09-17,1950,이탈리아,드라마,로베르토 로셀리니,0,0,0,491,3960300,,
336,엠파이어,2025-08-20,2024,프랑스,SF(1),브루노 뒤몽,11,224,53,461,4290200,2.06,42
337,부재,2025-08-27,2023,중국,드라마,,17,279,100,442,3795600,1.58,26
338,봉신연의: 조가풍운,2024-01-24,2023,중국,전쟁(2),우얼샨,23,343,88,409,3284317,1.19,18
339,호랑이 소녀,2025-05-07,2023,말레이시아,공포(호러),,20,311,110,409,3899800,1.32,20
340,이사벨라 두크로트 언리미티드,2025-12-24,2024,이탈리아,다큐멘터리,,10,292,40,401,3307000,1.37,40
341,마더스 베이비,2025-12-11,2025,오스트리아 (2),스릴러(1),요한나 모더,5,220,11,360,1800000,1.64,72
342,유코의 평형추,2024-05-01,2020,일본,드라마,하루모토 유지로,6,210,46,356,2399139,1.7,59
343,스퍼마게돈: 사정의 날,2025-10-23,2024,노르웨이,애니메이션(1),"토미 위르콜라 , 라스무스 A. 실버르센",14,317,86,318,3090400,1.0,23
344,나이트 플라워,2026-01-08,2025,일본,드라마,우치다 에이지,16,174,93,274,2677600,1.57,17
345,아카디안,2025-02-13,2024,미국,SF(2),벤자민 브루어,27,248,133,266,2403500,1.07,10
346,보이 킬스 월드,2025-10-16,2024,미국(1),액션,모리츠 모어,20,256,111,256,2442900,1.0,13
347,극장판 후르츠 바스켓: 프렐류드,2024-03-01,2022,일본,애니메이션,이바타 요시히데,5,134,36,237,1729100,1.77,47
348,호리아,2024-12-25,2022,프랑스,드라마,,0,0,0,237,2217300,,
349,"피에르 보나르, 마르타 보나르",2025-11-28,2023,프랑스,멜로/로맨스(1),마르탱 프로보스트,0,0,0,230,1835500,,
350,달의 차고 기움,2024-11-01,2022,일본,드라마,히로키 류이치,0,0,0,221,1606600,,
351,8일 만에 죽은 괴수의 12일 이야기,2024-05-16,2023,일본,드라마,이와이 슌지,5,114,38,183,1211778,1.61,37
352,굿바이 크루얼 월드,2024-07-16,2022,일본,액션(1),오오모리 타츠시,0,0,0,183,1182200,,
353,정크 헤드,2024-09-01,2017,일본,애니메이션,타카히데 호리,0,0,0,170,1224000,,
354,모두가 그녀를 사랑해,2026-02-11,2024,프랑스(1),드라마,나빌 아유쉬,0,0,0,170,1541900,,
355,런 베이비 런,2025-09-04,2023,스페인,스릴러,,0,0,0,168,1121000,,
356,마이 스몰 랜드,2024-02-01,2022,일본,드라마,카와와다 에마,0,0,0,165,1104578,,
357,서치: 데스게임,2024-01-18,2021,러시아,스릴러,안나 자이체바,0,0,0,160,960000,,
358,타이거스 네스트: 호랑이의 보디가드,2024-05-16,2022,이탈리아,어드벤처(1),브란도 쿠일리치,0,0,0,160,1693500,,
359,마이다스 맨: 전설의 시작,2025-09-24,2024,영국,드라마,,0,0,0,160,1124000,,
360,히즈,2024-01-10,2020,일본,드라마,이마이즈미 리키야,0,0,0,158,1266000,,
361,극장판 이치케이의 까마귀,2024-09-16,2023,일본,드라마,타나카 아키라,0,0,0,157,1106000,,
362,나이트콜,2025-03-05,2024,프랑스,액션,,0,0,0,153,932000,,
363,베어헌터,2024-03-28,2022,러시아,어드벤처(1),안톤 머스,0,0,0,148,888000,,
364,지옥의 외인부대,2024-07-24,2023,프랑스,전쟁(1),다비드 오엘호펜,0,0,0,148,896000,,
365,썬 오브 람세스,2024-02-07,2022,프랑스,스릴러(2),클레망 코지토르,6,87,31,145,1180600,1.67,24
366,극장판 오드 택시 인 더 우즈,2024-02-16,2022,일본,애니메이션,키노시타 바쿠,0,0,0,143,965039,,
367,닥터 코토 진료소,2024-10-16,2022,일본,드라마,나카에 이사무,0,0,0,137,913500,,
368,베이비 어쌔신: 나이스 데이즈,2025-02-26,2024,일본,액션(1),사카모토 유고,0,0,0,130,1124500,,
369,성욕주의: 은밀한 밀회,2025-07-31,2024,대만,멜로/로맨스(1),양야체,0,0,0,128,708000,,
370,부르달락: 흡혈귀,2024-03-28,2023,프랑스,기타,에이드리언 보우,0,0,0,126,756000,,
371,그레이트 칸,2024-05-23,2022,카자흐스탄,액션(1),,0,0,0,122,732000,,
372,유어 럭키 데이,2024-02-22,2023,미국,액션(1),,0,0,0,114,684000,,
373,사다코 디엑스,2024-07-01,2022,일본,공포(호러),키무라 히사시,0,0,0,108,751900,,
374,서바이브,2025-01-23,2024,프랑스(1),스릴러(2),프레데릭쟈댕,0,0,0,104,624000,,
375,썬레이: 폴른 솔저,2025-05-15,2024,영국,범죄(1),,0,0,0,88,528000,,
376,2147,2025-02-27,2024,스페인,SF,,0,0,0,84,504000,,
377,거북의 등딱지는 갈비뼈,2024-06-01,2022,일본,애니메이션,모리 · 마사,0,0,0,82,489500,,
378,공백,2024-03-16,2021,한국,드라마,신시정,0,0,0,80,565500,,
379,섀도우 오브 파이어,2024-12-01,2023,일본,드라마,츠카모토 신야,0,0,0,80,553000,,
380,아토맨: 뉴 히어로,2025-11-20,2025,벨기에(1),액션(1),,0,0,0,78,468000,,
381,허 바디,2024-10-31,2023,체코,드라마,,0,0,0,72,432000,,
382,심패티 포 데블,2026-04-15,2023,미국(2),액션(1),유발 애들러,0,0,0,65,390000,,
383,더치스: 복수의 화신,2026-03-05,2024,영국,액션(1),닐 마샬,0,0,0,60,360000,,
384,리틀 블루,2024-06-27,2022,대만,멜로/로맨스,이이팡,0,0,0,35,86000,,
385,21 파라다이스,2024-08-08,2022,스페인,기타,,0,0,0,28,156000,,
386,원 퍼센터,2024-08-23,2023,일본,액션,야마구치 유다이,0,0,0,28,164000,,
387,오시리스,2026-04-23,2025,미국,SF(2),윌리엄 카우프먼,0,0,0,25,150000,,
388,파이브 데이즈,2025-09-30,2023,중국,드라마(1),,0,0,0,24,144000,,
389,사탄의 부름,2025-12-24,2023,캐나다,다큐멘터리(1),,0,0,0,24,94000,,
390,시스터즈,2026-01-28,2024,베트남,공포(호러),,0,0,0,17,92000,,
391,레이턴시,2025-07-24,2024,미국(1),액션(2),,0,0,0,11,73000,,
392,일대무사,2025-08-28,2023,중국,액션,,0,0,0,11,66000,,
393,데드 포 어 달러,2025-09-18,2022,미국,서부극(웨스턴)(1),월터 힐,0,0,0,5,49000,,
394,세틀러스,2024-05-15,2021,남아프리카공화국,SF(1),,0,0,0,1,1000,,
