순위,영화명,개봉일,제작연도,대표국적,국적,장르,감독,배급사,직배여부,등급,개봉스크린수,첫주관객,2주누적,최종누적관객,배수,스크린당관객,개봉일좌석수,개봉일좌석판매율,첫주말좌석수,첫주말좌석판매율,첫주말일수,누적매출액,D0,D1,D2,D3,D4,D5,D6,D7,D8,D9,D10,D11,D12,D13,D14
1,서브스턴스,2024-12-11,2024,영국,영국,스릴러,코랄리 파르쟈,(주)넥스트엔터테인먼트월드(NEW),비직배,청소년관람불가,372,65389,119538,561934,8.59,1511,66597,14.9,177411,19.1,3,5481959540,9911,8120,9096,12589,12234,6320,7119,6752,7094,7901,11307,9642,6447,5006,5394
2,8번 출구,2025-10-22,2025,일본,일본,"스릴러,공포(호러)",카와무라 겐키,(주)넥스트엔터테인먼트월드(NEW),비직배,12세이상관람가,781,211707,337632,450206,2.13,576,392609,8.1,1142748,12.0,3,4402823930,31965,16219,26285,57533,53355,13532,12818,16968,8861,15494,37319,31903,7662,7718,7033
3,콘클라베,2025-03-05,2024,미국,미국,"드라마,스릴러",에드워드 버거,(주)디스테이션,비직배,12세이상관람가,630,84805,151848,334972,3.95,532,134188,8.0,413163,12.4,3,3194605300,10796,8417,10527,21385,19354,7072,7254,6306,5311,7948,18023,17145,6107,6203,5128
4,국보,2025-11-19,2025,일본,일본,드라마,이상일,(주)넥스트엔터테인먼트월드(NEW),비직배,15세이상관람가,521,67401,121103,221160,3.28,424,90394,10.6,272953,13.7,3,2151220110,9569,6746,9700,14908,12792,6639,7047,9251,6596,8171,9963,9329,5250,5142,2996
5,존 오브 인터레스트,2024-06-05,2023,미국,미국,드라마,조나단 글레이저,TCO(주)더콘텐츠온,비직배,12세이상관람가,392,69477,113268,207833,2.99,530,87229,12.0,221111,14.9,3,2056468040,10497,13271,8718,12381,11911,6500,6199,4373,4419,5400,11107,9699,4407,4386,4110
6,플로우,2025-03-19,2024,기타,기타,애니메이션,긴츠 질발로디스,판씨네마(주),비직배,전체관람가,693,59542,107955,181275,3.04,262,110255,7.4,349322,11.5,3,1729225550,8127,4278,5044,16880,18118,3577,3518,5283,3440,3976,15677,15417,2635,1985,1859
7,가여운 것들,2024-03-06,2023,미국,미국,"드라마,코미디,멜로/로맨스",요르고스 란티모스,월트디즈니컴퍼니코리아 유한책임회사,직배,청소년관람불가,471,73663,110642,156159,2.12,332,99796,13.6,253925,15.2,3,1561873065,13536,7911,9528,15556,13451,6890,6791,4292,3931,5340,9410,7751,3150,3105,2858
8,해피엔드,2025-04-30,2024,일본,일본,드라마,소라 네오,"(주)영화사 진진,주식회사 로아앤코홀딩스",비직배,15세이상관람가,111,33122,59821,152065,4.59,1370,16084,36.9,51261,25.0,3,1522708770,5935,4782,4516,4182,4103,4954,4650,3521,3110,4422,5495,5034,2652,2465,3068
9,퍼펙트 데이즈,2024-07-03,2023,일본,일본,드라마,빔 벤더스,(주)티캐스트,비직배,12세이상관람가,137,21686,36333,142633,6.58,1041,21897,11.8,61757,19.7,3,1344642331,2584,2032,3747,4564,3832,2500,2427,1864,1833,1635,3116,3021,1649,1529,1351
10,시빌 워: 분열의 시대,2024-12-31,2024,미국,미국,"액션,전쟁,드라마",알렉스 가랜드,(주)마인드마크,비직배,15세이상관람가,662,84078,102817,113869,1.35,172,204944,10.8,353877,9.0,3,1166047390,22039,17822,8095,8242,13723,9724,4433,3576,1061,1905,2360,4552,3819,1466,1189
11,청춘 18X2 너에게로 이어지는 길,2024-05-22,2024,대만,"대만,일본",멜로/로맨스,후지이 미치히토,(주)쇼박스,비직배,12세이상관람가,635,82550,100921,112257,1.36,177,234545,6.5,575711,8.2,3,1076988964,15195,8496,11683,17778,17842,5713,5843,3653,2924,2472,3782,3044,1165,1331,911
12,아기상어 극장판: 사이렌 스톤의 비밀,2024-02-07,2023,미국,미국,애니메이션,,(주)넥스트엔터테인먼트월드(NEW),비직배,전체관람가,578,56583,79506,106411,1.88,184,57253,8.2,283197,10.6,3,939695914,4693,4217,11729,6604,11611,15031,2698,2683,2215,2228,5905,6937,932,2023,1124
13,추락의 해부,2024-01-31,2023,프랑스,프랑스,"드라마,스릴러",쥐스틴 트리에,(주)스튜디오디에이치엘,비직배,15세이상관람가,236,35124,56902,105134,2.99,445,39659,17.1,115226,14.8,3,1031436703,6792,4729,4380,6358,6293,3153,3419,2102,3335,3822,2664,3838,4050,1967,1917
14,악마와의 토크쇼,2024-05-08,2023,호주,호주,공포(호러),,주식회사 올랄라스토리,비직배,15세이상관람가,254,52402,79126,101253,1.93,399,81684,8.9,212937,13.8,3,983551800,7285,5179,7537,12189,9577,4218,6417,6090,2874,3508,5797,3770,2436,2249,1453
15,브루탈리스트,2025-02-12,2024,미국,미국,드라마,브래디 코베,유니버설픽쳐스인터내셔널 코리아(유),직배,청소년관람불가,302,30341,54035,95900,3.16,318,55090,9.0,140322,11.0,3,959223020,4952,3299,3572,6279,5574,3363,3302,2718,2742,2761,5397,5407,2262,2407,1780
16,초속 5센티미터,2026-02-25,2025,일본,일본,"드라마,멜로/로맨스",오쿠야마 요시유키,롯데컬처웍스(주)롯데엔터테인먼트,비직배,12세이상관람가,568,70220,83598,93404,1.33,164,139688,12.8,299697,10.5,3,892277200,17947,9236,9061,12239,10031,8164,3542,1156,1086,1437,2637,2531,1793,2738,1355
17,고독한 미식가 더 무비,2025-03-19,2025,일본,일본,드라마,마츠시게 유타카,(주)빌리언스플러스,비직배,전체관람가,662,57034,77692,93319,1.64,141,129569,7.9,427507,7.6,3,861605300,10235,7061,7893,13618,11110,3462,3655,3651,2373,2759,4784,4137,1604,1350,1416
18,센티멘탈 밸류,2026-02-18,2025,노르웨이,노르웨이,드라마,요아킴 트리에,"그린나래미디어(주),(주)레드아이스 엔터테인먼트",비직배,15세이상관람가,197,21496,39237,79202,3.68,402,22940,17.0,71340,15.0,3,778279040,3909,2546,3416,3769,3541,1915,2400,3558,2130,2104,3051,3132,2665,1101,951
19,아노라,2024-11-06,2024,미국,미국,"드라마,코미디,멜로/로맨스",션 베이커,유니버설픽쳐스인터내셔널 코리아(유),직배,청소년관람불가,314,25490,33414,79017,3.1,252,60388,6.1,165010,8.1,3,781196620,3710,2303,2905,5315,5139,3142,2976,1010,771,974,1927,1563,832,847,359
20,시라트,2026-01-21,2025,스페인,스페인,드라마,올리베르 라셰,(주)레드아이스 엔터테인먼트,비직배,15세이상관람가,195,25821,45515,72363,2.8,371,28852,13.1,89705,15.1,3,712318730,3781,3003,4100,5061,4389,2583,2904,4259,2514,2629,3896,3086,1814,1496,1188
21,로봇 드림,2024-03-13,2023,스페인,"스페인,프랑스",애니메이션,파블로 베르헤르,"(주)영화사 진진,(주)하이스트레인저",비직배,전체관람가,114,8387,14977,71108,8.48,624,13351,7.5,41840,10.2,3,693711997,1003,1733,846,1697,1719,675,714,844,597,798,1688,1642,487,534,1313
22,여행과 나날,2025-12-10,2025,일본,일본,드라마,미야케 쇼,(주)엣나인필름,비직배,12세이상관람가,154,23587,37883,66520,2.82,432,18117,20.9,59458,20.1,3,635049141,3786,3126,3283,4671,4014,2199,2508,2462,2207,1994,2884,2203,1535,1011,1577
23,이처럼 사소한 것들,2024-12-11,2024,미국,미국,드라마,,"그린나래미디어(주),주식회사 로아앤코홀딩스",비직배,12세이상관람가,78,15014,26412,61405,4.09,787,11552,26.0,37632,19.1,3,580838760,3002,1756,1762,2490,2948,1381,1675,1193,1281,1442,2117,2045,1347,1973,2879
24,10 라이브즈,2024-08-15,2024,영국,영국,애니메이션,크리스토퍼 젠킨스,(주)박수엔터테인먼트,비직배,전체관람가,191,29182,37268,60606,2.08,317,35983,31.0,88455,15.0,3,441732800,11153,2725,5198,5334,998,1128,2646,884,600,2767,2878,346,376,235,1116
25,화양연화 특별판,2025-12-31,2000,홍콩,홍콩,드라마,왕가위,(주)디스테이션,비직배,15세이상관람가,174,28164,37265,52606,1.87,302,22826,40.7,62617,16.4,3,527503522,9292,5002,3140,4153,3000,1720,1857,1510,1164,1516,1603,1536,781,991,658
26,정글번치: 월드투어,2024-01-31,2023,프랑스,프랑스,애니메이션,,(주)무비다이브,비직배,전체관람가,193,22804,43485,52193,2.29,270,29153,7.2,104475,16.0,3,431379500,2085,1738,2421,7227,7043,909,1381,788,1295,3803,2820,4699,6418,858,514
27,오지: 사라진 숲을 찾아서,2024-09-13,2023,미국,미국,애니메이션,,"(주)팝엔터테인먼트,(주)플레이그램",비직배,전체관람가,214,35662,48053,50986,1.43,238,28872,6.8,104695,17.2,3,396502975,1968,7436,8588,5076,5021,7067,506,1603,4719,4476,474,432,593,94,122
28,투게더,2025-09-03,2025,미국,미국,"공포(호러),멜로/로맨스",마이클 쉥크스,"그린나래미디어(주),(주)플레이그램",비직배,15세이상관람가,251,30694,42677,50176,1.63,200,76927,10.3,183207,7.6,3,416224000,7925,4515,3646,6046,4323,1734,2505,2172,1268,1380,2566,2611,856,1130,1064
29,스즈메의 문단속: 다녀왔어,2024-01-10,2022,일본,일본,애니메이션,신카이 마코토,(주)쇼박스,비직배,12세이상관람가,185,24533,37121,48577,1.98,263,23012,26.7,78524,15.7,3,479767900,6145,2907,2717,4934,4643,1598,1589,2025,1530,1460,2833,2579,1059,1102,1400
30,악은 존재하지 않는다,2024-03-27,2023,일본,일본,드라마,하마구치 류스케,"그린나래미디어(주),(주)레드아이스 엔터테인먼트",비직배,12세이상관람가,149,19164,27445,47163,2.46,317,20729,20.3,67870,13.7,3,462380650,4208,2835,2173,3752,3372,1477,1347,1121,1076,1346,1827,1463,709,739,1584
31,프렌치 수프,2024-06-19,2023,프랑스,프랑스,"멜로/로맨스,드라마",트란 안 홍,"주식회사 올랄라스토리,(주)플레이그램",비직배,12세이상관람가,234,19675,30774,46965,2.39,201,38128,11.2,74435,10.9,3,436751495,4253,3401,2144,3120,2845,1856,2056,2170,1567,1582,1980,1995,852,953,802
32,도그맨,2024-01-24,2025,프랑스,프랑스,드라마,뤽 베송,(주)레드아이스 엔터테인먼트,비직배,15세이상관람가,496,41097,44983,46705,1.14,94,157148,6.5,364444,5.1,3,435005149,10203,5221,4929,7222,6372,3239,3911,1067,429,623,567,428,364,408,18
33,로마의 휴일,2025-08-20,1953,미국,"미국,이탈리아","멜로/로맨스,드라마,코미디",윌리엄 와일러,롯데컬처웍스(주)롯데시네마,비직배,12세이상관람가,79,9039,13911,46620,5.16,590,16343,14.2,31029,12.1,3,307243900,2319,1616,884,1470,1409,725,616,1074,749,806,784,709,355,395,260
34,꼬마 판다 팡의 아프리카 대모험,2025-01-22,2024,네덜란드,네덜란드,애니메이션,"리처드 클라우스,카스텐 킬러리치",(주)디스테이션,비직배,전체관람가,198,17782,27622,44979,2.53,227,27966,6.2,81080,10.6,3,359615000,1729,1168,1124,3503,3950,3596,2712,1678,2470,882,1769,1481,448,1112,713
35,그저 사고였을 뿐,2025-10-01,2025,이란,이란,"액션,범죄,드라마",자파르 파나히,"그린나래미디어(주),(주)레드아이스 엔터테인먼트",비직배,15세이상관람가,102,13688,24912,44558,3.26,437,13476,15.3,36506,17.1,3,430074610,2061,1474,2219,2146,1862,1659,2267,2093,1742,1427,2373,1716,851,1022,1134
36,롱레그스,2024-10-30,2023,미국,미국,"공포(호러),스릴러",,"그린나래미디어(주),(주)레드아이스 엔터테인먼트",비직배,15세이상관람가,276,32906,42045,44495,1.35,161,50208,14.8,164086,9.8,3,395409400,7433,4857,4404,6399,5301,1712,2800,1833,1283,1284,1900,1512,569,758,299
37,페라리,2025-01-08,2024,미국,"미국,이탈리아,영국","드라마,액션",마이클 만,(주)씨제이이엔엠,비직배,15세이상관람가,562,35965,40715,42298,1.18,75,171129,6.1,335593,4.6,3,407348520,10489,5183,4553,5947,4924,2222,2647,513,525,525,1020,930,763,474,36
38,톰과 제리: 황금나침반 대소동,2026-01-01,2025,미국,미국,애니메이션,,TCO(주)더콘텐츠온,비직배,전체관람가,406,29785,36981,40908,1.37,101,55498,23.4,131449,9.9,3,347484520,13003,3733,5102,4197,992,1147,1611,1076,1462,1635,1444,428,505,646,396
39,이사,2025-07-23,,일본,일본,드라마,소마이 신지,(주)에이유앤씨,비직배,12세이상관람가,80,11562,21965,39779,3.44,497,10352,12.3,28321,22.1,3,397602000,1277,855,1455,2681,2127,1650,1517,2434,1160,1534,1834,1688,921,832,813
40,꼬마참새 리차드: 신비한 보석 탐험대,2024-05-01,2023,독일,"독일,벨기에,노르웨이",애니메이션,,(주)스튜디오디에이치엘,비직배,전체관람가,174,23004,31113,39016,1.7,224,22686,17.0,65445,17.8,3,300877200,3851,825,1056,3147,7465,5898,762,392,520,642,2394,2911,847,403,1657
41,파더 마더 시스터 브라더,2025-12-31,2025,프랑스,프랑스,드라마,짐 자무쉬,"주식회사 로아앤코홀딩스,(주)영화사 안다미로",비직배,12세이상관람가,68,13189,25885,37981,2.88,559,8063,39.9,22447,26.2,3,348605560,3216,1899,1107,2440,2335,958,1234,2917,2510,1859,2009,1370,1149,882,870
42,스탑 메이킹 센스,2025-08-13,1984,미국,미국,다큐멘터리,조나단 드미,주식회사 올랄라스토리,비직배,12세이상관람가,81,14047,21708,37571,2.67,464,13954,13.3,38332,21.0,3,436647381,1859,1840,3433,2425,2199,1050,1241,1292,1106,682,1974,1468,544,595,1068
43,덤 머니,2024-01-17,2023,미국,미국,"코미디,드라마",크레이그 질레스피,"그린나래미디어(주),(주)플레이그램",비직배,15세이상관람가,465,29130,34949,37262,1.28,80,106530,5.6,258578,5.2,3,346814109,5917,4367,4279,5093,4108,2340,3026,1153,826,689,1021,1500,304,326,189
44,페니키안 스킴,2025-05-28,2025,미국,미국,"드라마,코미디",웨스 앤더슨,유니버설픽쳐스인터내셔널 코리아(유),직배,15세이상관람가,339,23279,29887,37172,1.6,110,80195,9.0,122081,7.1,3,350365850,7205,2838,2338,3399,2986,1745,2768,980,967,1456,1261,1010,506,428,373
45,위 리브 인 타임,2026-04-08,2024,프랑스,프랑스,"멜로/로맨스,드라마",존 크로울리,(주)스튜디오디에이치엘,비직배,15세이상관람가,242,22181,32089,34766,1.57,144,50745,10.5,134163,8.6,3,267302350,5337,3638,3657,4089,3776,921,763,2282,1890,1343,1722,2032,297,342,183
46,난징사진관,2025-11-05,2025,중국,중국,드라마,신오,"주식회사 콘텐츠존,(주)다자인소프트",비직배,15세이상관람가,272,18911,27620,34703,1.84,128,45404,10.1,118936,6.7,3,315045380,4585,3023,2881,2704,2374,999,2345,975,1270,1877,1500,1021,708,1358,44
47,메이 디셈버,2024-03-13,2023,미국,미국,드라마,토드 헤인즈,판씨네마(주),비직배,청소년관람불가,400,21453,26430,33620,1.57,84,71408,11.1,156949,5.2,3,310032799,7904,2912,3243,2529,2368,1169,1328,781,695,814,927,719,460,581,213
48,에밀리아 페레즈,2025-03-12,2024,프랑스,프랑스,"뮤지컬,코미디",자크 오디아르,"그린나래미디어(주),(주)레드아이스 엔터테인먼트,롯데컬처웍스(주)롯데시네마",비직배,15세이상관람가,365,20375,27187,33103,1.62,91,68747,6.5,176388,5.3,3,267151700,4489,2500,3591,3125,2546,1483,2641,1750,1281,942,801,745,875,418,286
49,어글리 시스터,2025-08-20,2025,노르웨이,"노르웨이,덴마크",공포(호러),에밀리 블리치펠트,"(주)플레이그램,해피송",비직배,청소년관람불가,187,20214,29265,31866,1.58,170,48541,10.3,67208,13.8,3,310562900,5011,3001,2531,4058,2667,1493,1453,2191,1476,1290,1650,1377,550,517,294
50,바튼 아카데미,2024-02-21,2023,미국,미국,"코미디,드라마",알렉산더 페인,유니버설픽쳐스인터내셔널 코리아(유),직배,15세이상관람가,254,16214,22174,31621,1.95,124,51339,6.5,100463,7.6,3,297503999,3318,1802,2162,2979,2520,1710,1723,1161,742,1358,1102,704,451,442,335
51,드림 시나리오,2024-05-29,2023,미국,미국,"코미디,드라마",크리스토퍼 보글리,"주식회사 올랄라스토리,메가박스중앙(주)",비직배,15세이상관람가,392,23533,28409,31539,1.34,80,91850,9.8,189761,4.1,3,258888629,9024,3472,3052,2750,2002,934,2299,1300,894,599,762,620,392,309,564
52,언더더씨: 마법 산호초를 찾아서,2024-06-27,2023,독일,독일,애니메이션,,(주)팝엔터테인먼트,비직배,전체관람가,215,12879,20633,30960,2.4,144,11546,9.6,66103,13.3,3,236804755,1107,718,3589,4455,423,1013,1574,903,1397,1622,1888,152,722,1070,1133
53,데드데드 데몬즈 디디디디 디스트럭션: 파트1,2025-01-08,2024,일본,일본,애니메이션,,"주식회사 올랄라스토리,롯데컬처웍스(주)롯데시네마",비직배,15세이상관람가,375,17975,27113,30801,1.71,82,81022,6.9,167697,3.8,3,259858020,5620,2134,1809,2708,1918,1315,2471,1701,1418,991,2348,1435,844,401,229
54,폭탄,2026-03-18,2025,일본,일본,스릴러,나가이 아키라,"(주)삼백상회,(주)제이에이와이이엔터테인먼트,(주)로커스",비직배,15세이상관람가,185,19013,27486,30798,1.62,166,35834,10.6,94715,10.8,3,241480450,3783,3194,2918,3707,3640,895,876,1374,1433,1152,1833,1924,393,364,145
55,러브 라이즈 블리딩,2024-07-10,2023,미국,미국,"범죄,멜로/로맨스",로즈 글래스,(주)스튜디오디에이치엘,비직배,청소년관람불가,139,19849,25439,30616,1.54,220,45849,11.3,103223,8.9,3,242722950,5182,2944,4092,2953,2152,1310,1216,1086,683,1114,727,838,569,573,238
56,베러맨,2025-04-09,2024,영국,영국,"뮤지컬,판타지",마이클 그레이시,"씨제이 씨지브이(CJ CGV)(주),찬란",비직배,15세이상관람가,418,21900,24618,30612,1.4,73,116818,5.4,259602,3.5,3,240127300,6336,3143,2841,3554,2736,1221,2069,393,270,480,538,376,333,328,219
57,몬테크리스토 백작,2026-02-13,2024,프랑스,프랑스,드라마,알렉상드르 드 라 파텔리에르,"찬란,(주)버킷스튜디오",비직배,12세이상관람가,100,13177,20949,29566,2.24,296,14777,12.1,35957,18.0,3,248438160,1786,2389,2283,1768,1717,1778,1456,1907,1648,1390,736,687,949,455,1022
58,퀴어,2025-06-20,,이탈리아,이탈리아,드라마,루카 구아다니노,(주)누리픽쳐스,비직배,청소년관람불가,235,17202,23160,29104,1.69,124,64015,6.9,162615,6.5,3,279192200,4406,3422,2717,1667,1391,2060,1539,1236,1357,1282,582,617,455,429,333
59,척의 일생,2025-12-24,2024,미국,미국,"드라마,판타지",마이크 플래너건,워터홀컴퍼니(주),비직배,15세이상관람가,167,15833,21700,27793,1.76,166,21889,16.1,57276,11.2,3,268950730,3524,2559,2410,1943,2051,1476,1870,2003,912,550,979,671,378,374,371
60,나의 올드 오크,2024-01-17,2023,아일랜드,아일랜드,드라마,켄 로치,(주)영화사 진진,비직배,15세이상관람가,83,9918,14777,26446,2.67,319,13046,16.8,38435,12.9,3,242020906,2195,1270,1214,2013,1737,671,818,567,710,591,1009,1010,443,529,744
61,리틀 엠마,2024-10-25,2024,미국,미국,애니메이션,레오 루이스 랴오,(주)블루라벨픽쳐스,비직배,전체관람가,212,12897,22197,26297,2.04,124,18728,9.6,95009,11.1,3,189395100,1791,4204,4510,216,621,320,1235,369,3240,3405,1208,309,436,333,164
62,북극백화점의 안내원,2024-06-19,2023,일본,일본,애니메이션,이타즈 요시미,(주)팬엔터테인먼트,비직배,전체관람가,170,16573,22590,25928,1.56,153,44360,10.3,84919,8.8,3,225470800,4588,1845,1395,3311,2808,948,1678,1315,822,572,1476,801,416,615,263
63,굿 포츈,2026-01-07,2025,미국,미국,"코미디,판타지",아지즈 안사리,(주)누리픽쳐스,비직배,15세이상관람가,380,23626,25059,25871,1.1,68,57379,10.6,148240,6.6,3,227897170,6072,4322,3700,3352,2764,1543,1873,151,230,170,225,181,265,211,111
64,노스페라투,2025-01-15,2024,미국,미국,공포(호러),로버트 에거스,유니버설픽쳐스인터내셔널 코리아(유),직배,청소년관람불가,362,18547,22083,25830,1.39,71,82696,4.6,185756,5.1,3,263917500,3822,2133,2496,4074,2964,1520,1538,331,501,364,669,672,614,385,191
65,르누아르,2026-04-22,2025,일본,"일본,프랑스",드라마,하야카와 치에,메가박스중앙(주),비직배,12세이상관람가,132,12929,18724,25468,1.97,193,27843,12.5,70142,7.7,3,188773340,3468,1251,1409,2322,1669,868,1942,1439,820,831,1033,750,652,270,720
66,석류의 빛깔,2025-11-26,1969,소련,소련,드라마,세르게이 파라자노프,"주식회사 오디언스,(주)플레이그램",비직배,12세이상관람가,59,11091,16330,25334,2.28,429,8415,35.4,25122,18.6,3,255924800,2983,1564,1219,1914,1544,930,937,859,538,459,1246,1070,515,552,394
67,마리아,2025-04-16,,영국,영국,드라마,파블로 라라인,판씨네마(주),비직배,15세이상관람가,273,13606,19134,25082,1.84,92,48750,6.0,127584,4.9,3,225762160,2933,1725,1955,2467,1872,1237,1417,1549,779,715,820,647,487,531,235
68,포풍추영,2025-09-20,2025,홍콩,"홍콩,중국","액션,범죄",래리 양,(주)디스테이션,비직배,15세이상관람가,106,14666,19784,24921,1.7,235,20235,24.6,41892,26.4,2,282691000,4968,6106,944,1004,579,484,581,841,760,355,915,519,851,877,782
69,용감한 돌고래 벨루와 바닷속 친구들,2024-03-13,2023,캐나다,캐나다,애니메이션,,"찬란,(주)빅브라더스",비직배,전체관람가,180,11518,21771,24426,2.12,136,11226,3.0,58703,15.7,3,179074580,334,239,399,4144,4655,435,1312,332,483,1000,3990,3974,188,286,69
70,누벨바그,2025-12-31,2025,프랑스,프랑스,드라마,리차드 링클레이터,메가박스중앙(주),비직배,12세이상관람가,141,13483,18336,23477,1.74,167,24163,16.8,56579,10.0,3,189037750,4051,1404,1319,2514,1830,996,1369,438,1030,803,909,895,399,379,1103
71,화이트 버드,2025-03-12,2023,미국,미국,드라마,마크 포스터,주식회사 올랄라스토리,비직배,12세이상관람가,198,12222,17173,23194,1.9,117,42125,7.9,108448,5.4,3,172963900,3326,1649,1294,2610,1919,607,817,1190,1253,347,788,609,331,433,934
72,베이비걸,2025-10-29,2024,미국,미국,"스릴러,멜로/로맨스,드라마",할리나 레인,"메가박스중앙(주),주식회사 올랄라스토리",비직배,청소년관람불가,157,15442,19792,22859,1.48,146,52896,11.1,122063,4.5,3,176950720,5865,2008,1480,2267,1699,805,1318,1089,450,484,892,679,465,291,520
73,태풍 클럽,2024-06-26,1985,일본,일본,기타,소마이 신지,엠엔엠인터내셔널(주),비직배,15세이상관람가,51,5901,9867,22793,3.86,447,7259,15.1,20632,12.3,3,230987941,1097,1149,647,1029,872,545,562,631,490,527,898,663,372,385,235
74,미세리코르디아,2025-07-16,2024,프랑스,"프랑스,스페인,포르투갈",드라마,알랭 기로디,엠엔엠인터내셔널(주),비직배,청소년관람불가,42,4485,10302,22766,5.08,542,5163,16.7,12935,14.9,3,225239950,863,398,422,903,599,593,707,602,524,763,1349,1207,789,583,945
75,연소일기,2024-11-13,2023,홍콩,홍콩,드라마,탁역겸,(주)누리픽쳐스,비직배,15세이상관람가,288,13168,14015,22490,1.71,78,48748,7.5,98965,5.7,3,197373720,3633,1842,2181,1810,1633,706,1363,164,91,128,132,148,79,105,17
76,꼬마돼지 베이브와 타피티,2025-11-13,2025,독일,독일,애니메이션,니나 웰스,(주)박수엔터테인먼트,비직배,전체관람가,359,15428,19623,22441,1.45,63,17711,7.6,107294,11.4,3,180779700,1347,1565,5307,5352,605,886,366,692,781,937,1034,389,187,175,49
77,고스트캣 앙주,2025-01-22,2024,일본,일본,애니메이션,"야마시타 노부히로,쿠노 요코",와이드 릴리즈(주),비직배,전체관람가,137,11915,17746,21364,1.79,156,34880,6.6,76709,7.5,3,189188300,2285,1462,1343,2225,2171,1423,1006,957,1382,743,1198,903,330,318,177
78,200% 울프: 최강 푸들이 될 거야!,2025-03-12,2024,호주,호주,애니메이션,알렉스 슈타더만,(주)팝엔터테인먼트,비직배,전체관람가,237,12405,17203,20261,1.63,85,13370,5.4,94574,11.3,3,151062900,726,428,673,4522,5536,110,410,315,218,281,1912,1943,10,119,165
79,바커스: 슈퍼스타가 될 거야,2024-06-01,2022,러시아,러시아,애니메이션,,"와이드 릴리즈(주),(주)태양미디어그룹",비직배,전체관람가,173,13121,16858,20194,1.54,117,33807,11.6,64591,10.9,2,143076100,3907,3134,302,502,148,3436,1692,1706,1780,45,29,41,123,13,208
80,펫 트레인,2026-03-28,2025,프랑스,프랑스,애니메이션,,"(주)스튜디오디에이치엘,(주)플레이그램",비직배,전체관람가,184,12054,18666,20011,1.66,109,36182,16.6,70475,16.4,2,151223550,6012,5547,174,164,83,34,40,3565,2748,21,41,46,96,95,353
81,비욘드 유토피아,2024-01-31,2023,미국,미국,다큐멘터리,매들린 개빈,"스튜디오 초이스 주식회사,(주)드림팩트엔터테인먼트,(주)스마일이엔티",비직배,12세이상관람가,158,9437,13038,19878,2.11,126,31921,4.9,84142,4.7,3,188993099,1564,1031,703,1334,1909,864,2032,335,456,591,468,535,878,338,105
82,탐정 말로,2024-03-21,2022,아일랜드,"아일랜드,미국","범죄,액션,스릴러",닐 조단,(주)바이포엠스튜디오,비직배,15세이상관람가,183,16686,19512,19546,1.17,107,38967,10.9,99087,8.9,3,142410400,4247,3479,2877,2438,859,1485,1301,751,550,443,355,151,573,3,6
83,새벽의 모든,2024-09-18,2024,일본,일본,드라마,미야케 쇼,(주)디오시네마,비직배,전체관람가,118,13286,16119,19482,1.47,165,14103,19.7,46246,14.5,3,180713300,2782,1454,2404,2415,1902,860,1469,560,292,366,514,472,276,353,163
84,우리에게는 아직 내일이 있다,2026-03-04,2023,이탈리아,이탈리아,드라마,,(주)콘텐츠판다,비직배,12세이상관람가,84,8439,14268,19378,2.3,231,11100,13.0,30219,14.2,3,167570340,1448,764,671,1479,2155,739,1183,869,590,854,1179,981,787,569,312
85,"1초 앞, 1초 뒤",2024-06-19,2023,일본,일본,"멜로/로맨스,판타지",야마시타 노부히로,"(주)빌리언스플러스,(주)블루라벨픽쳐스",비직배,전체관람가,266,15973,16463,19051,1.19,72,47403,8.0,77179,8.4,3,166231939,3779,2142,1847,2337,2316,1305,2247,93,57,58,64,76,64,78,12
86,두 검사,2026-04-01,2025,프랑스,"프랑스,독일,네덜란드",기타,세르게이 로즈니차,"엠엔엠인터내셔널(주),(주)레드아이스 엔터테인먼트",비직배,15세이상관람가,51,5581,10210,18812,3.37,369,5861,14.8,15633,16.7,3,174723610,865,544,793,992,819,627,941,500,457,519,1174,949,457,573,311
87,리얼 페인,2025-01-15,2024,미국,미국,"드라마,코미디",제시 아이젠버그,월트디즈니컴퍼니코리아 유한책임회사,직배,15세이상관람가,284,11114,13508,18658,1.68,66,62116,2.8,158654,3.5,3,178517080,1732,1460,1473,2212,1846,1175,1216,257,251,254,396,481,348,407,76
88,비발디와 나,2026-04-29,2025,이탈리아,이탈리아,드라마,다미아노 미키엘레토,해피송,비직배,12세이상관람가,49,6280,9646,18242,2.9,372,5559,14.0,16635,17.5,3,160258900,779,565,1006,920,993,702,1315,390,376,433,819,660,316,372,354
89,이매큘레이트,2024-07-17,2024,미국,미국,공포(호러),마이클 모한,(주)디스테이션,비직배,15세이상관람가,191,17279,17656,18142,1.05,95,33910,10.4,83235,9.4,3,168665912,3519,2429,3706,2298,1801,1222,2304,55,68,46,55,77,26,50,2
90,미야자키 하야오: 자연의 영혼,2025-05-28,2024,프랑스,프랑스,다큐멘터리,레오 파비에,"(주)스튜디오디에이치엘,(주)키노라이츠",비직배,전체관람가,220,12368,16357,18061,1.46,82,57427,7.4,81988,5.7,3,147879500,4265,1544,1213,1755,1741,558,1292,968,977,605,447,768,127,97,141
91,우리가 빛이라 상상하는 모든 것,2025-04-23,2024,인도,인도,드라마,파얄 카파디아,"그린나래미디어(주),(주)레드아이스 엔터테인먼트",비직배,15세이상관람가,63,5925,10980,17561,2.96,279,11091,14.7,29087,8.3,3,165228200,1627,684,680,860,876,495,703,737,922,514,892,580,808,602,171
92,힌드의 목소리,2026-04-15,2025,프랑스,프랑스,드라마,,TCO(주)더콘텐츠온,비직배,15세이상관람가,116,9496,12044,17331,1.83,149,15942,10.9,44524,10.1,3,158717380,1742,1368,1168,2099,1238,696,1185,500,326,407,481,460,167,207,190
93,마더스,2024-04-03,2024,미국,미국,스릴러,브누아 들롬,(주)스튜디오디에이치엘,비직배,15세이상관람가,207,13901,15968,17275,1.24,83,34516,8.8,90550,6.9,3,149829982,3023,2385,2510,1937,1772,894,1380,922,178,151,387,164,155,110,16
94,클로즈 유어 아이즈,2024-11-06,2023,스페인,스페인,드라마,빅토르 에리세,엠엔엠인터내셔널(주),비직배,12세이상관람가,34,3233,5729,17211,5.32,506,3253,12.2,9712,15.2,3,166756760,398,273,265,347,861,443,646,258,309,275,567,504,244,339,222
95,아르코,2026-03-11,2025,프랑스,프랑스,애니메이션,우고 비엔베누,판씨네마(주),비직배,전체관람가,233,8899,9955,16970,1.91,73,32284,7.8,76953,4.4,3,149109760,2528,1451,1110,1099,1146,575,990,110,95,94,248,267,69,173,40
96,여름정원,2025-08-06,1994,일본,일본,드라마,소마이 신지,(주)에이유앤씨,비직배,12세이상관람가,79,7349,11564,16760,2.28,212,9338,14.1,24755,14.3,3,157921160,1316,997,1025,1243,1263,808,697,524,618,674,849,816,349,385,305
97,빌리와 용감한 타이거 킹,2025-09-11,2024,말레이시아,말레이시아,애니메이션,,(주)박수엔터테인먼트,비직배,전체관람가,241,11844,14270,16628,1.4,69,12735,8.0,72886,12.9,3,145294720,1025,755,4602,4074,233,590,565,337,344,769,663,61,28,224,177
98,극장판 츠루네: 시작의 한 발,2024-02-21,2022,일본,일본,애니메이션,야마무라 타쿠야,(주)라이크콘텐츠,비직배,전체관람가,119,9177,12420,16531,1.8,139,33564,10.9,47939,6.4,3,150253101,3654,1114,904,1145,1037,666,657,1349,513,525,299,323,132,102,312
99,할머니가 죽기 전 백만장자가 되는 법,2024-10-09,2024,태국,태국,드라마,팟 부니티팻,(주)디스테이션,비직배,전체관람가,172,10466,14450,15568,1.49,91,39246,7.2,105733,4.5,3,114630450,2822,1585,1496,1838,1407,548,770,195,655,714,848,708,379,485,46
100,마이 선샤인,2026-01-07,2024,일본,일본,드라마,오쿠야마 히로시,(주)넥스트엔터테인먼트월드(NEW),비직배,전체관람가,244,10882,13043,15334,1.41,63,36551,8.2,81869,6.0,3,145946300,3012,1340,1343,1931,1622,674,960,241,115,216,887,509,117,76,88
101,류이치 사카모토: 다이어리,2026-04-01,2025,일본,일본,다큐멘터리,,"(주)영화사 진진,TCO(주)더콘텐츠온",비직배,전체관람가,127,6541,9824,15268,2.33,120,17559,5.6,41738,9.0,3,150908000,988,718,732,1787,1229,547,540,593,394,442,689,588,302,275,211
102,창가의 토토,2024-05-29,2023,일본,일본,애니메이션,야쿠와 신노스케,(주)디스테이션,비직배,전체관람가,321,8915,12330,15047,1.69,47,35117,3.0,120130,5.1,3,135026143,1068,784,860,2549,2674,437,543,1003,1000,476,464,403,25,44,15
103,다이 마이 러브,2026-03-04,2025,미국,미국,"드라마,스릴러",린 램지,(주)누리픽쳐스,비직배,청소년관람불가,115,9365,14037,14991,1.6,130,23299,9.3,43105,10.1,3,128942200,2164,1519,1343,1782,1235,540,782,1220,849,821,548,832,177,225,98
104,출동! 왕엉덩이 히어로: 털복숭이 꼬리도적단 소탕작전,2025-04-12,2020,호주,호주,"애니메이션,액션,어드벤처",리카르드 쿠소,(주)팝엔터테인먼트,비직배,전체관람가,177,8390,12581,14829,1.77,84,36859,8.6,75951,9.9,2,121341100,3164,4352,227,141,129,153,224,2225,1723,51,116,43,8,25,97
105,침묵의 친구,2026-04-15,2025,독일,독일,드라마,,(주)영화사 안다미로,비직배,15세이상관람가,67,5155,7168,14778,2.87,221,7573,15.0,21303,12.2,3,153679370,1139,672,589,793,1218,391,353,315,318,239,386,373,194,188,173
106,키메라,2024-04-03,2023,이탈리아,이탈리아,드라마,알리체 로르와커,엠엔엠인터내셔널(주),비직배,12세이상관람가,51,4830,7766,14742,3.05,289,7511,17.0,22866,9.4,3,142738969,1275,533,555,906,699,348,514,838,294,330,478,485,226,285,185
107,사유리,2025-04-16,2024,일본,일본,공포(호러),시라이시 코지,(주)트리플픽쳐스,비직배,15세이상관람가,191,9985,12833,14736,1.48,77,30113,6.0,91512,6.2,3,141290100,1811,1051,1338,2340,1957,627,861,380,424,853,480,289,180,242,55
108,립세의 사계,2024-01-10,2023,폴란드,폴란드,애니메이션,"DK 웰치먼,휴 웰치맨",(주)디스테이션,비직배,15세이상관람가,186,8978,12920,14582,1.62,78,40733,6.3,89981,3.7,3,113266240,2556,1261,1225,1107,970,476,1383,892,762,763,516,482,274,253,156
109,플랜 75,2024-02-07,2022,일본,일본,드라마,하야카와 치에,찬란,비직배,15세이상관람가,50,5162,8856,14471,2.8,289,5398,13.0,14214,16.4,3,131960066,702,646,777,606,944,935,552,485,468,519,633,741,351,497,299
110,그랑 메종 파리,2025-08-27,2024,일본,일본,드라마,츠카하라 아유코,"(주)미디어캐슬,롯데컬처웍스(주)롯데시네마",비직배,12세이상관람가,141,9478,13610,14449,1.52,102,26053,11.9,71029,5.5,3,109036200,3098,1550,1722,1127,1047,491,443,235,166,388,1079,1032,533,699,132
111,렌탈 패밀리: 가족을 빌려드립니다,2026-02-25,2025,미국,미국,"드라마,코미디",,월트디즈니컴퍼니코리아 유한책임회사,직배,12세이상관람가,186,10137,11912,14383,1.42,77,26757,4.5,74171,6.4,3,130343540,1212,1274,1404,1770,1609,1881,987,337,148,293,340,349,150,158,146
112,애니멀 킹덤,2025-01-22,2023,프랑스,프랑스,"미스터리,판타지,드라마",토마스 카일리,"그린나래미디어(주),(주)스튜디오디에이치엘",비직배,15세이상관람가,96,5467,8630,14330,2.62,149,14131,5.4,34801,7.6,3,133964100,765,707,619,892,1131,736,617,428,495,513,518,570,188,451,793
113,호두까기 인형과 마술피리,2024-10-30,2022,러시아,러시아,애니메이션,,(주)팝엔터테인먼트,비직배,전체관람가,258,10316,12371,14285,1.38,55,9926,2.6,76732,11.0,3,120485050,260,537,648,3802,4028,357,684,175,9,109,531,701,241,289,117
114,데드데드 데몬즈 디디디디 디스트럭션: 파트2,2025-02-05,2024,일본,일본,애니메이션,,"주식회사 올랄라스토리,롯데컬처웍스(주)롯데시네마",비직배,15세이상관람가,220,7251,10727,13956,1.92,63,41259,5.1,79815,4.1,3,115409160,2124,901,744,1422,1106,346,608,959,487,428,648,463,132,359,553
115,전장의 크리스마스,2024-11-20,1983,영국,영국,"드라마,전쟁",오시마 나기사,(주)엣나인필름,비직배,15세이상관람가,65,4903,7810,13242,2.7,204,7958,12.9,22554,10.1,3,127374732,1030,681,660,846,774,447,465,414,827,327,523,392,198,226,233
116,카라바조의 그림자,2025-01-22,2022,이탈리아,이탈리아,드라마,미첼 프라치도,(주)영화사 진진,비직배,청소년관람불가,35,4768,7946,12642,2.65,361,3802,13.8,11245,20.9,3,115090260,523,702,429,1115,809,553,637,440,594,524,613,571,258,178,404
117,몬스터 프렌즈,2024-04-25,2023,스페인,스페인,애니메이션,,(주)박수엔터테인먼트,비직배,전체관람가,180,8893,10725,12519,1.41,70,14436,10.4,52672,10.7,3,101256715,1508,1768,1847,2037,197,440,1096,489,641,104,386,203,9,0,136
118,그리드맨 유니버스,2025-05-21,2023,일본,일본,애니메이션,아메미야 아키라,(주)미디어캐슬,비직배,12세이상관람가,112,5500,8485,12510,2.27,112,22581,7.1,45133,6.4,3,98942580,1608,448,494,1421,954,213,362,234,1030,334,593,438,121,235,1228
119,여름날의 레몬그라스,2024-11-27,2024,대만,대만,멜로/로맨스,,"(주)제이에이와이이엔터테인먼트,(주)더쿱디스트리뷰션",비직배,12세이상관람가,72,7333,12103,12312,1.68,171,10805,15.4,25483,9.7,3,71507100,1668,1256,902,891,672,315,1629,1276,727,525,596,409,1170,67,8
120,인어공주: 마법물약의 비밀,2024-03-14,2023,미국,미국,애니메이션,,(주)박수엔터테인먼트,비직배,전체관람가,188,9189,11664,12265,1.33,65,9528,8.7,52466,14.2,3,105988262,829,379,3341,3749,149,267,475,22,126,1157,1032,5,61,72,0
121,미러 넘버 3,2025-10-01,2025,독일,독일,"드라마,미스터리,스릴러",크리스티안 페촐트,"엠엔엠인터내셔널(주),(주)레드아이스 엔터테인먼트",비직배,15세이상관람가,60,4008,6433,12176,3.04,203,7957,7.4,22021,9.3,3,115984100,585,428,566,888,594,421,526,459,347,445,421,422,153,178,708
122,끝이 없는 스칼렛,2026-01-14,2025,일본,일본,애니메이션,호소다 마모루,소니픽쳐스엔터테인먼트코리아주식회사극장배급지점,직배,12세이상관람가,165,10292,11932,12111,1.18,73,37810,9.9,76329,5.1,3,104038200,3762,1798,738,2327,791,345,531,146,149,125,702,217,140,161,13
123,"나의 아픈, 사랑이야기",2025-08-13,2025,대만,대만,멜로/로맨스,,"(주)픽처하우스,영화로운 형제",비직배,12세이상관람가,146,10719,11070,11899,1.11,82,20930,14.6,45636,7.4,3,102330800,3055,2498,1480,978,927,575,1206,110,129,14,31,32,20,15,100
124,후레루.,2025-06-25,2024,일본,일본,애니메이션,오카다 마리,(주)미디어캐슬,비직배,12세이상관람가,157,9472,11001,11775,1.24,75,33468,7.8,68185,6.0,3,89595500,2614,1312,1083,1692,1290,577,904,231,239,149,288,340,150,132,99
125,구룡성채: 무법지대,2024-10-16,2024,홍콩,홍콩,액션,정 바오루이,(주)콘텐츠판다,비직배,15세이상관람가,134,7982,9920,11622,1.46,87,32404,4.6,88228,4.7,3,99918950,1491,1121,1371,1371,1368,588,672,322,198,240,366,308,245,259,140
126,퀸 락 몬트리올,2026-04-15,2024,영국,영국,공연,사울 스위머,판씨네마(주),비직배,12세이상관람가,156,6997,9178,11617,1.66,74,37175,4.2,89424,3.9,3,150012340,1569,866,925,1422,1131,519,565,304,236,341,494,426,152,228,37
127,프리실라,2024-06-19,1994,미국,미국,"드라마,멜로/로맨스,뮤지컬",소피아 코폴라,"오드,홀리가든",비직배,15세이상관람가,158,6929,10278,11548,1.67,73,26404,8.2,39268,4.5,3,103947784,2170,1308,545,630,594,631,1051,503,735,562,633,722,79,115,106
128,프로이트의 라스트 세션,2024-08-21,2023,미국,미국,드라마,매트 브라운,(주)트리플픽쳐스,비직배,15세이상관람가,76,7957,10084,11375,1.43,150,10026,14.1,27528,13.7,3,100515238,1412,1145,1056,1520,1205,662,957,469,326,248,365,289,185,245,36
129,킬,2024-08-28,,인도,인도,"액션,범죄",니킬 나게시 바트,주식회사 올랄라스토리,비직배,청소년관람불가,126,8614,10028,11177,1.3,89,30405,6.3,79380,5.0,3,80584100,1908,1180,1461,1407,1107,713,838,321,301,388,165,107,72,60,48
130,연지구 디 오리지널 4K,2026-03-25,1987,홍콩,홍콩,"판타지,멜로/로맨스",관금붕,와이드 릴리즈(주),비직배,15세이상관람가,130,6309,8855,11080,1.76,85,19568,7.2,45746,7.3,3,110674800,1402,637,1375,1201,761,429,504,999,274,252,387,287,154,193,136
131,코마다 위스키 패밀리,2024-09-05,2023,일본,일본,애니메이션,요시하라 마사유키,(주)스마일이엔티,비직배,12세이상관람가,150,9142,10161,11062,1.21,74,30398,10.1,71469,6.6,3,88734000,3084,1478,2074,1195,374,438,499,185,72,194,195,132,116,125,63
132,리 밀러: 카메라를 든 여자,2025-09-24,2023,호주,호주,드라마,,"(주)영화사 진진,(주)플레이그램",비직배,15세이상관람가,77,6154,8415,10663,1.73,138,9793,10.9,25612,12.0,3,96834280,1069,805,844,1254,974,525,683,307,260,408,408,332,221,325,243
133,벌집의 정령,2025-01-29,1973,스페인,스페인,드라마,빅토르 에리세,엠엔엠인터내셔널(주),비직배,12세이상관람가,36,3967,5712,10478,2.64,291,3965,18.5,12887,15.0,3,96747860,735,684,767,695,469,302,315,243,177,264,332,277,176,276,91
134,노 베어스,2024-01-10,2022,이란,이란,드라마,자파르 파나히,엠엔엠인터내셔널(주),비직배,12세이상관람가,41,2889,5276,10422,3.61,254,4848,8.5,13769,9.4,3,101495312,412,340,450,455,390,310,532,398,340,304,475,367,246,257,126
135,프라우드 프린세스: 로열 어드벤처,2025-08-15,2024,체코,체코,"애니메이션,드라마",,(주)스튜디오디에이치엘,비직배,전체관람가,126,7230,9703,10374,1.43,82,30696,9.0,84538,7.9,3,75517400,2767,1998,1893,229,122,122,99,290,798,890,184,155,12,144,190
136,얼음 여왕,2026-01-28,2025,노르웨이,노르웨이,애니메이션,,(주)디스테이션,비직배,전체관람가,159,5648,8969,10331,1.83,65,13729,4.9,58854,5.5,3,78937600,676,533,520,1506,1240,193,980,363,516,757,660,769,110,146,178
137,타년타일,2026-01-28,2025,홍콩,홍콩,"멜로/로맨스,판타지",,주식회사 오디언스,비직배,12세이상관람가,172,7434,10073,10154,1.37,59,33544,6.4,58884,3.5,3,67579400,2147,1554,623,848,566,400,1296,682,499,287,421,291,393,66,3
138,그리고 바통은 넘겨졌다,2024-07-17,2021,일본,일본,드라마,마에다 테츠,(주)라이크콘텐츠,비직배,전체관람가,111,8212,9271,10127,1.23,91,24294,9.3,60324,5.0,3,74486000,2266,1136,1442,778,799,745,1046,244,137,185,142,131,118,102,72
139,대결! 애니메이션,2024-03-06,2022,일본,일본,드라마,요시노 코헤이,"(주)빌리언스플러스,(주)블루라벨픽쳐스",비직배,12세이상관람가,103,5766,7617,10118,1.75,98,21316,10.0,41280,5.2,3,73541116,2122,690,526,843,781,340,464,619,137,294,211,226,266,98,44
140,슈퍼 해피 포에버,2025-12-24,2024,일본,일본,드라마,이가라시 코헤이,"찬란,(주)하이스트레인저",비직배,12세이상관람가,55,5188,7051,10104,1.95,184,6646,15.7,17155,11.2,3,103183100,1041,1190,474,734,712,520,517,358,413,253,408,208,107,116,84
141,라이즈,2024-01-17,,프랑스,"프랑스,벨기에","드라마,코미디",세드릭 클라피쉬,(주)무비다이브,비직배,15세이상관람가,68,4016,5790,9503,2.37,140,9227,6.2,26549,7.7,3,85854460,575,462,511,750,775,355,588,177,239,217,355,282,243,261,238
142,캣퍼슨,2024-06-19,2023,프랑스,프랑스,"드라마,공포(호러),스릴러",수잔나 포겔,판씨네마(주),비직배,15세이상관람가,157,8745,8902,9493,1.09,60,27762,11.1,36683,5.4,3,78273300,3090,2059,698,593,682,360,1263,15,64,51,5,8,4,10,0
143,쇼잉 업,2025-01-08,2024,미국,미국,드라마,켈리 라이카트,엠엔엠인터내셔널(주),비직배,12세이상관람가,46,4494,6485,9457,2.1,206,7266,19.3,20276,9.5,3,89024200,1404,409,532,785,617,362,385,411,191,192,432,365,211,189,68
144,우리들의 교복시절,2025-07-11,2024,대만,대만,"드라마,멜로/로맨스",촹칭션,"주식회사 로아앤코홀딩스,에무 시네마 앤 카페",비직배,전체관람가,124,5237,7008,9389,1.79,76,15785,9.6,41915,10.0,3,87187465,1519,1474,1178,150,263,378,275,252,454,307,230,357,110,61,70
145,물의 연대기,2026-01-28,2025,미국,미국,드라마,크리스틴 스튜어트,판씨네마(주),비직배,청소년관람불가,88,7354,8150,9315,1.27,106,10946,15.8,27944,9.1,3,78985800,1725,1420,887,945,722,538,1117,141,117,78,133,126,92,109,32
146,발코니의 여자들,2025-07-09,2024,프랑스,프랑스,"코미디,범죄",노에미 멜랑,"그린나래미디어(주),(주)플레이그램",비직배,청소년관람불가,45,2969,5201,9310,3.14,207,4426,13.3,12365,12.0,3,87232100,590,467,445,494,546,171,256,286,235,337,379,367,308,320,135
147,아임 스틸 히어,2025-08-20,2024,브라질,브라질,드라마,월터 살레스,(주)영화사 안다미로,비직배,15세이상관람가,44,4799,7401,9308,1.94,212,6578,23.7,14556,13.2,3,83194400,1562,668,526,737,664,282,360,911,269,244,349,327,208,294,133
148,생츄어리 2 : 쿼카가 너무해,2024-03-07,2020,호주,호주,"애니메이션,액션,어드벤처",리카르드 쿠소,(주)팝엔터테인먼트,비직배,전체관람가,249,7004,8072,9261,1.32,37,5182,2.8,66067,9.9,3,81510141,143,231,3112,3181,111,130,96,119,4,387,340,10,30,178,0
149,디베르티멘토,2024-08-07,2022,프랑스,프랑스,드라마,마리-카스티유 망시옹-샤르,찬란,비직배,12세이상관람가,31,3276,5681,9205,2.81,297,2600,18.1,10021,16.8,3,75426478,470,402,413,642,631,358,360,276,590,289,453,323,256,218,179
150,메모리,2025-01-22,2024,미국,미국,드라마,미셸 프랑코,(주)티캐스트,비직배,15세이상관람가,35,3908,6085,9194,2.35,263,4736,10.7,14565,12.3,3,83406400,505,453,584,691,513,640,522,303,447,338,465,290,183,151,153
151,파르테노페,2025-09-24,2024,이탈리아,이탈리아,"드라마,멜로/로맨스",파올로 소렌티노,주식회사 오디언스,비직배,청소년관람불가,53,7392,8336,8968,1.21,169,5298,23.2,18486,16.0,3,80067900,1228,1150,766,1349,848,509,1542,129,107,173,154,110,120,151,84
152,리틀 아멜리,2026-01-14,2025,프랑스,프랑스,애니메이션,"메일리스 발라데,리안 조 한","(주)영화사 진진,(주)레드아이스 엔터테인먼트",비직배,전체관람가,116,4809,6143,8793,1.83,76,16094,8.5,39501,6.0,3,91227300,1373,610,440,1072,862,197,255,157,179,255,314,248,82,99,110
153,왓츠 러브,2024-03-20,2022,영국,영국,"멜로/로맨스,드라마,코미디",세자르 카푸르,(주)디스테이션,비직배,15세이상관람가,188,7703,8155,8738,1.13,46,30208,5.4,72981,5.1,3,78500397,1641,1155,1368,1371,962,472,734,96,87,50,71,63,46,39,4
154,신성한 나무의 씨앗,2025-06-03,2024,독일,독일,드라마,모함마드 라술로프,"그린나래미디어(주),(주)레드아이스 엔터테인먼트",비직배,15세이상관람가,46,3185,5024,8595,2.7,187,3411,14.2,16543,10.6,3,77629000,485,379,312,698,586,477,248,215,288,204,176,436,319,201,181
155,미야자키 하야오의 그대들은 어떻게 살 것인가,2026-04-15,2024,일본,일본,다큐멘터리,,(주)디스테이션,비직배,12세이상관람가,78,5063,6964,8404,1.66,108,12149,11.6,28410,6.9,3,62307190,1414,523,607,729,633,359,798,385,196,186,282,347,388,117,23
156,굿 보이,2025-10-22,2025,미국,미국,"스릴러,공포(호러)",벤 레온버그,"찬란,주식회사 로아앤코홀딩스",비직배,12세이상관람가,140,5266,8116,8338,1.58,60,23600,5.9,56393,4.2,3,68121740,1402,754,589,1008,748,242,523,789,482,351,512,366,266,84,26
157,내 말 좀 들어줘,2025-08-20,2024,영국,영국,드라마,마이크 리,(주)티캐스트,비직배,12세이상관람가,34,3679,6066,8259,2.24,243,4508,15.4,12870,12.8,3,76846700,695,424,355,630,662,521,392,605,268,257,409,388,255,205,133
158,왼손잡이 소녀,2025-11-12,2025,미국,미국,"드라마,가족",쩌우스칭,"(주)레드아이스 엔터테인먼트,(주)더쿱디스트리뷰션",비직배,15세이상관람가,75,5987,6711,8120,1.36,108,8347,11.1,24432,11.1,3,71360360,929,1083,859,985,864,497,770,87,80,88,95,191,94,89,73
159,볼레로: 불멸의 선율,2025-04-30,2024,프랑스,프랑스,드라마,안느 퐁텐,찬란,비직배,12세이상관람가,37,4157,5676,7978,1.92,216,3528,14.3,11448,13.9,3,68604200,503,704,443,626,520,534,827,128,287,198,309,233,165,199,49
160,미치광이 피에로,2025-06-04,1965,프랑스,"프랑스,이탈리아",드라마,장 뤽 고다르,엠엔엠인터내셔널(주),비직배,15세이상관람가,35,2918,4551,7614,2.61,218,3692,20.7,8841,15.6,3,74887600,765,386,489,458,436,212,172,184,185,195,321,336,141,271,168
161,마작,2025-10-15,1996,대만,대만,드라마,에드워드 양,(주)디스테이션,비직배,15세이상관람가,108,4091,5694,7572,1.85,70,18072,3.4,37804,6.8,3,78353870,613,397,399,973,1207,254,248,341,191,162,282,369,129,129,122
162,네 멋대로 해라,2026-01-14,1960,프랑스,프랑스,"드라마,범죄",장 뤽 고다르,주식회사 오디언스,비직배,12세이상관람가,26,1742,2649,7526,4.32,289,2761,14.0,7891,9.9,3,52029030,387,255,249,312,218,154,167,135,86,124,158,212,80,112,57
163,고양이 수비대: 모나리자를 지켜라!,2025-05-14,2023,러시아,러시아,애니메이션,바실리 로벤스키,"그린나래미디어(주),주식회사 로아앤코홀딩스",비직배,전체관람가,151,4973,6591,7504,1.51,50,11768,1.9,57148,6.9,3,59763400,228,484,409,1922,1635,175,120,44,46,137,535,530,277,49,149
164,이오 카피타노,2024-08-07,2023,이탈리아,이탈리아,드라마,마테오 가로네,"(주)팝엔터테인먼트,(주)플레이그램",비직배,15세이상관람가,45,5618,6722,7460,1.33,166,5815,22.0,15811,15.9,3,66987339,1277,765,795,986,739,397,659,107,294,305,166,102,71,59,34
165,세븐 베일즈,2025-05-14,2024,캐나다,캐나다,드라마,아톰 에고이안,판씨네마(주),비직배,15세이상관람가,136,6143,6752,7419,1.21,55,29891,7.0,46724,4.3,3,50984400,2099,869,898,658,461,287,871,119,87,76,75,95,73,84,12
166,악이 도사리고 있을 때,2024-10-09,2023,아르헨티나,"아르헨티나,미국","공포(호러),미스터리,스릴러",데미안 루냐,(주)팝엔터테인먼트,비직배,청소년관람불가,229,6210,6442,7409,1.19,32,41722,4.5,86563,2.9,3,57430800,1869,930,925,1018,603,420,445,42,24,22,62,32,24,26,0
167,차이콥스키의 아내,2024-05-01,2022,러시아,러시아,"멜로/로맨스,드라마",키릴 세레브렌니코프,(주)엣나인필름,비직배,청소년관람불가,38,3363,4999,7349,2.19,193,3781,18.6,11938,10.8,3,61150554,704,392,350,460,481,712,264,210,213,175,258,353,258,169,266
168,"낸 골딘, 모든 아름다움과 유혈사태",2024-05-15,2022,미국,미국,다큐멘터리,로라 포이트러스,"찬란,(주)하이스트레인저",비직배,15세이상관람가,49,3202,4485,7321,2.29,149,5828,14.8,16026,8.5,3,70221495,862,307,284,587,490,211,461,167,144,174,274,233,158,133,186
169,오키쿠와 세계,2024-02-21,2023,일본,일본,드라마,사카모토 준지,(주)엣나인필름,비직배,12세이상관람가,36,3031,4639,7218,2.38,200,4195,8.7,14189,12.4,3,67240295,365,344,356,510,896,343,217,346,174,244,276,322,80,166,259
170,뱀파이어 헌터 D,2025-11-12,2000,일본,일본,애니메이션,카와지리 요시아키,(주)플레이그램,비직배,15세이상관람가,54,3655,5330,7168,1.96,133,9160,7.6,25249,7.9,3,72125800,694,496,499,674,831,229,232,126,559,256,233,229,132,140,464
171,안녕하세요,2026-02-11,1959,일본,일본,드라마,오즈 야스지로,(주)엣나인필름,비직배,12세이상관람가,38,2363,3805,7082,3.0,186,4204,9.9,12048,8.9,3,66258700,418,259,294,400,377,309,306,340,164,206,239,181,145,167,72
172,#진상을 말씀드립니다,2025-09-24,2025,일본,일본,"미스터리,스릴러,드라마",토요시마 케이스케,"주식회사 로아앤코홀딩스,(주)영화사 안다미로",비직배,15세이상관람가,113,5509,6223,7002,1.27,62,14526,6.2,42212,6.0,3,53060800,895,705,763,1074,700,542,830,157,103,122,150,90,36,56,50
173,성 베드로 대성당과 로마의 교황청 대성당들,2025-01-15,2016,이탈리아,이탈리아,다큐멘터리,,일미디어,비직배,전체관람가,19,1335,2342,6919,5.18,364,1822,14.3,5545,12.1,3,56592860,261,128,143,255,272,151,125,91,92,124,132,212,169,187,125
174,기괴도,2024-06-12,2023,일본,일본,공포(호러),시미즈 다카시,와이드 릴리즈(주),비직배,15세이상관람가,106,6331,6616,6912,1.09,65,18104,9.3,44757,6.6,3,51723749,1682,727,843,1167,922,378,612,67,67,45,31,34,23,18,2
175,힙노시스: LP 커버의 전설,2024-05-01,2022,영국,영국,다큐멘터리,안톤 코르빈,(주)티캐스트,비직배,15세이상관람가,53,3524,4722,6624,1.88,125,6432,16.0,17093,7.5,3,64433647,1029,258,298,515,477,504,443,171,116,246,231,177,102,155,158
176,트라페지움,2024-11-14,2024,일본,일본,애니메이션,,와이드 릴리즈(주),비직배,전체관람가,105,5379,6246,6490,1.21,62,21338,7.7,46824,6.1,3,51598500,1635,553,1443,870,260,261,357,67,65,312,215,82,125,1,0
177,8과 1/2,2025-07-23,,이탈리아,이탈리아,드라마,페데리코 펠리니,일미디어,비직배,15세이상관람가,23,1993,3142,6409,3.22,279,1623,16.1,6355,14.9,3,59989900,262,219,271,331,346,257,307,221,225,103,178,143,133,146,62
178,클레오의 세계,2024-01-03,2023,프랑스,프랑스,드라마,마리 아마추켈리,"그린나래미디어(주),(주)하이스트레인저",비직배,전체관람가,47,3102,4565,6404,2.06,136,6554,6.8,18889,9.4,3,61900677,446,321,316,907,551,277,284,196,209,196,369,259,106,128,65
179,영화 스미코구라시 - 푸른 달밤의 마법의 아이,2024-02-07,2019,일본,일본,애니메이션,오오모리 타카히로,(주)미디어캐슬,비직배,전체관람가,106,4253,5192,6401,1.51,60,17470,4.0,37753,4.4,3,52317720,705,762,687,376,596,905,222,134,121,244,123,184,68,65,34
180,사랑의 탐구,2024-09-18,2023,캐나다,캐나다,멜로/로맨스,모니아 쇼크리,(주)티캐스트,비직배,청소년관람불가,35,3121,4088,6399,2.05,183,3609,23.8,11269,13.1,3,58980360,860,271,425,605,451,258,251,111,97,136,174,171,98,180,96
181,담뽀뽀,2025-12-17,1985,일본,일본,코미디,이타미 주조,(주)디스테이션,비직배,청소년관람불가,25,3163,4708,6377,2.02,255,2492,36.3,6927,19.4,3,62250576,905,401,317,675,352,295,218,352,208,177,250,192,131,235,303
182,럭키 데이 인 파리,2025-11-12,2023,미국,미국,"멜로/로맨스,스릴러",우디 앨런,해피송,비직배,12세이상관람가,63,3628,4591,6335,1.75,101,7102,7.8,21285,9.9,3,60621370,557,334,549,825,743,314,306,152,65,97,261,161,100,127,155
183,더 원더스,2024-07-31,2014,이탈리아,이탈리아,드라마,알리체 로르와커,엠엔엠인터내셔널(주),비직배,12세이상관람가,44,3257,4480,6276,1.93,143,4724,14.9,11944,12.2,3,57909456,703,469,363,539,554,267,362,112,147,111,292,319,123,119,85
184,위국일기,2024-10-02,2024,일본,일본,드라마,세타 나츠키,"(주)영화사 진진,(주)하이스트레인저",비직배,12세이상관람가,69,3078,4141,6187,2.01,90,7460,8.2,20134,6.9,3,60883900,609,578,459,547,386,237,262,201,104,127,275,205,87,64,78
185,사운드 오브 폴링,2025-12-17,2025,독일,독일,드라마,마샤 실린스키,"(주)스튜디오디에이치엘,(주)플레이그램",비직배,15세이상관람가,50,3473,4645,6168,1.78,123,5929,7.9,16188,13.2,3,64863810,468,363,330,944,855,280,233,130,87,199,257,151,153,195,45
186,피렌체와 우피치 미술관,2024-06-26,2015,이탈리아,이탈리아,다큐멘터리,,일미디어,비직배,전체관람가,17,1550,3025,6019,3.88,354,1623,20.3,4036,14.6,3,47998606,329,183,180,211,199,265,183,118,238,133,329,368,137,152,68
187,바늘을 든 소녀,2025-12-10,2024,덴마크,덴마크,드라마,매그너스 본 혼,"그린나래미디어(주),(주)레드아이스 엔터테인먼트",비직배,15세이상관람가,39,2391,3909,5778,2.42,148,3994,11.3,9806,12.3,3,53860950,450,247,295,464,444,248,243,215,181,187,230,211,188,306,97
188,독립시대,2024-09-25,1994,대만,대만,"코미디,드라마,멜로/로맨스",에드워드 양,"(주)디스테이션,(주)에이썸엔터테인먼트",비직배,15세이상관람가,42,3004,3720,5704,1.9,136,5455,9.1,17920,5.8,3,54436860,499,1059,277,478,288,213,190,87,140,90,115,111,88,85,113
189,나미비아의 사막,2025-05-07,2024,일본,일본,드라마,야마나카 요코,(주)스튜디오디에이치엘,비직배,15세이상관람가,55,3106,3899,5620,1.81,102,8056,8.5,18980,6.8,3,52674800,685,358,366,502,415,283,497,119,83,95,147,245,45,59,37
190,달팽이의 회고록,2025-04-30,2024,호주,호주,애니메이션,아담 엘리어트,해피송,비직배,15세이상관람가,50,3221,4716,5596,1.74,112,6347,15.4,14585,6.3,3,49457960,978,361,266,340,313,499,464,176,129,224,358,232,150,226,72
191,파문,2025-01-15,2023,일본,,드라마,오기가미 나오코,,,,97,2724,3783,5580,2.05,58,13764,3.3,35228,3.7,3,52097100,459,383,357,483,471,292,279,112,85,116,257,130,171,188,55
192,넥스트 골 윈즈,2024-01-24,2023,미국,미국,코미디,타이카 와이티티,월트디즈니컴퍼니코리아 유한책임회사,직배,전체관람가,156,3973,4919,5497,1.38,35,29794,2.2,73216,2.6,3,50989771,655,475,510,714,670,348,601,154,91,300,139,89,56,117,3
193,원맨,2024-09-04,2023,아일랜드,아일랜드,"액션,범죄",로버트 로렌즈,이화배컴퍼니(주),비직배,15세이상관람가,147,5199,5280,5463,1.05,37,22618,4.1,59317,4.5,3,51242000,919,745,762,1094,793,445,441,37,35,5,1,0,1,2,1
194,고백,2025-02-19,,,,,,,,,100,4544,4914,5417,1.19,54,20696,6.1,48594,4.0,3,39871000,1257,914,907,560,456,198,252,87,101,55,35,19,46,27,1
195,해상화,2026-02-04,1998,일본,일본,드라마,허우 샤오시엔,"(주)영화사 진진,(주)하이스트레인저",비직배,15세이상관람가,35,2678,3801,5380,2.01,154,4304,13.7,10797,10.9,3,47460170,591,436,295,471,407,270,208,184,205,144,132,111,191,156,69
196,찬란한 내일로,2024-05-29,2023,이탈리아,"이탈리아,프랑스",드라마,난니 모레티,에무 시네마 앤 카페,비직배,12세이상관람가,42,2441,3471,5343,2.19,127,4515,14.2,15660,6.7,3,47869480,643,355,211,531,314,174,213,161,177,198,172,118,107,97,65
197,기빗올: 우리들의 썸머,2025-06-18,2024,일본,일본,애니메이션,사쿠라기 유헤이,찬란,비직배,전체관람가,107,3324,4681,5194,1.56,49,23212,5.0,30443,4.1,3,39836970,1152,410,216,649,381,153,363,361,144,141,368,130,173,40,110
198,국외자들,2024-09-25,1964,프랑스,프랑스,"드라마,범죄",장 뤽 고다르,엠엔엠인터내셔널(주),비직배,12세이상관람가,24,2151,2950,5156,2.4,215,2344,22.0,7174,12.4,3,51079860,515,219,178,397,318,170,354,118,179,79,116,150,49,108,109
199,언데드 다루는 법,2025-01-22,2024,노르웨이,노르웨이,"드라마,공포(호러),미스터리",테아 히비스텐달,판씨네마(주),비직배,15세이상관람가,64,3876,4330,5152,1.33,80,9746,9.9,19854,7.1,3,46157500,965,660,422,593,399,310,527,51,70,66,114,74,29,50,5
200,어네스트와 셀레스틴: 멜로디 소동,2025-06-11,2022,프랑스,프랑스,애니메이션,,"(주)영화사 진진,(주)하이스트레인저",비직배,전체관람가,119,3818,4174,5104,1.34,43,14039,3.2,48099,4.9,3,35848200,452,370,512,854,970,310,350,54,71,30,89,84,11,17,28
201,두 번째 계절,2026-01-28,2023,프랑스,프랑스,멜로/로맨스,스테판 브리제,(주)티캐스트,비직배,15세이상관람가,29,2191,3310,5089,2.32,175,4487,10.8,11152,8.8,3,43848800,483,275,299,353,334,191,256,169,97,204,233,207,106,103,102
202,보티첼리. 피렌체와 메디치,2024-04-24,2021,이탈리아,이탈리아,다큐멘터리,,일미디어,비직배,전체관람가,14,616,1980,5041,8.18,360,1136,9.2,2376,12.3,3,41321612,105,68,93,96,103,54,97,257,142,183,169,253,233,127,98
203,남쪽,2026-02-18,1983,스페인,"스페인,프랑스","드라마,멜로/로맨스",빅토르 에리세,엠엔엠인터내셔널(주),비직배,12세이상관람가,40,1790,2883,5001,2.79,125,3549,12.6,9059,8.8,3,46964200,448,216,212,314,275,175,150,200,122,114,187,241,143,86,31
204,그랜드 투어,2025-03-26,2024,포르투갈,포르투갈,드라마,미겔 고미스,엠엔엠인터내셔널(주),비직배,12세이상관람가,43,2087,3080,4992,2.39,116,4630,9.9,12620,8.0,3,43257700,460,224,265,352,397,217,172,155,57,100,343,186,76,76,52
205,"끝, 새로운 시작",2025-03-26,2023,영국,영국,드라마,마할리아 벨로,"(주)스튜디오디에이치엘,(주)키노라이츠",비직배,15세이상관람가,79,4185,4533,4985,1.19,63,10161,9.1,22575,7.4,3,41718800,928,778,503,633,530,345,468,46,44,26,101,59,35,37,17
206,총을 든 스님,2025-01-01,2023,기타,기타,"드라마,코미디",,주식회사 슈아픽처스,비직배,전체관람가,32,1503,2311,4835,3.22,151,3200,10.1,10415,6.3,3,41962100,322,185,183,220,257,169,167,49,62,130,231,178,87,71,45
207,오늘부터 댄싱퀸,2024-05-29,2023,노르웨이,노르웨이,드라마,오로라 고세,"그린나래미디어(주),주식회사 로아앤코홀딩스",비직배,전체관람가,106,2746,3310,4735,1.72,45,21269,2.0,52762,2.9,3,35526300,417,418,585,537,416,178,195,293,50,21,62,3,109,26,60
208,영화 스미코구라시 - 튀어나오는 그림책과 비밀의 아이,2024-01-24,2019,일본,일본,애니메이션,만큐,(주)미디어캐슬,비직배,전체관람가,101,3038,3571,4670,1.54,46,13126,2.9,43007,4.5,3,40442390,383,325,411,709,796,186,228,98,67,43,78,167,43,37,2
209,"파리, 밤의 여행자들",2025-12-17,2022,프랑스,프랑스,드라마,미카엘 허스,"(주)영화사 진진,(주)하이스트레인저",비직배,15세이상관람가,37,2119,3269,4665,2.2,126,3508,10.5,8232,13.6,3,42050900,367,220,367,432,317,159,257,212,164,162,87,122,216,187,104
210,크래쉬: 디렉터스컷,2025-03-26,1996,캐나다,캐나다,"범죄,드라마",데이비드 크로넨버그,(주)엣나인필름,비직배,청소년관람불가,46,2488,3439,4622,1.86,100,4086,16.6,11666,10.3,3,44852600,679,277,319,448,432,189,144,149,150,96,157,187,107,105,51
211,네이키드 런치,2025-06-25,1991,캐나다,"캐나다,영국","드라마,미스터리",데이비드 크로넨버그,(주)엣나인필름,비직배,청소년관람불가,28,2389,3594,4577,1.92,163,2629,23.9,7511,14.4,3,43825700,628,229,292,430,356,238,216,148,260,107,254,168,139,129,34
212,마거리트의 정리,2024-06-27,2023,프랑스,프랑스,드라마,안나 노비옹,"(주)영화사 진진,(주)하이스트레인저",비직배,15세이상관람가,29,1564,2508,4532,2.9,156,2611,8.5,8894,10.3,3,43397439,223,173,405,342,196,105,120,114,70,317,114,61,100,168,42
213,터널,2025-12-31,2025,베트남,,전쟁(2),추옌 부이 탁,,,,40,4179,4362,4522,1.08,113,5737,13.0,14043,9.7,3,34786900,744,871,627,376,359,338,864,40,21,24,38,19,21,20,4
214,공드리의 솔루션북,2024-08-14,,프랑스,프랑스,"코미디,드라마",미셸 공드리,"그린나래미디어(주),(주)하이스트레인저",비직배,15세이상관람가,44,2636,3499,4518,1.71,103,4609,9.8,11693,10.0,3,43525000,452,567,275,493,407,264,178,152,79,123,205,140,81,83,85
215,킹덤4: 대장군의 귀환,2024-11-20,2024,일본,일본,"액션,전쟁",사토 신스케,"와이드 릴리즈(주),(주)플레이그램",비직배,15세이상관람가,88,3685,4004,4500,1.22,51,12227,7.0,28652,5.8,3,30111620,862,549,412,621,634,249,358,39,35,48,79,46,33,39,8
216,반 고흐. 밀밭과 구름 낀 하늘,2025-07-30,2018,이탈리아,이탈리아,다큐멘터리,,일미디어,비직배,전체관람가,20,2115,3199,4425,2.09,221,2896,17.5,7158,15.5,3,34431000,507,176,356,356,399,201,120,213,200,87,211,162,157,54,55
217,마리우폴에서의 20일,2024-11-06,2023,미국,미국,"다큐멘터리,전쟁",므스티슬라우 체르노우,(주)스튜디오디에이치엘,비직배,15세이상관람가,50,1681,2346,4406,2.62,88,5334,3.2,16380,5.9,3,36353060,170,187,365,340,254,160,205,156,174,57,98,115,35,30,11
218,포제션,2025-10-08,1981,프랑스,프랑스,"드라마,공포(호러)",안드레이 줄랍스키,찬란,비직배,청소년관람불가,28,2733,3716,4338,1.59,155,3471,21.0,7718,14.6,3,43136840,728,415,310,438,382,186,274,138,109,96,192,273,89,86,41
219,클럽 제로,2024-01-24,2023,오스트리아,"오스트리아 ,영국","미스터리,스릴러",예시카 하우스너,판씨네마(주),비직배,12세이상관람가,60,3993,4201,4321,1.08,72,8779,11.8,24625,6.0,3,38153125,1033,758,583,472,433,264,450,75,19,23,23,33,13,22,8
220,튜즈데이,2026-01-14,2023,미국,미국,"드라마,판타지",,"(주)팝엔터테인먼트,(주)싸이더스",비직배,12세이상관람가,45,3454,3577,4250,1.23,94,4644,19.6,13228,8.8,3,36056800,912,609,474,311,377,128,643,16,14,21,17,24,9,22,3
221,조상님이 보고계셔,2025-11-27,2025,베트남,베트남,코미디,,"(주)제이앤씨미디어그룹,와이드 릴리즈(주)",비직배,15세이상관람가,47,3809,3948,4166,1.09,89,8952,17.9,19224,7.6,3,30836700,1602,486,482,488,237,482,32,23,6,22,42,29,14,3,3
222,브레이킹 아이스,2025-06-04,2023,중국,"중국,싱가포르",멜로/로맨스,안소니 첸,(주)디스테이션,비직배,15세이상관람가,66,2253,2878,4050,1.8,61,7919,5.7,19763,6.1,3,38345000,451,334,435,461,307,115,150,93,91,90,139,83,67,62,65
223,모네의 수련. 물과 빛의 마법,2025-06-25,2018,이탈리아,이탈리아,다큐멘터리,,일미디어,비직배,전체관람가,16,1195,1960,4017,3.36,251,1981,10.0,5479,12.8,3,28374300,199,55,171,274,258,175,63,98,148,101,202,123,34,59,50
224,어리석은 자는 누구인가,2026-01-07,2025,일본,일본,"스릴러,드라마",나가타 고토,(주)플레이그램,비직배,15세이상관람가,81,2257,2934,4013,1.78,50,8736,6.5,17116,6.3,3,44548400,568,285,330,425,321,151,177,45,195,79,123,144,54,37,37
225,애시드 레인: 죽음의 비,2024-11-27,2023,프랑스,프랑스,기타,쥐스트 필리포,(주)디스테이션,비직배,15세이상관람가,48,3623,3693,3994,1.1,83,5565,15.2,12283,8.8,3,32467500,847,654,281,434,363,195,849,5,10,4,7,6,33,5,1
226,라스트 썸머,2024-04-03,2023,프랑스,프랑스,"드라마,멜로/로맨스",카트린느 브레이야,(주)디스테이션,비직배,청소년관람불가,37,3278,3551,3950,1.21,107,5100,13.5,12533,8.8,3,33512500,687,567,356,452,299,302,615,65,44,52,13,48,35,16,10
227,이제 다시 시작하려고 해,2025-04-23,2024,스페인,스페인,드라마,호나스 트루에바,엠엔엠인터내셔널(주),비직배,15세이상관람가,44,1665,2792,3865,2.32,88,5124,5.8,13071,6.2,3,34968500,297,227,171,303,337,150,180,183,142,88,164,187,218,145,37
228,라파엘로. 예술의 군주,2024-05-29,2017,이탈리아,이탈리아,다큐멘터리,,일미디어,비직배,전체관람가,24,1434,2170,3811,2.66,159,2265,10.0,6916,10.7,3,30712439,227,150,139,368,235,182,133,69,162,132,117,152,59,45,52
229,"오늘 하늘이 가장 좋아,라고 아직 말할 수 없는 나는",2025-11-26,2024,일본,일본,드라마,오오쿠 아키코,(주)디스테이션,비직배,12세이상관람가,81,2473,2851,3776,1.53,47,10163,4.7,27449,5.5,3,39300250,477,216,274,672,560,130,144,89,68,49,77,32,26,37,0
230,정욕,2024-05-29,2023,일본,일본,"드라마,멜로/로맨스",기시 요시유키,해피송,비직배,15세이상관람가,39,1808,2802,3696,2.04,95,3805,9.1,11649,7.7,3,34677767,348,219,266,306,326,171,172,192,175,126,163,99,98,141,60
231,동경의 황혼,2024-10-09,1957,일본,일본,"드라마,가족",오즈 야스지로,(주)엣나인필름,비직배,15세이상관람가,15,609,1023,3658,6.01,244,1523,10.2,3488,7.9,3,30678300,155,48,91,80,105,50,80,34,76,20,104,89,43,48,55
232,래빗스쿨 2: 부활절 대소동,2024-03-27,2022,독일,독일,애니메이션,우테 폰 뮌쇼폴,"(주)버킷스튜디오,주식회사 블루필름웍스",비직배,전체관람가,126,2973,3366,3637,1.22,29,3710,3.8,41919,5.9,3,29794990,141,168,109,1364,1009,129,53,4,14,22,200,127,11,15,0
233,레드 룸스,2024-10-09,2023,캐나다,캐나다,스릴러,파스칼 플란테,찬란,비직배,15세이상관람가,26,1952,2688,3579,1.83,138,2476,15.0,9928,9.8,3,35425100,371,160,198,469,306,216,232,54,87,103,175,146,80,91,42
234,엣 더 벤치,2025-07-30,2024,일본,일본,드라마,오쿠야마 요시유키,와이드 릴리즈(주),비직배,전체관람가,34,2269,2773,3561,1.57,105,3101,22.4,9325,9.2,3,33589400,695,297,318,318,221,199,221,63,51,37,116,93,57,87,50
235,차임,2026-03-04,2024,일본,일본,"스릴러,공포(호러)",구로사와 기요시,(주)디오시네마,비직배,15세이상관람가,48,2097,2709,3483,1.66,73,5545,8.8,16464,6.2,3,33522700,486,297,229,476,309,119,181,100,89,99,139,83,31,71,52
236,너는 나를 불태워,2025-08-27,2024,아르헨티나,아르헨티나,드라마,마티아스 피녜이로,시네마토그래프,비직배,15세이상관람가,30,1620,2203,3468,2.14,116,3697,14.3,9330,6.4,3,33494900,527,191,131,223,246,119,183,68,73,134,91,129,42,46,128
237,곤돌라,2025-04-23,2023,독일,독일,멜로/로맨스,바이트 헬머,"(주)플레이그램,(주)태양미디어그룹",비직배,12세이상관람가,38,1682,2476,3375,2.01,89,3801,6.7,14913,5.9,3,31528800,255,208,208,228,437,170,176,118,122,92,110,111,93,148,49
238,"알레고리, 잇츠 낫 미",2024-12-18,2024,프랑스,프랑스,기타,,엠엔엠인터내셔널(주),비직배,15세이상관람가,29,1341,2030,3300,2.46,114,3462,4.6,10265,6.4,3,32239400,160,198,192,323,142,113,213,152,82,96,98,86,77,98,68
239,갓랜드,2024-02-28,2022,덴마크,"덴마크,아이슬란드,프랑스,스웨덴",드라마,흘리뉘르 팔메이슨,엠엔엠인터내셔널(주),비직배,15세이상관람가,24,1344,1960,3197,2.38,133,1857,13.2,6725,9.7,3,25878530,245,142,240,185,226,133,173,110,99,86,104,96,54,67,71
240,그들은 피아노 연주자를 쐈다,2025-01-29,2023,스페인,스페인,애니메이션,"페르난도 트루에바,하비에르 마리스칼",찬란,비직배,12세이상관람가,35,2172,2545,3162,1.46,90,3540,12.4,13192,8.2,3,29985900,439,407,483,336,264,117,126,75,44,48,80,40,39,47,12
241,다잉,2025-12-10,2024,독일,독일,드라마,매티아스 글래스너,판씨네마(주),비직배,15세이상관람가,32,1423,1835,3093,2.17,97,3295,6.3,8996,8.1,3,28008600,209,179,160,304,265,169,137,77,55,68,46,68,33,65,0
242,드림 홈,2026-02-04,2010,홍콩,홍콩,"공포(호러),스릴러",팡호청,(주)오싹엔터테인먼트,비직배,청소년관람불가,34,2787,2794,3080,1.11,91,4199,12.5,11129,7.3,3,25941900,523,601,197,307,312,170,677,2,0,0,0,2,0,3,0
243,제프 맥페트리지: 드로잉 라이프,2025-08-13,2023,미국,미국,다큐멘터리,댄 코버트,(주)영화사 진진,비직배,전체관람가,24,1221,2120,3057,2.5,127,2964,5.2,6048,11.2,3,28394300,153,188,259,243,173,107,98,78,61,72,75,100,38,475,58
244,잠자는 바보,2025-09-10,2025,일본,일본,드라마,사카모토 유고,메가박스중앙(주),비직배,12세이상관람가,110,2157,2653,3043,1.41,28,21549,2.5,34625,2.8,3,32181780,540,255,198,422,353,203,186,47,140,72,70,67,51,49,4
245,노 어더 랜드,2026-03-04,2024,팔레스타인,"팔레스타인,노르웨이",다큐멘터리,,필름다빈,비직배,15세이상관람가,30,1367,1947,2968,2.17,99,3014,7.7,7549,10.0,3,26493800,231,131,176,409,167,102,151,82,77,70,167,79,40,65,42
246,와일드 투어,2025-03-12,2019,일본,일본,드라마,미야케 쇼,(주)디오시네마,비직배,전체관람가,22,670,900,2932,4.38,133,2153,5.5,5399,5.6,3,25904100,119,66,111,109,81,86,98,33,24,29,41,54,20,29,11
247,여기는 아미코,2024-02-28,2022,일본,일본,"가족,드라마",,주식회사 슈아픽처스,비직배,전체관람가,40,1643,2025,2893,1.76,72,5833,7.9,10936,6.9,3,25897330,462,205,245,300,206,119,106,43,72,45,69,86,36,31,10
248,아녜스 V에 의한 제인 B,2024-01-31,1988,프랑스,프랑스,판타지,아녜스 바르다,(주)영화사 안다미로,비직배,청소년관람불가,33,1271,1683,2833,2.23,86,3895,10.3,8313,5.9,3,24076900,401,150,142,172,178,110,118,85,53,69,28,99,42,36,36
249,신입기자 토롯코,2025-09-03,2024,일본,일본,"드라마,코미디",코바야시 케이이치,TCO(주)더콘텐츠온,비직배,전체관람가,57,1959,2347,2752,1.4,48,8860,3.0,20319,5.4,3,23931500,266,148,332,415,349,209,240,132,240,7,3,2,2,2,0
250,올파의 딸들,2025-04-02,2023,프랑스,프랑스,다큐멘터리,,필름다빈,비직배,15세이상관람가,23,959,1501,2682,2.8,117,2217,8.0,5308,9.6,3,23160600,177,111,170,195,142,66,98,50,55,133,93,97,51,63,39
251,테인티드 러브,2024-09-19,2023,중국,중국,드라마,마영심,(주)디스테이션,비직배,12세이상관람가,116,2198,2393,2664,1.21,23,25876,2.2,60627,1.9,3,21811100,558,457,378,338,218,193,56,22,34,41,53,45,0,0,1
252,복수는 나의것,2024-11-06,1979,일본,일본,"범죄,드라마",이마무라 쇼헤이,(주)피터팬픽쳐스,비직배,청소년관람불가,14,1224,1838,2636,2.15,188,1314,17.1,3061,20.0,3,25529300,225,124,200,232,181,120,142,38,75,64,156,132,60,89,16
253,카라바조. 영혼과 피,2025-02-19,2018,이탈리아,이탈리아,다큐멘터리,,일미디어,비직배,전체관람가,22,1130,1741,2634,2.33,120,2392,6.7,7831,7.2,3,21399960,160,166,120,275,170,111,128,134,55,77,109,97,90,49,43
254,52헤르츠 고래들,2024-09-04,2024,일본,일본,드라마,나루시마 이즈루,해피송,비직배,15세이상관람가,49,1762,2105,2619,1.49,53,5511,5.6,16841,5.7,3,25453700,306,235,323,291,353,124,130,58,45,34,57,28,77,44,85
255,스텔라,2024-05-22,2023,독일,독일,드라마,,(주)뮤제엔터테인먼트,비직배,15세이상관람가,30,1609,2176,2610,1.62,87,3025,6.7,8985,9.6,3,22985460,202,245,275,330,256,162,139,219,41,89,101,24,49,44,33
256,고스트라이트,2025-12-17,2024,미국,미국,드라마,,필름다빈,비직배,15세이상관람가,19,1251,1841,2552,2.04,134,1778,7.4,4714,14.5,3,23798450,131,116,178,257,249,152,168,90,119,121,32,24,90,114,83
257,사토상과 사토상,2026-04-29,2025,일본,일본,드라마,,(주)엣나인필름,비직배,12세이상관람가,30,1317,1770,2552,1.94,85,2537,10.6,7383,8.0,3,24591850,269,123,204,169,218,154,180,53,53,70,95,82,68,32,24
258,죽고 싶지만 사랑은 하고 싶어,2024-09-04,2023,미국,미국,"드라마,멜로/로맨스",레이첼 램버트,(주)디오시네마,비직배,12세이상관람가,40,1713,2112,2489,1.45,62,4213,7.0,11474,7.7,3,24692000,293,200,199,358,330,141,192,37,58,60,41,46,91,66,46
259,모든 것은 아르망에서 시작되었다,2024-12-25,2024,노르웨이,"노르웨이,네덜란드,독일,스웨덴",드라마,,(주)영화사 진진,비직배,12세이상관람가,24,1373,1793,2489,1.81,104,2296,15.2,7624,7.6,3,21888600,350,210,174,204,201,127,107,61,56,71,108,56,41,27,34
260,소녀는 졸업하지 않는다,2024-01-24,2023,일본,일본,멜로/로맨스,나카가와 슌,해피송,비직배,12세이상관람가,42,1248,1633,2460,1.97,59,4016,6.3,12155,4.7,3,21702299,255,169,187,183,207,107,140,71,67,52,73,44,42,36,17
261,산이 부른다,2024-09-25,2022,프랑스,프랑스,"드라마,미스터리",토마스 살바도르,주식회사 슈아픽처스,비직배,12세이상관람가,31,1257,1521,2394,1.9,77,3194,5.2,8454,6.5,3,19139000,165,193,154,231,165,129,220,33,69,55,37,40,11,19,33
262,죄의 목소리,2025-11-28,2020,일본,일본,드라마,도이 노부히로,(주)플레이그램,비직배,15세이상관람가,49,2289,2376,2391,1.04,49,3744,17.2,6963,20.4,3,19594260,643,426,349,199,224,123,325,19,21,16,1,10,7,13,3
263,디피컬트,2024-05-15,2023,프랑스,프랑스,"코미디,드라마,멜로/로맨스","에릭 토레다노,올리비에르 나카체","TCO(주)더콘텐츠온,(주)블루라벨픽쳐스",비직배,15세이상관람가,31,1017,1159,2374,2.33,77,3279,6.9,9765,4.2,3,21805100,225,119,144,147,124,120,138,33,12,29,21,20,15,12,2
264,"X를 담아, 당신에게",2024-12-11,2023,영국,영국,"코미디,드라마",테아 샤록,주식회사 왓챠,비직배,15세이상관람가,27,1200,1741,2319,1.93,86,2734,7.0,7611,6.3,3,21179300,192,169,122,143,213,170,191,71,53,108,44,54,83,128,72
265,후계자,2025-11-12,2023,프랑스,프랑스,스릴러,자비에 르그랑,판씨네마(주),비직배,15세이상관람가,34,871,939,2245,2.58,66,3176,5.1,9114,4.7,3,20078100,161,105,149,137,144,83,92,14,3,12,6,9,12,12,0
266,콘티넨탈 '25,2025-11-19,2025,루마니아,루마니아,드라마,라두 주데,엠엔엠인터내셔널(주),비직배,15세이상관람가,27,850,1267,2235,2.63,83,2207,6.2,5813,5.9,3,19517800,137,151,103,121,118,114,106,110,59,58,58,58,58,16,29
267,아침이 오면 공허해진다,2024-05-29,2022,일본,일본,드라마,,와이드 릴리즈(주),비직배,12세이상관람가,48,1453,1753,2220,1.53,46,5012,4.7,16552,4.3,3,20783034,238,198,231,243,235,154,154,46,52,44,52,42,29,35,5
268,드림스,2026-03-18,2025,미국,미국,"드라마,멜로/로맨스",미셸 프랑코,(주)디스테이션,비직배,청소년관람불가,44,1381,1815,2211,1.6,50,4564,5.3,13337,4.6,3,19461700,244,196,204,235,177,144,181,57,50,140,47,87,25,28,18
269,비행사의 아내,2024-05-15,1981,프랑스,프랑스,기타,에릭 로메르,(주)영화사 안다미로,비직배,12세이상관람가,10,801,1182,2198,2.74,220,762,38.7,1823,14.8,3,20919900,295,124,153,3,114,87,25,78,5,80,0,131,26,61,62
270,"사랑, 우유, 그리고 치즈",2026-03-25,2024,프랑스,프랑스,"코미디,드라마",,필름다빈,비직배,청소년관람불가,19,1136,1525,2189,1.93,115,1577,13.3,5572,8.9,3,18973950,209,125,156,171,169,145,161,74,52,60,42,78,50,33,28
271,싱글 에이트,2024-10-09,2023,일본,일본,드라마,코나카 카즈야,"오드,홀리가든",비직배,전체관람가,57,1412,1677,2181,1.54,38,6772,5.4,16305,3.3,3,19452400,367,145,192,153,189,123,243,23,11,22,12,29,12,156,16
272,"뭉크. 사랑, 영혼 그리고 뱀파이어 여인",2024-08-28,2022,이탈리아,이탈리아,다큐멘터리,,일미디어,비직배,15세이상관람가,22,1392,1586,2135,1.53,97,2157,8.9,5920,12.1,3,16149139,193,96,148,319,251,220,165,18,44,17,23,34,22,36,39
273,메이크 어 걸,2025-09-10,2025,일본,일본,"멜로/로맨스,SF,어드벤처",야스다 겐쇼,(주)바이포엠스튜디오,비직배,12세이상관람가,78,1604,1704,2132,1.33,27,10529,3.3,25993,3.4,3,20895300,345,165,340,304,232,96,122,19,17,9,15,21,10,9,0
274,동그라미,2025-10-01,2024,일본,일본,"드라마,코미디",오기가미 나오코,(주)디스테이션,비직배,12세이상관람가,32,1226,1657,2059,1.68,64,3051,7.1,8200,6.5,3,19905200,218,166,281,124,128,125,184,96,67,54,68,66,19,61,11
275,류이치 사카모토: 도쿄 멜로디,2026-04-15,1985,프랑스,프랑스,다큐멘터리,엘리자베스 레나드,"(주)영화사 진진,TCO(주)더콘텐츠온",비직배,전체관람가,34,848,1169,1966,2.32,58,3106,5.9,7717,5.4,3,19360980,182,112,101,181,133,58,81,29,34,20,65,81,23,69,18
276,열화청춘 리마스터링,2025-03-31,1982,홍콩,홍콩,"드라마,멜로/로맨스",담가명,(주)디스테이션,비직배,청소년관람불가,52,1583,1864,1932,1.22,37,6528,5.7,13395,5.0,3,19092300,369,296,142,105,85,450,136,81,66,18,31,26,28,31,17
277,위대한 부재,2024-11-06,2024,일본,일본,드라마,치카우라 케이,판씨네마(주),비직배,15세이상관람가,28,440,531,1907,4.33,68,2496,2.5,7511,3.0,3,18081500,63,62,39,127,59,29,61,1,65,8,5,6,4,2,0
278,난 엄청 창의적인 휴머니스트 뱀파이어가 될 거야,2024-05-29,2023,캐나다,캐나다,"코미디,멜로/로맨스,드라마,공포(호러)",,(주)트리플픽쳐스,비직배,12세이상관람가,28,1225,1597,1901,1.55,68,2543,13.2,8024,7.1,3,17895556,335,137,181,227,159,97,89,49,82,48,46,55,37,55,16
279,움베르토 에코. 세계의 도서관,2024-12-11,2023,이탈리아,이탈리아,다큐멘터리,,일미디어,비직배,전체관람가,18,618,931,1885,3.05,105,2322,4.7,5946,4.4,3,15551100,109,77,54,102,108,110,58,61,14,22,33,94,32,57,60
280,굿 포 낫씽,2026-01-14,2010,일본,일본,드라마,미야케 쇼,(주)디오시네마,비직배,15세이상관람가,37,904,1205,1880,2.08,51,4128,5.0,9764,3.9,3,18165500,205,140,126,154,100,85,94,44,39,24,23,83,50,38,31
281,달걀 원정대,2026-04-29,2023,미국,미국,드라마,,"(주)드림팩트엔터테인먼트,(주)태양미디어그룹",비직배,12세이상관람가,12,823,1141,1835,2.23,153,1182,19.5,2843,11.4,3,15709500,230,70,109,102,114,81,117,28,24,53,102,55,29,27,66
282,피카소. 파리에서의 반란,2026-04-29,2024,이탈리아,이탈리아,기타,,일미디어,비직배,15세이상관람가,11,493,711,1831,3.71,166,720,7.4,2326,8.4,3,11931500,53,18,46,28,121,79,148,49,0,83,0,31,33,22,11
283,클림트와 쉴레. 에로스와 프시케,2025-09-30,2018,이탈리아,이탈리아,다큐멘터리,,일미디어,비직배,15세이상관람가,12,645,1128,1828,2.83,152,153,14.4,4516,7.4,3,12858700,22,86,100,139,98,96,104,144,75,40,42,104,59,19,56
284,타히티의 고갱. 잃어버린 낙원,2025-08-27,2019,이탈리아,이탈리아,다큐멘터리,,일미디어,비직배,전체관람가,13,894,1232,1823,2.04,140,1213,16.7,2442,9.3,3,13583400,202,181,65,50,113,157,126,39,93,35,23,44,67,37,53
285,나만의 비밀,2026-01-21,2025,일본,일본,드라마,나카가와 슌,(주)누리픽쳐스,비직배,전체관람가,80,1447,1731,1821,1.26,23,13065,2.4,23344,2.8,3,18140490,311,220,184,250,210,131,141,50,54,23,42,40,16,59,0
286,아들들,2024-12-04,2024,덴마크,"덴마크,스웨덴",드라마,구스타브 몰러,해피송,비직배,15세이상관람가,38,1144,1422,1820,1.59,48,2715,4.4,14135,4.4,3,16519300,119,139,127,243,247,130,139,54,27,40,25,35,30,67,6
287,두 세계 사이에서,2024-01-31,2020,프랑스,프랑스,드라마,엠마뉘엘 카레르,(주)디오시네마,비직배,12세이상관람가,35,1176,1524,1779,1.51,51,3983,8.1,10428,4.7,3,15163027,322,119,140,171,176,103,145,29,92,42,14,95,34,42,19
288,사랑은 사라지지 않는다,2025-02-26,2023,프랑스,프랑스,드라마,에르완 르 뒥,(주)엣나인필름,비직배,12세이상관람가,26,936,1292,1775,1.9,68,2432,7.6,7097,6.4,3,14940000,186,116,84,150,217,134,49,67,46,43,89,49,40,22,25
289,조용한 이주,2024-03-20,2023,덴마크,덴마크,드라마,말레나 최,필름다빈,비직배,12세이상관람가,27,720,892,1768,2.46,65,2539,4.9,7263,4.4,3,15631800,124,159,113,114,90,53,67,19,17,17,23,42,13,41,13
290,미래의 범죄들,2024-07-17,2021,캐나다,캐나다,"드라마,공포(호러),SF",데이빗 크로넨버그,(주)누리픽쳐스,비직배,청소년관람불가,16,941,1194,1732,1.84,108,1614,16.7,3857,9.3,3,15391217,269,142,122,125,111,98,74,14,55,39,49,34,20,42,6
291,프레젠스,2026-02-04,2024,미국,미국,"공포(호러),스릴러",스티븐 소더버그,찬란,비직배,15세이상관람가,35,1102,1376,1577,1.43,45,3916,6.5,8974,5.3,3,15550700,253,179,127,176,173,88,106,41,40,43,35,57,21,37,17
292,마지막 야구 경기,2026-04-22,2024,미국,미국,드라마,카슨 룬드,필름다빈,비직배,15세이상관람가,26,837,1149,1559,1.86,60,2404,6.8,7803,5.0,3,14481000,163,115,90,176,125,81,87,51,7,65,53,64,52,20,0
293,퀸 엘리자베스,2024-06-12,2022,영국,영국,다큐멘터리,로저 미첼,(주)영화사 진진,비직배,전체관람가,20,762,970,1547,2.03,77,2472,4.9,7277,5.5,3,11372839,122,125,108,189,106,57,55,31,30,18,74,29,18,8,50
294,이소룡-들,2024-06-19,2023,미국,미국,다큐멘터리,데이빗 그레고리,(주)에이디지컴퍼니,비직배,15세이상관람가,31,815,1080,1513,1.86,49,3335,6.4,6784,5.5,3,15920400,214,103,63,188,120,67,60,81,61,18,22,12,22,49,1
295,파라다이스 이즈 버닝,2024-12-18,2023,덴마크,"덴마크,스웨덴",드라마,,(주)트리플픽쳐스,비직배,청소년관람불가,24,911,1079,1474,1.62,61,2447,12.0,5570,4.3,3,14872500,293,146,52,136,51,192,41,9,26,18,49,41,18,7,2
296,"줄리엣, 네이키드",2024-09-25,2018,미국,미국,멜로/로맨스,,(주)마노엔터테인먼트,비직배,15세이상관람가,24,767,920,1434,1.87,60,1561,8.3,5129,6.9,3,12146560,130,84,88,128,139,96,102,11,41,25,31,20,9,16,0
297,티치아노. 색채의 제국,2024-09-25,2022,이탈리아,이탈리아,다큐멘터리,,일미디어,비직배,12세이상관람가,16,525,731,1424,2.71,89,1398,6.4,3513,6.0,3,11139900,89,50,60,78,74,72,102,31,44,27,31,38,6,29,40
298,대디오,2026-01-28,2024,미국,미국,드라마,크리스티 홀,(주)바이포엠스튜디오,비직배,15세이상관람가,45,1208,1417,1419,1.17,32,4266,7.5,12014,4.1,3,13030300,320,176,116,211,166,109,110,43,23,23,30,26,26,38,0
299,제프 쿤스. 그 은밀한 초상,2024-07-31,2023,이탈리아,이탈리아,다큐멘터리,,일미디어,비직배,12세이상관람가,20,920,1173,1404,1.53,70,1788,9.3,6128,8.0,3,10664700,167,95,118,259,111,96,74,37,38,40,43,50,27,18,34
300,사스콰치 선셋,2025-07-02,2024,미국,미국,"코미디,어드벤처","데이비드 젤너,나단 젤너",(주)스튜디오디에이치엘,비직배,15세이상관람가,40,945,1120,1394,1.48,35,4065,4.5,10023,4.3,3,12491300,182,158,128,168,137,72,100,31,43,17,36,19,5,24,25
301,베일리와 버드,2025-10-29,2024,영국,영국,드라마,안드레아 아놀드,"찬란,(주)하이스트레인저",비직배,15세이상관람가,19,632,910,1365,2.16,72,1739,10.8,4453,6.0,3,12874450,188,64,58,119,92,48,63,28,33,58,35,45,32,47,17
302,속초에서의 겨울,2025-11-26,2024,프랑스,프랑스,드라마,코야 카무라,(주)누리픽쳐스,비직배,12세이상관람가,22,900,948,1361,1.51,62,1977,7.9,5021,8.6,3,13158600,156,102,102,160,171,85,124,13,1,11,2,3,10,8,6
303,프리다. 삶이여 영원하라,2024-11-06,2019,이탈리아,이탈리아,다큐멘터리,,일미디어,비직배,12세이상관람가,15,685,901,1269,1.85,85,1654,6.2,5625,6.6,3,9677600,102,87,63,209,97,64,63,35,24,33,47,32,25,20,19
304,러브 달바,2024-08-14,2022,프랑스,프랑스,드라마,임마누엘 니코,오드,비직배,15세이상관람가,27,755,950,1187,1.57,44,2648,6.0,6410,4.9,3,10388339,160,121,86,114,112,91,71,13,13,31,49,39,47,3,11
305,나의 이름은 마리아,2025-11-26,2024,프랑스,프랑스,드라마,제시카 팔뤼,찬란,비직배,15세이상관람가,16,507,755,1175,2.32,73,1024,10.6,3398,5.7,3,10270900,109,112,67,54,73,21,71,47,10,40,62,24,40,25,3
306,"타르콥스키, 기도하는 영혼",2024-01-31,2019,이탈리아,이탈리아,다큐멘터리,,(주)와우,비직배,12세이상관람가,9,431,592,1141,2.65,127,713,8.6,1923,10.6,3,9960762,61,48,52,54,97,70,49,29,62,19,9,1,14,27,40
307,술타나의 꿈,2026-04-01,2023,스페인,스페인,애니메이션,,(주)트리플픽쳐스,비직배,12세이상관람가,31,550,707,1136,2.07,37,4043,3.7,7910,2.9,3,10238600,149,70,58,101,68,54,50,14,22,32,12,25,23,29,23
308,니캡,2025-06-18,2024,아일랜드,"아일랜드,영국",코미디,,필름다빈,비직배,청소년관람불가,25,676,836,1116,1.65,45,1756,5.4,6427,4.6,3,10648500,94,91,76,126,93,84,112,34,13,25,25,28,14,21,28
309,베르메르: 위대한 전시회,2025-09-17,2023,영국,영국,다큐멘터리,데이비드 비커스태프,영화사빅,비직배,전체관람가,17,586,835,1115,1.9,66,1100,8.8,3585,8.5,3,10080400,97,60,106,96,102,61,64,35,17,42,49,49,15,42,17
310,다운폴,2024-03-27,2013,독일,독일,"전쟁,드라마",올리버 히르비겔,(주)피터팬픽쳐스,비직배,청소년관람불가,8,514,701,1089,2.12,136,519,16.6,1491,16.6,3,10883578,86,58,57,113,78,51,71,16,24,23,46,28,28,22,46
311,보로미니와 베르니니. 완벽을 위한 도전,2024-12-04,2023,이탈리아,이탈리아,다큐멘터리,,일미디어,비직배,전체관람가,10,389,702,1056,2.71,106,899,5.2,2348,6.4,3,7579000,47,65,25,51,74,85,42,37,7,12,23,192,23,19,33
312,리바이벌 69’,2024-12-04,2022,미국,미국,다큐멘터리,,스튜디오 에이드,비직배,15세이상관람가,33,564,739,1032,1.83,31,2312,3.6,7544,3.9,3,10111600,84,77,62,173,57,45,66,17,20,13,28,10,3,84,5
313,맘마 로마,2025-08-20,1962,이탈리아,이탈리아,드라마,피에르 파올로 파솔리니,일미디어,비직배,15세이상관람가,17,482,624,996,2.07,59,1775,5.7,3748,6.2,3,8231400,102,65,63,102,67,31,52,57,21,7,7,25,18,7,15
314,레이징 그레이스,2024-03-13,2023,영국,영국,"스릴러,미스터리",패리스 자실라,(주)이놀미디어,비직배,15세이상관람가,28,484,500,993,2.05,35,2607,2.6,10179,2.6,3,9159986,69,67,82,99,88,35,44,0,1,0,11,1,0,3,6
315,두 피아노를 위한 콘체르토,2026-01-28,2024,프랑스,프랑스,드라마,,"그린나래미디어(주),(주)빅브라더스",비직배,12세이상관람가,21,697,917,978,1.4,47,1916,6.6,5974,5.6,3,8203300,127,92,116,106,111,62,83,30,56,51,3,24,15,41,2
316,행복의 노란 손수건,2025-04-02,1977,일본,일본,드라마,야마다 요지,"(주)태양미디어그룹,(주)라이크콘텐츠",비직배,15세이상관람가,23,542,726,966,1.78,42,1901,5.2,7163,4.1,3,7369600,99,47,88,95,110,45,58,10,26,17,36,67,6,22,6
317,타타르인의 사막,2025-10-29,1976,이탈리아,이탈리아,드라마,발레리오 주를리니,일미디어,비직배,12세이상관람가,14,377,550,932,2.47,67,1394,5.0,3107,5.7,3,7578000,70,43,55,63,59,28,59,33,22,23,11,38,12,34,0
318,바넬과 아다마,2024-10-02,2023,프랑스,프랑스,드라마,,"그린나래미디어(주),(주)레드아이스 엔터테인먼트",비직배,12세이상관람가,23,568,669,912,1.61,40,2624,2.9,7925,2.8,3,8416920,75,157,62,96,61,51,66,17,9,13,26,10,14,12,5
319,쑤저우강,2024-10-09,2022,중국,중국,"판타지,멜로/로맨스",,에이케이엔터테인먼트(주),비직배,15세이상관람가,16,596,795,838,1.41,52,1688,8.5,4445,5.2,3,9049700,143,87,55,93,83,60,75,139,3,11,16,2,16,12,13
320,초상화의 이면. 아카데미아 카라라의 보물들,2025-05-28,2019,이탈리아,이탈리아,다큐멘터리,,일미디어,비직배,전체관람가,16,334,652,810,2.43,51,851,6.9,2982,3.6,3,6035000,59,35,37,44,26,61,72,24,38,39,23,162,17,15,12
321,로데오,2025-05-21,2022,프랑스,프랑스,드라마,롤라 키보론,필름다빈,비직배,15세이상관람가,17,344,385,805,2.34,47,1582,5.4,4290,3.3,3,7141400,86,40,48,44,48,41,37,7,10,1,4,4,9,6,0
322,일 부코,2024-01-24,2021,이탈리아,"이탈리아,독일,프랑스",드라마,미켈란젤로 프라마르티노,그린나래미디어(주),비직배,전체관람가,10,416,522,788,1.89,79,763,5.5,3015,7.4,3,6603445,42,52,50,74,100,48,50,11,17,19,15,21,8,15,20
323,콜드 미트,2026-03-11,2023,영국,영국,스릴러,,(주)오싹엔터테인먼트,비직배,15세이상관람가,57,743,770,786,1.06,14,7613,1.9,16765,2.1,3,6962260,143,118,111,153,94,47,77,2,5,5,6,5,0,4,6
324,리셋,2025-04-30,2026,캐나다,캐나다,다큐멘터리,배민,(주)빅브라더스,비직배,12세이상관람가,12,354,414,773,2.18,64,880,2.4,3132,6.5,3,7162300,21,50,50,74,79,39,41,3,9,6,10,22,6,4,78
325,파편들의 집,2024-07-24,2022,덴마크,"덴마크,핀란드,우크라이나,스웨덴",다큐멘터리,시몬 레렝 빌몽,필름다빈,비직배,12세이상관람가,21,388,500,764,1.97,36,2043,2.4,5171,3.9,3,6639678,49,45,36,110,56,44,48,27,11,30,3,16,9,16,13
326,화성특급,2025-04-02,2023,프랑스,프랑스,애니메이션,제레미 페랭,주식회사 킨스튜디오,비직배,15세이상관람가,19,537,572,716,1.33,38,2570,9.4,6481,2.4,3,6792900,241,37,38,63,52,37,69,2,2,5,6,9,3,8,3
327,모래그릇,2026-04-02,1974,일본,일본,"드라마,범죄",,(주)다자인소프트,비직배,15세이상관람가,18,515,657,701,1.36,39,1586,5.0,4212,5.7,3,6767020,80,95,72,75,52,97,44,18,35,10,23,12,38,6,6
328,페루지노. 영원한 르네상스,2026-03-04,2023,이탈리아,이탈리아,다큐멘터리,,일미디어,비직배,전체관람가,15,322,450,691,2.15,46,1724,4.0,3305,5.4,3,4885500,69,28,47,94,36,17,31,12,25,13,40,9,21,8,25
329,잔 뒤 바리,2024-04-03,2023,프랑스,프랑스,드라마,마이웬 르 베스코,"(주)태양미디어그룹,(주)라이크콘텐츠",비직배,15세이상관람가,18,513,675,687,1.34,38,1132,6.4,3714,6.4,3,6138030,73,74,72,83,83,70,58,39,12,13,23,12,23,40,0
330,블러디 이스케이프: 지옥의 도주극,2024-07-25,2024,일본,일본,애니메이션,타니구치 고로,와이드 릴리즈(주),비직배,15세이상관람가,15,185,224,680,3.68,45,1417,1.3,5234,2.0,3,6424917,18,10,67,26,17,41,6,1,1,3,1,32,0,1,0
331,키시베 로한 루브르에 가다,2024-08-01,2023,일본,일본,"미스터리,판타지",와타나베 카즈타카,(주)미디어캐슬,비직배,12세이상관람가,6,446,642,676,1.52,113,839,13.6,2304,8.9,3,4939517,114,73,62,69,47,47,34,24,23,30,43,25,29,22,34
332,"그리고, 살아간다",2024-01-01,2019,일본,일본,"드라마,가족,멜로/로맨스",츠키카와 쇼,(주)미디어캐슬,비직배,12세이상관람가,6,218,294,584,2.68,97,1027,6.8,2641,2.6,3,4792166,70,37,21,21,17,35,17,15,9,5,6,16,11,14,12
333,"본인 출연, 제리",2024-11-13,2023,미국,미국,"다큐멘터리,스릴러,범죄",,주식회사 왓챠,비직배,15세이상관람가,16,422,510,564,1.34,35,1045,5.7,4099,5.1,3,5316800,60,54,35,82,94,47,50,11,15,25,8,16,6,7,10
334,리볼버 릴리,2024-03-21,2023,일본,일본,액션,유키사다 이사오,와이드 릴리즈(주),비직배,15세이상관람가,31,333,345,546,1.64,18,4537,1.5,10339,1.8,3,4837469,68,69,71,51,41,33,0,0,2,2,2,5,0,1,0
335,"프란체스코, 신의 어릿광대",2025-09-17,1950,이탈리아,이탈리아,드라마,로베르토 로셀리니,일미디어,비직배,12세이상관람가,0,158,237,491,3.11,,771,4.2,1726,4.8,3,3960300,32,17,37,29,17,9,17,6,0,18,25,11,11,8,6
336,엠파이어,2025-08-20,2024,프랑스,프랑스,"SF,코미디",브루노 뒤몽,주식회사 씨엠닉스,비직배,청소년관람불가,11,224,266,461,2.06,42,1221,5.0,2425,3.0,3,4290200,61,40,18,24,30,12,39,3,4,29,0,0,2,4,0
337,부재,2025-08-27,2023,중국,중국,드라마,,필름다빈,비직배,12세이상관람가,17,279,330,442,1.58,26,1604,3.2,4221,2.7,3,3795600,52,36,33,37,46,32,43,3,15,13,4,7,0,9,0
338,봉신연의: 조가풍운,2024-01-24,2023,중국,중국,"전쟁,판타지,액션",우얼샨,(주)스튜디오디에이치엘,비직배,12세이상관람가,23,343,377,409,1.19,18,1841,7.7,3565,3.6,3,3284317,142,33,39,54,34,21,20,0,0,15,0,0,19,0,16
339,호랑이 소녀,2025-05-07,2023,말레이시아,말레이시아,공포(호러),,주식회사 오디언스,비직배,12세이상관람가,20,311,354,409,1.32,20,1797,3.8,4292,3.0,3,3899800,69,53,22,75,32,37,23,0,12,6,7,4,9,5,39
340,이사벨라 두크로트 언리미티드,2025-12-24,2024,이탈리아,이탈리아,다큐멘터리,,일미디어,비직배,12세이상관람가,10,292,322,401,1.37,40,840,11.7,1248,8.5,3,3307000,98,10,46,36,24,25,53,0,0,6,4,7,0,13,10
341,마더스 베이비,2025-12-11,2025,오스트리아,"오스트리아 ,독일,스위스","스릴러,미스터리",요한나 모더,(주)플레이그램,비직배,15세이상관람가,5,220,360,360,1.64,72,410,24.4,273,22.0,3,1800000,100,20,20,20,20,20,20,20,20,20,20,20,20,20,0
342,유코의 평형추,2024-05-01,2020,일본,일본,드라마,하루모토 유지로,(주)미디어캐슬,비직배,15세이상관람가,6,210,299,356,1.7,59,1058,6.0,2670,2.7,3,2399139,64,32,32,21,18,26,17,14,7,15,13,16,11,13,24
343,스퍼마게돈: 사정의 날,2025-10-23,2024,노르웨이,노르웨이,"애니메이션,뮤지컬","토미 위르콜라,라스무스 A. 실버르센",주식회사 원더스튜디오,비직배,청소년관람불가,14,317,317,318,1.0,23,1785,2.3,4926,3.8,3,3090400,41,56,64,66,33,26,31,0,0,0,0,0,0,0,0
344,나이트 플라워,2026-01-08,2025,일본,일본,드라마,우치다 에이지,메가박스중앙(주) 플러스엠 엔터테인먼트,비직배,15세이상관람가,16,174,188,274,1.57,17,2513,1.4,4913,1.6,3,2677600,35,29,26,24,25,21,14,5,1,0,6,0,2,0,0
345,아카디안,2025-02-13,2024,미국,미국,"SF,액션,스릴러",벤자민 브루어,(주)스튜디오디에이치엘,비직배,15세이상관람가,27,248,262,266,1.07,10,3517,1.6,6879,1.9,3,2403500,55,46,44,40,27,31,5,3,1,3,2,3,2,0,1
346,보이 킬스 월드,2025-10-16,2024,미국,"미국,독일",액션,모리츠 모어,"(주)더쿱디스트리뷰션,(주)드림팩트엔터테인먼트",비직배,청소년관람불가,20,256,256,256,1.0,13,2247,2.6,5629,2.2,3,2442900,58,35,43,45,41,29,5,0,0,0,0,0,0,0,0
347,극장판 후르츠 바스켓: 프렐류드,2024-03-01,2022,일본,일본,애니메이션,이바타 요시히데,(주)미디어캐슬,비직배,12세이상관람가,5,134,195,237,1.77,47,344,3.5,2510,3.7,3,1729100,12,47,34,14,14,10,3,3,24,10,5,10,4,5,15
348,호리아,2024-12-25,2022,프랑스,프랑스,드라마,,(주)드림팩트엔터테인먼트,비직배,12세이상관람가,0,114,151,237,2.08,,517,4.6,901,6.0,3,2217300,24,15,22,16,16,13,8,11,2,6,5,3,5,5,1
349,"피에르 보나르, 마르타 보나르",2025-11-28,2023,프랑스,프랑스,"멜로/로맨스,드라마",마르탱 프로보스트,주식회사 오디언스,비직배,15세이상관람가,0,25,48,230,9.2,,823,2.1,1005,1.9,3,1835500,17,1,1,5,0,1,0,9,0,14,0,0,0,0,14
350,달의 차고 기움,2024-11-01,2022,일본,일본,드라마,히로키 류이치,(주)미디어캐슬,비직배,12세이상관람가,0,157,215,221,1.41,,958,4.8,2303,4.9,3,1606600,46,37,30,14,11,8,11,8,6,8,9,15,3,9,6
351,8일 만에 죽은 괴수의 12일 이야기,2024-05-16,2023,일본,일본,드라마,이와이 슌지,(주)미디어캐슬,비직배,전체관람가,5,114,168,183,1.61,37,892,3.5,2608,2.3,3,1211778,31,23,21,16,5,13,5,6,14,3,9,6,11,5,12
352,굿바이 크루얼 월드,2024-07-16,2022,일본,일본,"액션,범죄",오오모리 타츠시,(주)미디어캐슬,비직배,청소년관람불가,0,88,147,183,2.08,,1380,2.0,3117,1.2,3,1182200,27,10,10,17,13,7,4,5,10,9,11,5,12,7,8
353,정크 헤드,2024-09-01,2017,일본,일본,애니메이션,타카히데 호리,(주)미디어캐슬,비직배,15세이상관람가,0,82,152,170,2.07,,671,3.1,671,3.1,1,1224000,21,27,4,10,4,7,9,14,14,15,4,7,8,8,14
354,모두가 그녀를 사랑해,2026-02-11,2024,프랑스,"프랑스,노르웨이",드라마,나빌 아유쉬,그린나래미디어(주),비직배,15세이상관람가,0,114,169,170,1.49,,504,3.2,1804,2.7,3,1541900,16,13,14,19,16,13,23,14,9,6,8,5,4,9,0
355,런 베이비 런,2025-09-04,2023,스페인,스페인,스릴러,,주식회사 풍경소리,비직배,15세이상관람가,0,148,158,168,1.14,,358,20.9,108,58.3,3,1121000,75,63,0,0,5,0,5,0,5,0,0,0,0,5,0
356,마이 스몰 랜드,2024-02-01,2022,일본,일본,드라마,카와와다 에마,(주)미디어캐슬,비직배,12세이상관람가,0,74,117,165,2.23,,525,1.7,2916,1.2,3,1104578,9,9,8,19,11,11,7,4,6,5,4,5,11,8,12
357,서치: 데스게임,2024-01-18,2021,러시아,러시아,스릴러,안나 자이체바,주식회사 원더스튜디오,비직배,청소년관람불가,0,88,126,160,1.82,,345,12.5,147,16.3,3,960000,43,5,10,9,7,6,8,6,10,0,0,8,8,6,7
358,타이거스 네스트: 호랑이의 보디가드,2024-05-16,2022,이탈리아,이탈리아,"어드벤처,드라마",브란도 쿠일리치,(주)영화사선,비직배,전체관람가,0,101,160,160,1.58,,868,5.8,234,10.7,3,1693500,50,8,9,8,8,10,8,8,8,8,13,8,5,9,0
359,마이다스 맨: 전설의 시작,2025-09-24,2024,영국,영국,드라마,,(주)누리픽쳐스,비직배,15세이상관람가,0,119,119,160,1.34,,302,28.1,44,38.6,3,1124000,85,17,17,0,0,0,0,0,0,0,0,0,0,0,0
360,히즈,2024-01-10,2020,일본,일본,드라마,이마이즈미 리키야,(주)태양미디어그룹,비직배,12세이상관람가,0,62,78,158,2.55,,350,13.1,,,3,1266000,46,0,0,0,0,16,0,0,0,0,0,0,16,0,0
361,극장판 이치케이의 까마귀,2024-09-16,2023,일본,일본,드라마,타나카 아키라,(주)미디어캐슬,비직배,12세이상관람가,0,95,141,157,1.65,,369,3.8,1987,1.6,3,1106000,14,7,15,27,15,11,6,7,4,4,6,5,9,11,15
362,나이트콜,2025-03-05,2024,프랑스,프랑스,액션,,(주)뮤제엔터테인먼트,비직배,15세이상관람가,0,89,140,153,1.72,,88,10.2,402,7.0,3,932000,9,40,10,10,8,6,6,7,6,8,10,6,8,6,6
363,베어헌터,2024-03-28,2022,러시아,러시아,"어드벤처,스릴러",안톤 머스,주식회사 원더스튜디오,비직배,15세이상관람가,0,80,112,148,1.85,,308,13.0,98,16.3,3,888000,40,8,0,8,8,8,8,6,10,0,0,8,8,0,10
364,지옥의 외인부대,2024-07-24,2023,프랑스,프랑스,"전쟁,액션",다비드 오엘호펜,(주)뮤제엔터테인먼트,비직배,15세이상관람가,0,84,140,148,1.76,,138,0.7,333,7.5,3,896000,1,41,9,8,8,8,9,8,8,8,8,8,8,8,8
365,썬 오브 람세스,2024-02-07,2022,프랑스,프랑스,"스릴러,드라마,범죄",클레망 코지토르,그린나래미디어(주),비직배,15세이상관람가,6,87,117,145,1.67,24,618,3.9,1057,2.2,3,1180600,24,10,4,3,16,21,9,2,3,4,7,5,7,2,0
366,극장판 오드 택시 인 더 우즈,2024-02-16,2022,일본,일본,애니메이션,키노시타 바쿠,(주)미디어캐슬,비직배,15세이상관람가,0,95,143,143,1.51,,1302,1.8,2918,1.9,3,965039,24,19,13,9,10,14,6,9,8,3,4,5,12,7,0
367,닥터 코토 진료소,2024-10-16,2022,일본,일본,드라마,나카에 이사무,(주)미디어캐슬,비직배,12세이상관람가,0,84,124,137,1.63,,846,1.9,2254,1.8,3,913500,16,14,6,27,8,3,10,4,1,8,4,7,3,13,8
368,베이비 어쌔신: 나이스 데이즈,2025-02-26,2024,일본,일본,"액션,범죄",사카모토 유고,(주)스튜디오디에이치엘,비직배,15세이상관람가,0,117,119,130,1.11,,386,9.6,495,6.5,3,1124500,37,19,10,11,11,13,16,0,0,0,2,0,0,0,0
369,성욕주의: 은밀한 밀회,2025-07-31,2024,대만,대만,"멜로/로맨스,드라마",양야체,(주)누리픽쳐스,비직배,청소년관람불가,0,128,128,128,1.0,,399,23.6,106,32.1,3,708000,94,17,17,0,0,0,0,0,0,0,0,0,0,0,0
370,부르달락: 흡혈귀,2024-03-28,2023,프랑스,프랑스,기타,에이드리언 보우,주식회사 풍경소리,비직배,15세이상관람가,0,72,98,126,1.75,,303,13.5,156,13.5,3,756000,41,21,0,0,10,0,0,16,0,0,0,10,0,0,8
371,그레이트 칸,2024-05-23,2022,카자흐스탄,카자흐스탄,"액션,전쟁",,주식회사 풍경소리,비직배,15세이상관람가,0,74,98,122,1.65,,383,13.1,89,18.0,3,732000,50,16,0,0,8,0,0,16,0,0,0,8,0,0,0
372,유어 럭키 데이,2024-02-22,2023,미국,미국,"액션,스릴러",,주식회사 풍경소리,비직배,15세이상관람가,0,66,90,114,1.73,,358,11.2,174,10.3,3,684000,40,18,0,0,8,0,0,16,0,0,0,8,0,0,8
373,사다코 디엑스,2024-07-01,2022,일본,일본,공포(호러),키무라 히사시,(주)미디어캐슬,비직배,12세이상관람가,0,78,99,108,1.38,,819,2.0,1398,1.6,3,751900,16,10,18,11,2,7,14,2,5,2,4,0,4,4,9
374,서바이브,2025-01-23,2024,프랑스,"프랑스,벨기에","스릴러,액션,SF",프레데릭쟈댕,주식회사 풍경소리,비직배,15세이상관람가,0,56,72,104,1.86,,232,17.2,186,8.6,3,624000,40,16,0,0,0,0,0,0,0,0,0,8,0,8,0
375,썬레이: 폴른 솔저,2025-05-15,2024,영국,영국,"범죄,액션",,주식회사 풍경소리,비직배,15세이상관람가,0,58,70,88,1.52,,267,15.0,198,6.1,3,528000,40,12,0,0,6,0,0,6,0,0,0,6,0,0,6
376,2147,2025-02-27,2024,스페인,스페인,SF,,(주)스마일이엔티,비직배,15세이상관람가,0,84,84,84,1.0,,342,11.7,217,11.1,3,504000,40,8,8,8,6,8,6,0,0,0,0,0,0,0,0
377,거북의 등딱지는 갈비뼈,2024-06-01,2022,일본,일본,애니메이션,모리 · 마사,(주)미디어캐슬,비직배,12세이상관람가,0,46,69,82,1.78,,411,1.7,1074,1.7,2,489500,7,11,10,6,7,1,4,4,4,0,2,2,2,9,13
378,공백,2024-03-16,2021,일본,일본,드라마,요시다 케이스케,(주)미디어캐슬,비직배,12세이상관람가,0,34,62,80,2.35,,594,1.7,1016,1.3,2,565500,10,3,4,5,5,3,4,6,3,5,4,2,3,5,4
379,섀도우 오브 파이어,2024-12-01,2023,일본,일본,드라마,츠카모토 신야,(주)미디어캐슬,비직배,15세이상관람가,0,49,78,80,1.63,,298,2.0,298,2.0,1,553000,6,14,2,8,7,7,5,5,5,8,3,1,2,5,2
380,아토맨: 뉴 히어로,2025-11-20,2025,벨기에,"벨기에,모로코","액션,어드벤처",,주식회사 풍경소리,비직배,15세이상관람가,0,54,66,78,1.44,,239,12.6,158,7.6,3,468000,30,12,0,0,12,0,0,6,0,0,0,0,0,6,0
381,허 바디,2024-10-31,2023,체코,체코,드라마,,"(주)플레이그램,(주)태양미디어그룹",비직배,청소년관람불가,0,56,72,72,1.29,,294,13.6,,,3,432000,40,0,0,0,16,0,0,0,0,0,0,16,0,0,0
382,심패티 포 데블,2026-04-15,2023,미국,"미국,네덜란드,영국","액션,스릴러",유발 애들러,주식회사 풍경소리,비직배,15세이상관람가,0,45,55,65,1.44,,359,7.0,93,5.4,3,390000,25,10,5,0,0,5,0,0,5,0,0,0,5,0,0
383,더치스: 복수의 화신,2026-03-05,2024,영국,영국,"액션,범죄",닐 마샬,주식회사 풍경소리,비직배,청소년관람불가,0,40,45,60,1.5,,423,5.9,85,11.8,3,360000,25,10,0,0,5,0,0,5,0,0,0,0,0,0,5
384,리틀 블루,2024-06-27,2022,대만,대만,멜로/로맨스,이이팡,오드,비직배,청소년관람불가,0,22,29,35,1.59,,716,2.0,660,0.8,3,86000,14,3,1,1,1,1,1,1,1,1,1,1,1,1,1
385,21 파라다이스,2024-08-08,2022,스페인,스페인,기타,,(주)빅웨이브시네마,비직배,청소년관람불가,0,26,28,28,1.08,,467,5.6,,,3,156000,26,0,0,0,0,0,0,0,0,0,2,0,0,0,0
386,원 퍼센터,2024-08-23,2023,일본,일본,액션,야마구치 유다이,(주)빅웨이브시네마,비직배,15세이상관람가,0,26,28,28,1.08,,510,5.1,510,5.1,3,164000,26,0,0,0,0,0,0,0,0,2,0,0,0,0,0
387,오시리스,2026-04-23,2025,미국,미국,"SF,액션,공포(호러)",윌리엄 카우프먼,(주)스튜디오디에이치엘,비직배,15세이상관람가,0,25,25,25,1.0,,427,5.9,,,3,150000,25,0,0,0,0,0,0,0,0,0,0,0,0,0,0
388,파이브 데이즈,2025-09-30,2023,중국,중국,"드라마,범죄",,(주)스튜디오디에이치엘,비직배,15세이상관람가,0,24,24,24,1.0,,295,8.1,,,3,144000,24,0,0,0,0,0,0,0,0,0,0,0,0,0,0
389,사탄의 부름,2025-12-24,2023,캐나다,캐나다,"다큐멘터리,미스터리",,오드,비직배,15세이상관람가,0,23,24,24,1.04,,823,2.1,273,1.1,3,94000,17,1,1,1,1,1,1,1,0,0,0,0,0,0,0
390,시스터즈,2026-01-28,2024,베트남,베트남,공포(호러),,(주)조이엔시네마,비직배,15세이상관람가,0,17,17,17,1.0,,456,3.7,,,3,92000,17,0,0,0,0,0,0,0,0,0,0,0,0,0,0
391,레이턴시,2025-07-24,2024,미국,"미국,태국","액션,스릴러,SF",,(주)스튜디오디에이치엘,비직배,15세이상관람가,0,11,11,11,1.0,,267,4.1,,,3,73000,11,0,0,0,0,0,0,0,0,0,0,0,0,0,0
392,일대무사,2025-08-28,2023,중국,중국,액션,,(주)스튜디오디에이치엘,비직배,12세이상관람가,0,11,11,11,1.0,,195,4.6,,,3,66000,9,0,0,0,0,0,2,0,0,0,0,0,0,0,0
393,데드 포 어 달러,2025-09-18,2022,미국,미국,"서부극(웨스턴),스릴러",월터 힐,(주)빅브라더스,비직배,15세이상관람가,0,4,5,5,1.25,,154,1.9,72,1.4,3,49000,3,0,0,1,0,0,0,0,1,0,0,0,0,0,0
394,세틀러스,2024-05-15,2021,남아프리카공화국,남아프리카공화국,"SF,스릴러",,(주)하이스트레인저,비직배,15세이상관람가,0,1,1,1,1.0,,140,0.7,,,3,1000,1,0,0,0,0,0,0,0,0,0,0,0,0,0,0
