순위,영화명,개봉일,대표국적,등급,장르,감독,배급사,개봉스크린수,최대스크린수,첫주관객,첫주말관객,2주누적,최종누적관객,배수,주말집중도,개봉일좌석수,개봉일좌석판매율,첫주말좌석수,첫주말좌석판매율,성적확정,D0,D1,D2,D3,D4,D5,D6,D7,D8,D9,D10,D11,D12,D13,D14
1,발레리나,2025-08-06,미국,청소년관람불가,"액션,스릴러",렌 와이즈먼,판씨네마(주),670,757,207730,109388,289030,323108,1.56,52.7,279492,15.5,664472,16.5,확정,43395,25629,27267,46277,35844,14612,14706,8780,11948,19142,18151,12350,5658,5271,5155
2,긴키 지방의 어느 장소에 대하여,2025-08-13,일본,15세이상관람가,"미스터리,공포(호러)",시라이시 코지,(주)바이포엠스튜디오,344,438,123184,73139,201337,272653,2.21,59.4,65144,21.7,224217,32.6,확정,14146,14359,24374,25833,22932,10956,10584,10273,9463,8285,18908,18460,6675,6089,8226
3,더 폴: 디렉터스 컷,2024-12-25,영국,12세이상관람가,"드라마,판타지",타셈 싱,주식회사 오디언스,83,115,24146,10619,42439,190538,7.89,44.0,15025,33.0,46501,22.8,확정,4951,2872,2471,4391,3757,2884,2820,3751,2228,2178,3668,2790,1751,1927,1710
4,첫사랑 엔딩,2025-08-27,중국,전체관람가,멜로/로맨스,리우 유린,(주)바이포엠스튜디오,489,494,76847,40484,115336,138470,1.8,52.7,80691,19.4,223162,18.1,확정,15615,8238,8755,15295,16434,5894,6616,4071,3468,4764,9976,10512,3001,2697,2068
5,비키퍼,2024-04-03,미국,청소년관람불가,"액션,스릴러",데이비드 에이어,(주)바른손이앤에이,688,713,80564,40127,96911,102969,1.28,49.8,204458,8.7,585933,6.8,확정,17837,11109,12304,15628,12195,5012,6479,4696,2275,2175,2442,1973,1769,1017,462
6,하우스메이드,2026-01-28,미국,청소년관람불가,"스릴러,미스터리",폴 페이그,(주)누리픽쳐스,533,540,53095,28418,64916,68333,1.29,53.5,109698,8.5,353752,8.0,확정,9297,6330,7059,12160,9199,4477,4573,1509,1372,1825,2191,1461,1359,2104,26
7,너자 2,2026-02-25,중국,12세이상관람가,애니메이션,,"주식회사 콘텐츠존,(주)다자인소프트",277,277,40419,18868,54443,66134,1.64,46.7,72422,9.6,163770,11.5,확정,6936,5841,3638,7981,7249,6934,1840,2512,2388,1861,2894,3831,208,330,1533
8,그린랜드 2: 마이그레이션,2026-07-01,영국,12세이상관람가,"액션,SF",릭 로먼 워,스튜디오 초이스 주식회사,378,378,40782,20702,54140,55277,1.36,50.8,94263,8.7,212160,9.8,,8165,6288,5656,7954,7092,2588,3039,1501,3012,2819,2277,1735,1346,668,483
9,라스트 마일,2025-03-26,일본,12세이상관람가,"스릴러,드라마",츠카하라 아유코,(주)플레이그램,148,166,23462,13794,38054,53013,2.26,58.8,42700,9.4,127142,10.8,확정,4031,1800,4514,5565,3715,1990,1847,1731,1879,2608,4120,2227,982,1045,1747
10,더 커버넌트,2024-09-27,미국,15세이상관람가,"전쟁,액션,드라마",가이 리치,"(주)제이앤씨미디어그룹,와이드 릴리즈(주)",230,230,22814,14953,31810,52262,2.29,65.5,44644,13.5,119839,12.5,확정,6012,4633,4308,3012,1651,1095,2103,503,812,582,1093,1586,2738,1682,2153
11,악령: 깨어난 시체,2025-03-19,베트남,15세이상관람가,공포(호러),,(주)디스테이션,254,279,32641,16860,38485,39125,1.2,51.7,54705,14.1,169856,9.9,확정,7730,4188,3006,6648,7206,1965,1898,842,917,706,1308,972,881,218,55
12,731,2026-01-21,중국,15세이상관람가,드라마,조림산,"주식회사 콘텐츠존,(주)다자인소프트",314,326,27517,12496,31144,32102,1.17,45.4,53901,11.3,144341,8.7,확정,6084,4088,4087,4628,3781,2046,2803,427,473,509,818,886,233,281,26
13,이매지너리,2024-08-28,미국,12세이상관람가,"공포(호러),미스터리,스릴러",제프 와드로,"(주)올스타엔터테인먼트,(주)플레이그램",218,218,26356,11753,30123,31778,1.21,44.6,57312,11.2,132833,8.8,확정,6410,4280,2720,5120,3913,1645,2268,816,595,408,814,852,130,152,71
14,나를 모르는 그녀의 세계에서,2025-05-22,일본,12세이상관람가,멜로/로맨스,미키 타카히로,"와이드 릴리즈(주),(주)키다리스튜디오",218,218,20492,11822,23900,27962,1.36,57.7,60185,7.7,136520,8.7,확정,4635,3249,4483,4090,1413,1303,1319,569,398,854,605,221,525,236,265
15,이상한 집,2025-07-17,일본,15세이상관람가,"스릴러,미스터리",이시카와 준이치,(주)바이포엠스튜디오,140,140,19981,11611,26196,27007,1.35,58.1,34847,10.7,71353,16.3,확정,3731,3957,4076,3578,1724,1583,1332,952,971,1191,1184,1071,538,308,146
16,쉘터,2026-04-15,미국,15세이상관람가,"액션,스릴러",릭 로먼 워,(주)누리픽쳐스,174,174,17896,8702,21391,21880,1.22,48.6,34498,11.0,87277,10.0,확정,3789,2840,2291,3125,3286,851,1714,514,500,588,531,604,618,140,60
17,저니 투 베들레헴,2024-11-20,미국,전체관람가,"가족,뮤지컬",,길갈,47,76,4969,3561,9445,21816,4.39,71.7,5619,5.6,24028,14.8,확정,316,331,523,1013,2025,310,451,321,407,390,893,2207,109,149,812
18,노멀,2026-04-17,미국,청소년관람불가,"범죄,액션,스릴러",벤 휘틀리,(주)팝엔터테인먼트,129,133,13295,7020,18501,20281,1.53,52.8,31806,7.4,85275,8.2,확정,2366,2471,2183,965,1922,1644,1744,1775,529,478,319,571,602,932,402
19,만천과해,2024-07-03,중국,15세이상관람가,"범죄,스릴러",천줘,오드,93,95,10843,3883,16330,19373,1.79,35.8,26866,12.6,58191,6.7,확정,3398,1506,1234,1578,1071,827,1229,1830,950,834,553,287,197,836,553
20,킬 빌: 더 홀 블러디 어페어,2026-04-01,미국,청소년관람불가,액션,쿠엔틴 타란티노,(주)누리픽쳐스,88,97,12360,6578,16570,19353,1.57,53.2,15711,18.6,45107,14.6,확정,2923,1047,1020,3479,2079,983,829,386,351,418,1379,813,464,399,117
21,월레스와 그로밋 더 클래식 컬렉션,2024-02-21,영국,전체관람가,애니메이션,닉 파크,씨지브이 아이스콘,47,52,10137,4512,15385,18337,1.81,44.5,9706,32.9,23936,18.9,확정,3190,1122,955,1845,1712,664,649,1203,735,1043,992,681,313,281,266
22,우견니,2024-02-14,중국,12세이상관람가,멜로/로맨스,루오 루오,"오드,홀리가든",143,143,13179,5028,16107,17981,1.36,38.2,59634,7.8,115218,4.4,확정,4638,1386,1288,2030,1710,1183,944,918,367,290,277,287,419,370,143
23,드라이브 인 타이페이,2025-04-11,프랑스,15세이상관람가,액션,조지 황,(주)영화특별시에스엠씨,475,475,16519,12691,17144,17763,1.08,76.8,111814,4.5,296545,4.3,확정,5079,4273,3339,1310,1131,435,952,122,170,155,54,67,26,31,21
24,영원,2026-02-04,미국,12세이상관람가,"멜로/로맨스,코미디,판타지",데이빗 프레인,워터홀컴퍼니(주),120,124,7976,4817,14633,17528,2.2,60.4,26870,4.0,62257,7.7,확정,1087,672,922,2184,1711,799,601,726,784,825,1692,940,862,828,306
25,본회퍼: 목사.스파이.암살자,2025-04-09,미국,12세이상관람가,드라마,토드 코라르니키,파이오니아21,57,70,5923,2796,10340,17116,2.89,47.2,8329,7.5,28639,9.8,확정,624,830,890,957,949,804,869,282,362,766,1052,1050,508,397,407
26,더 크로우,2024-12-11,프랑스,청소년관람불가,"액션,판타지",루퍼트 샌더스,판씨네마(주),200,200,16510,5572,16738,17088,1.04,33.7,38211,13.7,70377,7.9,확정,5233,2673,2674,1626,1272,704,2328,32,41,100,16,11,18,10,10
27,너만 보이는 날,2026-06-24,중국,12세이상관람가,멜로/로맨스,,"(주)호라이즌웍스,(주)스튜디오디에이치엘",158,158,12601,5103,13228,16672,1.32,40.5,25585,13.0,55430,9.2,확정,3337,1927,1955,1542,1606,871,1363,85,84,55,130,170,35,68,0
28,4월이 되면 그녀는,2024-11-13,일본,12세이상관람가,"멜로/로맨스,드라마",,(주)디스테이션,122,131,10377,3861,15017,16319,1.57,37.2,31173,11.9,82366,4.7,확정,3720,1894,1739,1157,965,436,466,1151,1158,1199,384,402,172,174,74
29,말할 수 없는 비밀: 마지막 챕터,2025-10-30,일본,전체관람가,멜로/로맨스,카와이 하야토,(주)호라이즌웍스,158,158,13484,6350,13903,14253,1.06,47.1,38117,9.5,81415,7.8,확정,3606,2262,2173,1915,635,882,2011,57,68,99,57,47,72,19,21
30,오피셜히게단디즘 라이브 앳 스타디움 2025,2026-04-02,일본,전체관람가,공연,,(주)영화사 그램,58,59,8510,4368,11575,13957,1.64,51.3,14556,21.8,37352,11.7,확정,3178,1441,1681,1246,406,310,248,348,405,1002,897,170,159,84,63
31,탐정 키엔: 사라진 머리,2025-06-18,베트남,15세이상관람가,공포(호러),빅터 부,(주)디스테이션,86,94,9879,4873,12715,13062,1.32,49.3,15683,9.8,44663,10.9,확정,1537,1228,1276,1598,1999,1254,987,472,332,335,470,486,356,385,62
32,열혈검사,2025-04-16,중국,15세이상관람가,액션,견자단,(주)디스테이션,101,108,8507,3803,12786,13041,1.53,44.7,26963,6.9,76650,5.0,확정,1856,1494,1866,1015,922,414,940,1057,810,1373,391,313,205,130,2
33,위장수사,2025-06-27,몽고,15세이상관람가,"범죄,코미디",,"(주)스마일이엔티,주식회사 블루필름웍스",61,61,7092,5291,10156,11830,1.67,74.6,8527,37.1,20640,25.6,확정,3164,1004,1123,492,555,221,533,910,369,394,375,473,104,439,3
34,캐시 아웃,2024-09-12,미국,12세이상관람가,"액션,범죄",,주식회사 제이씨엔터웍스,185,185,10358,3228,10715,11378,1.1,31.2,41823,10.8,53321,6.1,확정,4511,1607,850,771,671,812,1136,62,87,38,51,44,74,1,0
35,에드워드 호퍼,2024-11-27,영국,전체관람가,다큐멘터리,필 그랩스키,영화사빅,111,111,6790,2989,9343,10768,1.59,44.0,15473,9.2,35138,8.5,확정,1422,757,611,1209,1169,634,988,390,751,260,354,533,143,122,65
36,아웃 오브 네스트,2026-02-13,태국,전체관람가,"애니메이션,어드벤처","앤드류 고든,제프 슈,아르투로 A. 아르난데스,비라파트라 지나나빈",㈜코리아스크린,91,137,6062,3051,8571,10713,1.77,50.3,9373,6.6,34059,9.0,확정,618,1185,1248,1110,849,784,268,350,440,293,230,641,284,271,599
37,헬보이: 크룩드 맨,2024-12-18,미국,15세이상관람가,"액션,공포(호러),판타지",브라이언 테일러,와이드 릴리즈(주),131,131,9798,4078,10097,10384,1.06,41.6,21794,8.8,42754,9.5,확정,1920,2007,1809,1266,1003,599,1194,6,159,43,6,29,56,0,0
38,금지된 장난,2024-06-05,일본,15세이상관람가,공포(호러),나카타 히데오,와이드 릴리즈(주),118,118,9319,3685,9728,10064,1.08,39.5,26902,8.3,57516,6.4,확정,2228,2509,1324,1327,1034,372,525,49,46,77,109,55,34,39,0
39,보더랜드,2025-03-05,미국,12세이상관람가,"판타지,액션,코미디",일라이 로스,(주)누리픽쳐스,209,209,9313,4224,9836,9953,1.07,45.4,45294,5.2,99954,4.2,확정,2371,1343,1037,1912,1275,423,952,124,38,51,139,108,29,34,26
40,신 가면라이더,2024-04-03,일본,12세이상관람가,"액션,드라마",안노 히데아키,(주)블루라벨픽쳐스,74,85,5612,2956,8865,8865,1.58,52.7,13926,12.4,39236,7.5,확정,1728,620,728,1180,1048,145,163,1083,529,522,361,682,37,39,0
41,별처럼 빛나는 너에게 더무비-일섬일섬량성성,2024-05-22,중국,12세이상관람가,"판타지,멜로/로맨스","진소명,장반",워터홀컴퍼니(주),158,191,5987,3054,7175,8050,1.34,51.0,32807,3.3,96829,3.2,확정,1078,477,544,1446,1064,626,752,248,117,222,207,156,105,133,8
42,원 앤 온리,2024-03-13,중국,12세이상관람가,드라마,동성붕,(주)스튜디오디에이치엘,112,112,4956,2389,7164,8021,1.62,48.2,22374,5.5,51744,4.6,확정,1222,805,842,857,690,298,242,887,322,304,216,262,103,114,49
43,크레센도 반 클라이번 콩쿠르 실황,2024-01-31,미국,전체관람가,"공연,다큐멘터리",헤더 윌크,오드,61,65,4497,2207,5663,7449,1.66,49.1,11421,8.2,30152,7.3,확정,942,446,426,1081,700,463,439,113,92,209,228,253,222,49,76
44,멜라니아,2026-01-30,미국,12세이상관람가,다큐멘터리,브렛 래트너,(주)누리픽쳐스,77,77,7110,4169,7110,7110,1.0,58.6,7848,23.9,22087,18.9,확정,1872,1184,1113,644,629,295,1373,0,0,0,0,0,0,0,0
45,최후의 만찬,2026-06-04,미국,12세이상관람가,드라마,,"(주)드림팩트엔터테인먼트,루디아코프",78,80,3369,2042,4470,7017,2.08,60.6,8403,6.7,22936,8.9,확정,561,440,863,739,234,336,196,191,233,118,272,168,70,49,3
46,극장판 미스터리라 하지 말지어다,2024-11-27,일본,12세이상관람가,"범죄,드라마,미스터리",마츠야마 히로아키,(주)미디어캐슬,99,99,4979,2338,5595,6748,1.36,47.0,20120,5.3,47946,4.9,확정,1072,711,909,814,615,420,438,101,96,111,51,56,94,107,5
47,장난을 잘 치는 타카기 양,2025-03-05,일본,12세이상관람가,"멜로/로맨스,코미디",이마이즈미 리키야,TCO(주)더콘텐츠온,127,127,5082,2889,6062,6595,1.3,56.8,29660,3.5,63326,4.6,확정,1036,618,570,1298,1021,262,277,158,93,120,280,200,57,72,61
48,노 웨이 업,2024-06-19,영국,15세이상관람가,"액션,스릴러",클라우디오 파,스튜디오 에이드,147,147,5995,1859,6220,6580,1.1,31.0,32853,5.8,50806,3.7,확정,1896,1668,534,735,590,301,271,69,42,39,8,10,28,29,0
49,아서,2024-04-17,미국,12세이상관람가,"어드벤처,드라마",사이먼 셀란 존스,(주)누리픽쳐스,113,121,5209,3137,5605,6525,1.25,60.2,18956,3.5,53096,5.9,확정,670,580,680,1369,1088,417,405,34,39,52,28,23,39,181,287
50,수 분간의 응원을,2024-09-25,일본,전체관람가,드라마,포푸리카,(주)애니플러스,82,84,4065,1693,4832,5849,1.44,41.6,18151,7.2,45555,3.7,확정,1310,381,481,646,566,414,267,114,205,117,153,71,48,59,358
51,스트레인저스: 챕터1,2024-08-28,미국,15세이상관람가,공포(호러),레니 할린,판씨네마(주),223,223,4958,2180,5077,5555,1.12,44.0,33972,3.8,68880,3.2,확정,1291,835,695,831,654,293,359,8,7,44,26,28,3,3,5
52,물은 바다를 향해 흐른다,2024-08-07,일본,12세이상관람가,드라마,마에다 테츠,트윈플러스파트너스(주),57,57,4384,1371,4708,5269,1.2,31.3,8024,14.4,21571,6.4,확정,1153,822,459,535,377,350,688,56,33,19,31,32,21,132,4
53,킹덤 3: 운명의 불꽃,2024-01-17,일본,15세이상관람가,"액션,전쟁",사토 신스케,"와이드 릴리즈(주),(주)플레이그램,(주)이놀미디어",136,136,4532,1837,4660,5008,1.11,40.5,27194,4.9,55546,3.3,확정,1322,933,907,442,488,211,229,43,22,16,20,18,5,4,11
54,"아도 스페셜 라이브 ""신조우"" 인 시네마",2025-04-23,일본,전체관람가,공연,,와이드 릴리즈(주),42,55,3012,1604,4026,4435,1.47,53.3,,,,,확정,824,341,657,585,362,115,128,155,243,202,122,119,78,95,79
55,까이마 : 저주의 무덤,2025-12-11,베트남,15세이상관람가,"공포(호러),미스터리",,(주)메이킹에이프린트,50,50,4051,1487,4197,4197,1.04,36.7,7592,21.4,17306,8.6,확정,1621,522,604,361,222,323,398,21,24,26,21,4,50,0,0
56,엑소시스트: 더 데빌,2024-09-25,미국,12세이상관람가,공포(호러),호세 프렌데스,"와이드 릴리즈(주),(주)제이앤씨미디어그룹",161,161,3622,1948,3826,4011,1.11,53.8,22165,3.7,50986,3.8,확정,827,397,489,820,639,362,88,83,24,27,20,18,16,16,3
57,스페셜즈,2026-03-13,일본,15세이상관람가,"코미디,액션",우치다 에이지,(주)바이포엠스튜디오,49,49,3732,3546,3741,3868,1.04,95.0,6502,2.3,19759,17.9,확정,152,1362,2032,80,57,18,31,6,1,1,0,1,0,0,0
58,도쿄 리벤저스2: 결전,2025-10-10,일본,15세이상관람가,"액션,드라마",하나부사 츠토무,(주)플레이그램,46,48,3605,2283,3715,3736,1.04,63.3,6837,16.5,19168,11.9,확정,1131,698,454,241,271,231,579,15,29,29,14,20,0,3,4
59,어프렌티스,2024-10-23,캐나다,청소년관람불가,드라마,알리 아바시,(주)누리픽쳐스,67,67,1984,882,2158,3022,1.52,44.5,9764,2.8,24559,3.6,확정,276,252,232,346,304,233,341,26,14,14,50,28,5,37,3
60,썸머 블루 아워,2025-09-17,대만,12세이상관람가,"멜로/로맨스,드라마",,(주)누리픽쳐스,67,67,1126,554,1138,2686,2.39,49.2,9481,2.3,23441,2.4,확정,221,142,184,166,204,90,119,0,1,10,0,0,0,1,0
61,더 엑소시즘,2025-01-15,미국,15세이상관람가,공포(호러),,(주)누리픽쳐스,117,117,2469,1315,2484,2484,1.01,53.3,17696,2.5,44669,2.9,확정,450,323,319,474,522,205,176,6,4,5,0,0,0,0,0
62,류이치 사카모토: 플레잉 디 오케스트라 2014,2025-04-09,일본,전체관람가,공연,,리벳,55,56,1545,848,1889,2092,1.35,54.9,12763,2.0,34201,2.5,확정,250,169,304,253,291,112,166,23,168,45,40,36,18,14,41
63,메이킹 다큐멘터리 `스즈메의 문단속`을 따라가다,2024-01-10,일본,전체관람가,다큐멘터리,마츠모토 소,(주)쇼박스,42,42,1686,233,1774,1774,1.05,13.8,5502,22.0,11305,2.1,확정,1208,141,95,76,62,45,59,22,16,2,14,13,14,7,0
64,사일런트 나잇,2024-07-17,미국,청소년관람불가,"액션,범죄",오우삼,이화배컴퍼니(주),65,65,1294,602,1325,1531,1.18,46.5,10582,2.2,23524,2.6,확정,238,208,225,184,193,126,120,8,2,8,5,0,8,0,16
65,브릭레이어,2025-05-28,헝가리,15세이상관람가,"액션,스릴러",레니 할린,"(주)올스타엔터테인먼트,(주)플레이그램",31,31,643,179,702,1154,1.79,27.8,5452,3.0,8879,2.0,확정,166,114,62,61,56,61,123,7,7,3,1,1,1,39,14
66,폭스 헌트,2025-08-13,홍콩,15세이상관람가,"범죄,액션",장립가,"(주)다자인소프트,(주)제이앤씨미디어그룹",47,47,845,246,939,1148,1.36,29.1,6232,2.8,9382,2.6,확정,177,253,106,72,68,94,75,14,77,0,0,0,0,3,3
67,터커 & 데일 Vs 이블,2024-08-28,미국,청소년관람불가,"코미디,공포(호러)",일라이 크레이그,(주)콘텐츠판다,34,34,1073,378,1133,1133,1.06,35.2,6802,6.7,14967,2.5,확정,454,116,154,147,77,57,68,12,5,3,8,19,9,4,0
68,올 더 네임즈 오브 갓,2024-04-17,헝가리,12세이상관람가,"액션,드라마",다니엘 칼파소로,"(주)이놀미디어,(주)플레이그램",31,31,896,202,896,940,1.05,22.5,4366,12.8,11430,1.8,확정,560,45,51,82,69,54,35,0,0,0,0,0,0,0,0
69,잠행,2024-03-27,홍콩,15세이상관람가,"액션,범죄",관지요,(주)이놀미디어,32,32,787,228,792,932,1.18,29.0,3651,7.4,9388,2.4,확정,269,203,76,100,52,43,44,0,0,0,0,1,4,0,0
70,컬트 시카리오,2024-10-17,미국,15세이상관람가,"미스터리,스릴러,범죄",존 키스,(주)블루라벨픽쳐스,48,48,773,48,789,789,1.02,6.2,4183,16.2,353,13.6,확정,677,16,16,16,16,16,16,16,0,0,0,0,0,0,0
71,방탄소년단 아미: 포에버 위 아 영,2025-07-30,미국,전체관람가,다큐멘터리,,(주)위즈온센,62,63,789,346,789,789,1.0,43.9,7947,2.5,17757,1.9,확정,201,99,124,144,78,56,87,0,0,0,0,0,0,0,0
72,목중무인 : 안하무인,2024-06-27,중국,15세이상관람가,"사극,액션",,(주)스튜디오디에이치엘,50,50,728,8,736,736,1.01,1.1,4381,16.3,99,8.1,확정,712,8,0,0,0,8,0,8,0,0,0,0,0,0,0
73,프리 폴,2025-05-21,러시아,전체관람가,"SF,액션,스릴러",올레흐 우라자이킨,(주)스튜디오디에이치엘,44,44,400,22,605,625,1.56,5.5,3099,11.7,1592,1.4,확정,363,7,8,11,3,6,2,0,145,0,10,10,20,20,20
74,퀸메리호: 저주받은 항해,2025-06-13,미국,15세이상관람가,"미스터리,공포(호러)",개리 쇼어,그린나래미디어(주),37,37,567,513,571,571,1.01,90.5,3093,10.2,6373,8.0,확정,315,113,85,21,16,10,7,4,0,0,0,0,0,0,0
75,무티: 주술살인,2024-01-17,미국,15세이상관람가,"범죄,스릴러,미스터리",조지 갈로,주식회사 제이씨엔터웍스,40,40,489,173,505,505,1.03,35.4,4568,3.6,8952,1.9,확정,165,76,59,65,49,25,50,16,0,0,0,0,0,0,0
76,애프터: 유혹의 끝,2024-02-21,미국,15세이상관람가,멜로/로맨스,캐스틸 랜던,스튜디오 에이드,46,46,469,150,478,485,1.03,32.0,6903,2.9,3029,5.0,확정,202,71,59,50,41,27,19,8,1,0,0,0,0,0,0
77,브레이브 온 파이어,2024-04-17,미국,12세이상관람가,"액션,드라마","피터 파시넬리,닉 라이온",(주)박수엔터테인먼트,38,38,412,147,446,466,1.13,35.7,4583,3.9,9903,1.5,확정,177,32,34,61,52,30,26,0,8,8,0,0,8,10,0
