순위,영화명,개봉일,대표국적,등급,장르,감독,배급사,개봉스크린수,첫주관객,첫주말관객,2주누적,최종누적관객,배수,주말집중도,개봉일좌석수,개봉일좌석판매율,첫주말좌석수,첫주말좌석판매율,첫주말일수,성적확정,D0,D1,D2,D3,D4,D5,D6,D7,D8,D9,D10,D11,D12,D13,D14
1,10 라이브즈,2024-08-15,영국,전체관람가,애니메이션,크리스토퍼 젠킨스,(주)박수엔터테인먼트,191,29182,13257,37268,60606,2.08,45.4,35983,31.0,88455,15.0,3,확정,11153,2725,5198,5334,998,1128,2646,884,600,2767,2878,346,376,235,1116
2,점보,2026-02-18,인도네시아,전체관람가,애니메이션,,(주)바이포엠스튜디오,371,43585,22330,50285,52582,1.21,51.2,46665,27.1,135684,16.5,3,확정,12648,2470,3263,9260,9807,2584,3553,722,1010,1117,1798,814,1038,201,99
3,정글번치: 월드투어,2024-01-31,프랑스,전체관람가,애니메이션,,(주)무비다이브,193,22804,16691,43485,52193,2.29,73.2,29153,7.2,104475,16.0,3,확정,2085,1738,2421,7227,7043,909,1381,788,1295,3803,2820,4699,6418,858,514
4,바다 탐험대 옥토넛 어보브 앤 비욘드 : 극지방 대작전,2025-01-27,영국,전체관람가,애니메이션,,와이드 릴리즈(주),208,30471,10480,39910,51308,1.68,34.4,46800,15.0,121097,8.7,3,확정,7030,3955,3329,5677,1665,4570,4245,410,660,677,357,639,3144,3552,374
5,오지: 사라진 숲을 찾아서,2024-09-13,미국,전체관람가,애니메이션,,"(주)팝엔터테인먼트,(주)플레이그램",214,35662,17992,48053,50986,1.43,50.5,28872,6.8,104695,17.2,3,확정,1968,7436,8588,5076,5021,7067,506,1603,4719,4476,474,432,593,94,122
6,엘리: 몬스터 패밀리,2025-02-14,독일,전체관람가,애니메이션,"피엣 드 라이커,예스퍼 묄러","(주)올스타엔터테인먼트,(주)플레이그램",345,23198,16339,37749,49325,2.13,70.4,35281,12.3,129235,12.6,3,확정,4324,6355,5660,1409,1499,1821,2130,1525,4067,4052,1694,1056,1091,1066,828
7,아이엠 티라노,2024-03-01,중국,전체관람가,애니메이션,,"주식회사 원더스튜디오,영화사빅",229,36317,33962,43684,49305,1.36,93.5,41929,36.4,118668,28.6,3,확정,15261,9880,8821,848,380,263,864,102,3548,3516,56,30,57,58,29
8,꼬마 판다 팡의 아프리카 대모험,2025-01-22,네덜란드,전체관람가,애니메이션,"리처드 클라우스,카스텐 킬러리치",(주)디스테이션,198,17782,8577,27622,44979,2.53,48.2,27966,6.2,81080,10.6,3,확정,1729,1168,1124,3503,3950,3596,2712,1678,2470,882,1769,1481,448,1112,713
9,바다 탐험대 옥토넛 어보브 앤 비욘드 : 바다가 위험해,2024-08-14,영국,전체관람가,"애니메이션,액션,어드벤처",,와이드 릴리즈(주),236,23559,10161,32253,42322,1.8,43.1,30757,5.8,94916,10.7,3,확정,1777,10280,1700,4463,3998,563,778,503,1012,1072,2600,2756,360,391,362
10,스노우 폭스2: 몬스터타운 구하기,2025-04-26,미국,전체관람가,애니메이션,,(주)팝엔터테인먼트,224,16559,9478,36577,41161,2.49,57.2,41309,11.5,81761,11.6,2,확정,4736,4742,395,252,458,3958,2018,3293,2772,7710,5164,355,24,700,1476
11,톰과 제리: 황금나침반 대소동,2026-01-01,미국,전체관람가,애니메이션,,TCO(주)더콘텐츠온,406,29785,13032,36981,40908,1.37,43.8,55498,23.4,131449,9.9,3,확정,13003,3733,5102,4197,992,1147,1611,1076,1462,1635,1444,428,505,646,396
12,바다 탐험대 옥토넛 어보브 앤 비욘드 : 콰지의 깜짝 어드벤처,2025-09-27,영국,전체관람가,"애니메이션,액션,어드벤처",,와이드 릴리즈(주),279,17842,12175,32746,40689,2.28,68.2,49004,10.0,98791,12.3,2,확정,4909,7266,387,404,233,239,4404,2728,1962,2030,2945,1837,2115,1287,1146
13,꼬마참새 리차드: 신비한 보석 탐험대,2024-05-01,독일,전체관람가,애니메이션,,(주)스튜디오디에이치엘,174,23004,11668,31113,39016,1.7,50.7,22686,17.0,65445,17.8,3,확정,3851,825,1056,3147,7465,5898,762,392,520,642,2394,2911,847,403,1657
14,바다 탐험대 옥토넛 어보브 앤 비욘드 : 육지생물 구조작전,2026-02-12,영국,전체관람가,"애니메이션,액션,어드벤처",,와이드 릴리즈(주),227,19331,7948,26497,34024,1.76,41.1,20901,7.0,87760,9.1,3,확정,1463,807,3618,3523,3602,2217,4101,506,620,1762,2086,802,775,615,887
15,빌리와 용감한 녀석들: 스노우 베어 구조대,2024-11-07,멕시코,전체관람가,애니메이션,"가브리엘 리바 팔라시오 알라트리스테,로돌포 리바 팔라시오 알라트리스테",(주)박수엔터테인먼트,323,15724,12619,23476,33941,2.16,80.3,15389,7.5,99303,12.7,3,확정,1152,1519,5287,5813,607,546,800,725,665,2259,2451,552,330,770,280
16,언더더씨: 마법 산호초를 찾아서,2024-06-27,독일,전체관람가,애니메이션,,(주)팝엔터테인먼트,215,12879,8762,20633,30960,2.4,68.0,11546,9.6,66103,13.3,3,확정,1107,718,3589,4455,423,1013,1574,903,1397,1622,1888,152,722,1070,1133
17,슈퍼 엘프: 빨간모자 비밀요정,2025-01-15,독일,전체관람가,애니메이션,우테 폰 뮌쇼폴,(주)박수엔터테인먼트,171,15736,10654,23862,28425,1.81,67.7,26890,6.7,105992,10.1,3,확정,1813,1716,2986,3500,4168,714,839,233,854,659,2348,2924,597,511,269
18,리틀 엠마,2024-10-25,미국,전체관람가,애니메이션,레오 루이스 랴오,(주)블루라벨픽쳐스,212,12897,10505,22197,26297,2.04,81.5,18728,9.6,95009,11.1,3,확정,1791,4204,4510,216,621,320,1235,369,3240,3405,1208,309,436,333,164
19,백설공주와 일곱난쟁이,2025-04-10,미국,전체관람가,애니메이션,,(주)박수엔터테인먼트,334,16330,14236,21629,25062,1.53,87.2,20778,3.8,126695,11.2,3,확정,781,693,6331,7212,424,475,414,34,90,2643,2379,44,60,49,18
20,용감한 돌고래 벨루와 바닷속 친구들,2024-03-13,캐나다,전체관람가,애니메이션,,"찬란,(주)빅브라더스",180,11518,9198,21771,24426,2.12,79.9,11226,3.0,58703,15.7,3,확정,334,239,399,4144,4655,435,1312,332,483,1000,3990,3974,188,286,69
21,꼬마돼지 베이브와 타피티,2025-11-13,독일,전체관람가,애니메이션,니나 웰스,(주)박수엔터테인먼트,359,15428,12224,19623,22441,1.45,79.2,17711,7.6,107294,11.4,3,확정,1347,1565,5307,5352,605,886,366,692,781,937,1034,389,187,175,49
22,정글비트 2,2026-01-29,영국,전체관람가,애니메이션,샘 윌슨,(주)박수엔터테인먼트,309,16146,11089,20779,22308,1.38,68.7,21845,7.9,109241,10.2,3,확정,1717,2244,4486,4359,740,1433,1167,965,804,450,667,437,828,482,308
23,아기돼지 3형제: 도넛별 대모험,2025-09-04,중국,전체관람가,"애니메이션,어드벤처",유위,와이드 릴리즈(주),281,13076,10485,15668,21084,1.61,80.2,13255,6.6,77332,13.6,3,확정,873,706,4613,5166,499,340,879,308,171,868,812,93,212,128,216
24,빼꼼: 미션 투 마스,2024-06-01,중국,전체관람가,애니메이션,,(주)박수엔터테인먼트,160,16375,9207,19960,21067,1.29,56.2,37125,12.8,73021,12.6,2,확정,4745,4462,138,143,260,4246,2381,1727,1368,164,59,4,33,230,35
25,스노우 퍼핀즈,2024-02-15,스페인,전체관람가,애니메이션,,(주)팝엔터테인먼트,315,15367,8617,20351,20768,1.35,56.1,32965,8.0,108327,8.0,3,확정,2652,1956,3633,3028,929,1377,1792,751,805,764,984,874,438,368,119
26,스노우 폭스 : 마법의 돌을 찾아서,2026-01-10,미국,전체관람가,애니메이션,,와이드 릴리즈(주),180,10915,7109,16905,20481,1.88,65.1,25416,14.2,49672,14.3,2,확정,3605,3504,206,461,977,960,1202,1544,2177,162,561,461,493,592,196
27,200% 울프: 최강 푸들이 될 거야!,2025-03-12,호주,전체관람가,애니메이션,알렉스 슈타더만,(주)팝엔터테인먼트,237,12405,10731,17203,20261,1.63,86.5,13370,5.4,94574,11.3,3,확정,726,428,673,4522,5536,110,410,315,218,281,1912,1943,10,119,165
28,바커스: 슈퍼스타가 될 거야,2024-06-01,러시아,전체관람가,애니메이션,,"와이드 릴리즈(주),(주)태양미디어그룹",173,13121,7041,16858,20194,1.54,53.7,33807,11.6,64591,10.9,2,확정,3907,3134,302,502,148,3436,1692,1706,1780,45,29,41,123,13,208
29,펫 트레인,2026-03-28,프랑스,전체관람가,애니메이션,,"(주)스튜디오디에이치엘,(주)플레이그램",184,12054,11559,18666,20011,1.66,95.9,36182,16.6,70475,16.4,2,확정,6012,5547,174,164,83,34,40,3565,2748,21,41,46,96,95,353
30,돌핀보이: 푸른 바다의 수호자,2026-06-03,독일,전체관람가,애니메이션,,(주)팝엔터테인먼트,222,14325,7059,17076,19010,1.33,49.3,24757,21.9,55930,12.6,3,,5419,924,671,3273,3115,305,618,205,166,48,1077,1174,26,55,0
31,빌리와 용감한 타이거 킹,2025-09-11,말레이시아,전체관람가,애니메이션,,(주)박수엔터테인먼트,241,11844,9431,14270,16628,1.4,79.6,12735,8.0,72886,12.9,3,확정,1025,755,4602,4074,233,590,565,337,344,769,663,61,28,224,177
32,빅샤크5: 80일간의 해저일주,2024-07-11,중국,전체관람가,애니메이션,,(주)팝엔터테인먼트,172,8605,6321,12949,15296,1.78,73.5,21549,6.6,77328,8.2,3,확정,1425,1789,2133,2399,321,310,228,344,396,1119,1444,505,489,47,148
33,캔터빌의 유령,2025-02-26,미국,전체관람가,애니메이션,,와이드 릴리즈(주),144,12751,6679,14659,15270,1.2,52.4,24206,6.5,73731,9.1,3,확정,1579,1860,2466,2171,2042,2458,175,68,39,93,744,827,42,95,1
34,출동! 왕엉덩이 히어로: 털복숭이 꼬리도적단 소탕작전,2025-04-12,호주,전체관람가,"애니메이션,액션,어드벤처",리카르드 쿠소,(주)팝엔터테인먼트,181,8390,7516,12581,14829,1.77,89.6,36859,8.6,75951,9.9,2,확정,3164,4352,227,141,129,153,224,2225,1723,51,116,43,8,25,97
35,립세의 사계,2024-01-10,폴란드,15세이상관람가,애니메이션,"DK 웰치먼,휴 웰치맨",(주)디스테이션,186,8978,3302,12920,14364,1.6,36.8,40733,6.3,89981,3.7,3,확정,2556,1261,1225,1107,970,476,1383,892,762,763,516,482,274,253,156
36,호두까기 인형과 마술피리,2024-10-30,러시아,전체관람가,애니메이션,,(주)팝엔터테인먼트,258,10316,8478,12371,14285,1.38,82.2,9926,2.6,76732,11.0,3,확정,260,537,648,3802,4028,357,684,175,9,109,531,701,241,289,117
37,마이펫의 컴백홈 어드벤처,2024-10-23,미국,전체관람가,애니메이션,케빈 도노반,그린나래미디어(주),161,7730,6730,11263,13902,1.8,87.1,8923,2.2,87959,7.7,3,확정,199,294,636,2689,3405,258,249,207,25,82,1451,1722,11,35,54
38,몬스터 프렌즈,2024-04-25,스페인,전체관람가,애니메이션,,(주)박수엔터테인먼트,180,8893,5652,10725,12519,1.41,63.6,14436,10.4,52672,10.7,3,확정,1508,1768,1847,2037,197,440,1096,489,641,104,386,203,9,0,136
39,인어공주: 마법물약의 비밀,2024-03-14,미국,전체관람가,애니메이션,,(주)박수엔터테인먼트,188,9189,7469,11664,12265,1.33,81.3,9528,8.7,52466,14.2,3,확정,829,379,3341,3749,149,267,475,22,126,1157,1032,5,61,72,0
40,아기 티라노 디보: 초식이지만 괜찮아!,2026-02-25,중국,전체관람가,애니메이션,,(주)박수엔터테인먼트,150,9027,5353,11485,12084,1.34,59.3,14460,4.3,63317,8.5,3,확정,628,713,1491,2128,1734,2060,273,29,33,233,1094,1005,25,39,21
41,프라우드 프린세스: 로열 어드벤처,2025-08-15,체코,전체관람가,"애니메이션,드라마",,(주)스튜디오디에이치엘,126,7230,6658,9703,10374,1.43,92.1,30696,9.0,84538,7.9,3,확정,2767,1998,1893,229,122,122,99,290,798,890,184,155,12,144,190
42,얼음 여왕,2026-01-28,노르웨이,전체관람가,애니메이션,,(주)디스테이션,159,5648,3266,8969,10331,1.83,57.8,13729,4.9,58854,5.5,3,확정,676,533,520,1506,1240,193,980,363,516,757,660,769,110,146,178
43,맘보 점보,2026-06-03,덴마크,전체관람가,애니메이션,,와이드 릴리즈(주),131,5907,2168,8572,9944,1.68,36.7,22085,9.8,29367,7.4,3,확정,2172,290,255,994,919,111,1166,141,1094,110,347,660,75,238,1
44,생츄어리 2 : 쿼카가 너무해,2024-03-07,호주,전체관람가,"애니메이션,액션,어드벤처",리카르드 쿠소,(주)팝엔터테인먼트,249,7004,6524,8072,9261,1.32,93.1,5182,2.8,66067,9.9,3,확정,143,231,3112,3181,111,130,96,119,4,387,340,10,30,178,0
45,고양이 수비대: 모나리자를 지켜라!,2025-05-14,러시아,전체관람가,애니메이션,바실리 로벤스키,"그린나래미디어(주),주식회사 로아앤코홀딩스",151,4973,3966,6591,7504,1.51,79.8,11768,1.9,57148,6.9,3,확정,228,484,409,1922,1635,175,120,44,46,137,535,530,277,49,149
46,드림쏭3,2024-03-28,미국,전체관람가,애니메이션,안소니 벨,"주식회사 원더스튜디오,영화사빅",238,4489,3996,5271,5625,1.25,89.0,7754,3.1,59770,6.7,3,확정,238,163,2035,1798,101,82,72,14,14,292,296,91,40,35,0
47,어네스트와 셀레스틴: 멜로디 소동,2025-06-11,프랑스,전체관람가,애니메이션,,"(주)영화사 진진,(주)하이스트레인저",119,3818,2336,4174,5104,1.34,61.2,14039,3.2,48099,4.9,3,확정,452,370,512,854,970,310,350,54,71,30,89,84,11,17,28
48,아톰 새로운 시작,2024-01-31,미국,전체관람가,애니메이션,데이빗 보워스,주식회사 블루필름웍스,144,3559,2495,3722,4558,1.28,70.1,10736,3.0,42286,5.9,3,확정,323,351,235,1122,1138,180,210,4,7,40,33,49,22,8,7
49,래빗스쿨 2: 부활절 대소동,2024-03-27,독일,전체관람가,애니메이션,우테 폰 뮌쇼폴,"(주)버킷스튜디오,주식회사 블루필름웍스",126,2973,2482,3366,3637,1.22,83.5,3710,3.8,41919,5.9,3,확정,141,168,109,1364,1009,129,53,4,14,22,200,127,11,15,0
50,우주 수호대: 하하하 행성의 대모험,2026-03-13,중국,전체관람가,"애니메이션,어드벤처",,(주)팝엔터테인먼트,102,1450,1359,2429,2778,1.92,93.7,5188,1.4,34056,4.0,3,확정,75,653,631,20,30,15,26,72,346,509,17,24,1,10,6
51,마법 숲 동물 친구들 대모험,2026-04-01,아랍에미리트연합국정부,전체관람가,"애니메이션,어드벤처",,(주)팝엔터테인먼트,87,1238,1044,1745,2120,1.71,84.3,5664,1.3,25382,4.1,3,확정,73,50,47,604,393,44,27,8,21,10,201,226,24,17,1
52,화성특급,2025-04-02,프랑스,15세이상관람가,애니메이션,제레미 페랭,주식회사 킨스튜디오,19,537,153,572,716,1.33,28.5,2570,9.4,6481,2.4,3,확정,241,37,38,63,52,37,69,2,2,5,6,9,3,8,3
