순위,영화명,개봉일,등급,장르,감독,배급사,다양성,개봉스크린수,최대스크린수,첫주관객,첫주말관객,2주누적,최종누적관객,배수,주말집중도,개봉일좌석수,개봉일좌석판매율,첫주말좌석수,첫주말좌석판매율,성적확정,D0,D1,D2,D3,D4,D5,D6,D7,D8,D9,D10,D11,D12,D13,D14
1,왕과 사는 남자,2026-02-04,12세이상관람가,"사극,드라마",장항준,(주)쇼박스,,1658,2262,1165295,761820,3491462,16912884,14.51,65.4,,,,,확정,117783,91731,126625,327112,308083,98379,95582,86924,83916,133573,357886,465254,537175,661439,653634
2,파묘,2024-02-22,15세이상관람가,"미스터리,공포(호러)",장재현,(주)쇼박스,,1944,2367,3306929,1965308,6600370,11914882,3.6,59.4,,,,,확정,330118,374492,770974,819842,328445,298464,384594,384294,851600,832278,652059,207996,190540,174674,160362
3,범죄도시4,2024-04-24,15세이상관람가,"액션,범죄",허명행,"주식회사 에이비오엔터테인먼트,메가박스중앙(주) 플러스엠 엔터테인먼트",,2930,2980,4964920,2918531,8678023,11502928,2.32,58.8,,,,,확정,821466,473054,651172,1219038,1048321,362002,389867,784775,250557,380639,689896,851693,606796,148747,124517
4,베테랑2,2024-09-13,15세이상관람가,"액션,범죄",류승완,(주)씨제이이엔엠,,2682,2691,4668044,2077286,5979633,7525906,1.61,44.5,,,,,확정,497498,755086,824702,764681,854175,738619,233283,218067,386734,309695,99916,88771,132449,75957,93990
5,군체,2026-05-21,15세이상관람가,"액션,스릴러",연상호,(주)쇼박스,,1964,2110,2359977,1283342,4025248,5943494,2.52,54.4,,,,,확정,199762,230039,475783,577520,516980,150488,209405,125432,182224,423314,365458,101982,135391,331470,79915
6,좀비딸,2025-07-30,12세이상관람가,"코미디,드라마",필감성,(주)넥스트엔터테인먼트월드(NEW),,1557,1598,2189309,1165727,3522045,5642628,2.58,53.2,,,,,확정,430087,240977,269926,479554,416247,184865,167653,151530,135685,161210,354254,324844,104952,100261,90507
7,하얼빈,2024-12-24,15세이상관람가,드라마,우민호,(주)씨제이이엔엠,,2115,2125,2518158,903847,3705149,4915182,1.95,35.9,,,,,확정,381521,847790,227461,196103,376363,331381,157539,212397,340484,92862,91398,218542,174400,56908,49163
8,파일럿,2024-07-31,12세이상관람가,코미디,김한결,롯데컬처웍스(주)롯데엔터테인먼트,,1827,1956,1995842,1095439,3160564,4719102,2.36,54.9,,,,,확정,373859,223746,249189,441577,404673,157828,144970,131424,127355,147241,307553,268428,93481,89240,85345
9,소방관,2024-12-04,12세이상관람가,드라마,곽경택,(주)바이포엠스튜디오,,983,1594,908883,569277,1913549,3859617,4.25,62.6,,,,,확정,81673,82308,112028,218560,238689,89397,86228,96379,91615,138829,259958,258325,80049,79511,81225
10,야당,2025-04-16,청소년관람불가,"범죄,액션",황병국,메가박스중앙(주) 플러스엠 엔터테인먼트,,1683,1850,943234,610183,1742023,3378276,3.58,64.7,,,,,확정,85705,73742,107265,263212,239706,82246,91358,78725,74461,108658,220908,191882,65681,58474,80931
11,살목지,2026-04-08,15세이상관람가,"공포(호러),스릴러",이상민,(주)쇼박스,,1191,1511,835403,536418,1521581,3240784,3.88,64.2,,,,,확정,89911,70759,111766,226983,197669,73629,64686,68743,58662,98966,211494,161640,46984,39689,43400
12,어쩔수가없다,2025-09-24,15세이상관람가,"스릴러,코미디",박찬욱,(주)씨제이이엔엠,,2114,2114,1211084,609291,2183362,2942822,2.43,50.3,,,,,확정,331495,109726,127023,242013,240255,79230,81342,75260,89974,178346,146996,133229,167675,180798,136746
13,만약에 우리,2025-12-31,15세이상관람가,멜로/로맨스,김도영,(주)쇼박스,,961,1116,574140,263919,1136037,2603048,4.53,46.0,,,,,확정,110325,100059,64445,100809,98665,47857,51980,54918,58278,72659,134301,133310,54601,53830,52687
14,탈주,2024-07-03,12세이상관람가,액션,이종필,메가박스중앙(주) 플러스엠 엔터테인먼트,,1234,1234,856905,529099,1423670,2562529,2.99,61.7,,,,,확정,112667,80960,110013,222064,197022,69083,65096,66612,57662,60050,147099,142179,46999,46164,50064
15,히트맨2,2025-01-22,15세이상관람가,"코미디,액션",최원섭,(주)바이포엠스튜디오,,1375,1588,990971,425190,2046320,2547598,2.57,42.9,,,,,확정,100621,75696,69250,157064,198876,189778,199686,272151,251495,136443,177129,137171,42293,38667,33533
16,보스,2025-10-03,15세이상관람가,"코미디,액션",라희찬,"(주)하이브미디어코프,(주)마인드마크",,1163,1296,1724128,666654,2134433,2437494,1.41,38.7,,,,,확정,238887,208854,218913,313448,322754,247005,174267,91069,122839,93257,28880,26458,25127,22675,29483
17,호프,2026-07-15,15세이상관람가,"SF,스릴러,액션",나홍진,메가박스중앙(주) 플러스엠 엔터테인먼트,,2403,2424,2383707,1503969,2383707,2401065,1.01,63.1,,,,,,333893,274442,594781,512181,397007,143062,128341,0,0,0,0,0,0,0,0
18,승부,2025-03-26,12세이상관람가,드라마,김형주,(주)바이포엠스튜디오,,1638,1773,822790,544251,1426468,2146672,2.61,66.1,,,,,확정,91471,60940,92327,234094,217830,68400,57728,50781,46936,68484,208378,150716,41630,36753,36183
19,휴민트,2026-02-11,15세이상관람가,"액션,드라마",류승완,(주)넥스트엔터테인먼트월드(NEW),,1520,1520,1084970,490989,1622860,1982506,1.83,45.3,,,,,확정,116740,81183,91891,194546,204552,182655,213403,184951,54834,51305,100054,88007,32115,26624,37892
20,하이파이브,2025-05-30,15세이상관람가,"코미디,액션",강형철,(주)넥스트엔터테인먼트월드(NEW),,1091,1343,734614,380322,1259840,1893717,2.58,51.8,,,,,확정,70034,151784,158504,75609,173104,44520,61059,156346,134428,110181,31807,28451,31835,32178,44173
21,핸섬가이즈,2024-06-26,15세이상관람가,코미디,남동협,(주)넥스트엔터테인먼트월드(NEW),,935,1065,549169,329125,1018985,1777258,3.24,59.9,,,,,확정,66952,42686,57145,126946,145034,55451,54955,45668,40882,61633,135248,117137,34920,34328,36931
22,하이재킹,2024-06-21,12세이상관람가,"범죄,액션",김성한,"소니픽쳐스엔터테인먼트코리아주식회사극장배급지점,(주)키다리스튜디오",,1155,1155,744735,482357,1231852,1774402,2.38,64.8,,,,,확정,99928,198044,184385,68771,66040,78771,48796,64808,134504,132656,46635,43330,34847,30337,44027
23,시민덕희,2024-01-24,15세이상관람가,드라마,박영주,(주)쇼박스,,1136,1281,567659,363364,957636,1717667,3.03,64.0,,,,,확정,61242,50242,66955,153661,142748,46761,46050,64682,38132,40652,97162,92539,31503,25307,15046
24,노이즈,2025-06-25,15세이상관람가,"공포(호러),스릴러",김수진,(주)바이포엠스튜디오,,688,1001,265132,147849,774502,1707629,6.44,55.8,,,,,확정,28162,24409,31074,58539,58236,30389,34323,37693,42243,78305,122932,125023,50668,52506,50455
25,검은 수녀들,2025-01-24,15세이상관람가,"미스터리,드라마",권혁재,(주)넥스트엔터테인먼트월드(NEW),,1662,1662,1168831,588488,1499121,1670560,1.43,50.3,,,,,확정,163727,217527,207234,162437,130861,143097,143948,81309,96041,66545,27623,24747,18675,15350,17415
26,신의악단,2025-12-31,15세이상관람가,드라마,김형협,씨제이 씨지브이(CJ CGV)(주),,496,907,138942,60760,288180,1453742,10.46,43.7,,,,,확정,20222,29755,15711,23232,21817,13325,14880,11929,15293,16892,34696,38268,16112,16048,12554
27,눈동자,2026-06-24,15세이상관람가,스릴러,염지호,"(주)바이포엠스튜디오,이화배컴퍼니(주)",,789,1177,379564,232945,927327,1453694,3.83,61.4,,,,,,34938,33866,48996,95028,88921,38498,39317,49098,50720,91438,141259,127134,43650,44464,50512
28,외계+인 2부,2024-01-10,12세이상관람가,기타,최동훈,(주)씨제이이엔엠,,1268,1390,724683,480574,1139872,1430121,1.97,66.3,,,,,확정,94495,64993,84840,206416,189318,43510,41111,41458,40751,51234,114994,111568,28763,26421,18917
29,와일드 씽,2026-06-03,12세이상관람가,코미디,손재곤,롯데컬처웍스(주)롯데엔터테인먼트,,1351,1351,584372,321171,897052,1341801,2.3,55.0,,,,,확정,160756,40464,60413,149033,111725,31702,30279,32253,26678,36326,92187,76586,23666,24984,25267
30,킹 오브 킹스,2025-07-16,전체관람가,애니메이션,장성호,(주)디스테이션,,850,1191,430753,303373,790951,1318843,3.06,70.4,,,,,확정,37732,34034,40476,134857,128040,27646,27968,22317,24062,31214,99405,109051,36397,37752,40873
31,사랑의 하츄핑,2024-08-07,전체관람가,애니메이션,김수훈,(주)쇼박스,,1065,1159,391065,264042,637046,1243645,3.18,67.5,,,,,확정,57473,35186,33470,121522,109050,17737,16627,12606,92529,15704,54578,55087,7651,7826,5457
32,그녀가 죽었다,2024-05-15,15세이상관람가,"미스터리,스릴러",김세휘,"(주)콘텐츠지오,(주)아티스트스튜디오,(주)무빙픽쳐스컴퍼니",,898,1008,451917,241735,754419,1237103,2.74,53.5,,,,,확정,106881,37054,49549,98654,93532,33577,32670,26395,25342,37991,83437,80789,25484,23064,28156
33,건국전쟁,2024-02-01,12세이상관람가,다큐멘터리,김덕영,다큐스토리,Y,167,956,74601,28489,432539,1174140,15.74,38.2,,,,,확정,5411,5434,10689,12366,11687,16093,12921,17157,36067,50441,61453,88464,52207,52149,51116
34,얼굴,2025-09-11,15세이상관람가,미스터리,연상호,메가박스중앙(주) 플러스엠 엔터테인먼트,,940,1114,433246,281914,802232,1076611,2.48,65.1,,,,,확정,35018,53287,120353,108274,39495,37127,39692,34348,51140,113135,90696,29018,25433,25216,14855
35,전지적 독자 시점,2025-07-23,15세이상관람가,"판타지,액션",김병우,롯데컬처웍스(주)롯데엔터테인먼트,,1581,1581,737414,427287,996634,1061261,1.44,57.9,,,,,확정,122476,73102,80688,185014,161585,59669,54880,83986,31110,34672,46726,35027,14196,13503,7421
36,히든페이스,2024-11-20,청소년관람불가,스릴러,김대우,(주)넥스트엔터테인먼트월드(NEW),,834,1072,424509,253548,769980,1014864,2.39,59.7,,,,,확정,48075,41524,57320,103285,92943,40003,41359,45483,35130,48809,88125,72154,27993,27777,18460
37,댓글부대,2024-03-27,15세이상관람가,"범죄,드라마",안국진,(주)에이스메이커무비웍스,,1217,1228,607408,346506,827694,973035,1.6,57.0,,,,,확정,127677,62825,78083,145404,123019,39333,31067,29061,21705,34498,56547,46465,14279,17731,32713
38,대도시의 사랑법,2024-10-01,15세이상관람가,드라마,이언희,메가박스중앙(주) 플러스엠 엔터테인먼트,,850,1101,275006,120639,511121,879244,3.2,43.9,,,,,확정,52696,29396,52404,29417,46086,45136,19871,25032,53208,19075,27520,48734,44680,17866,16496
39,말할 수 없는 비밀,2025-01-27,전체관람가,"판타지,멜로/로맨스",서유민,메가박스중앙(주) 플러스엠 엔터테인먼트,,864,986,350375,160861,572192,824156,2.35,45.9,,,,,확정,50389,41682,40645,56798,43494,63000,54367,20026,21192,22311,20051,24167,60091,53979,17689
40,신명,2025-06-02,15세이상관람가,"드라마,미스터리",김남균,"(주)열공영화제작소,(주)스마일이엔티,주식회사 블루필름웍스",,536,785,378641,183422,573104,788239,2.08,48.4,,,,,확정,60139,85507,22226,27347,58810,65019,59593,20397,18694,18697,17543,23003,50013,46116,15665
41,거룩한 밤: 데몬 헌터스,2025-04-30,15세이상관람가,액션,임대희,롯데컬처웍스(주)롯데엔터테인먼트,,932,1097,637864,250667,741724,777649,1.22,39.3,,,,,확정,117030,127358,70093,93324,87250,85676,57133,13207,10743,15475,29831,22214,6449,5941,5324
42,퍼스트 라이드,2025-10-29,12세이상관람가,"코미디,드라마",남대중,(주)쇼박스,,1227,1227,396754,230776,582425,742535,1.87,58.2,,,,,확정,82690,34118,48470,96313,85993,25178,23992,22418,17487,25884,52135,42315,12074,13358,12949
43,행복의 나라,2024-08-14,12세이상관람가,드라마,추창민,(주)넥스트엔터테인먼트월드(NEW),,1096,1096,482950,222583,627518,710620,1.47,46.1,,,,,확정,78391,134057,59364,88615,74604,24587,23332,16971,17287,18916,33989,31865,12906,12634,13691
44,탈출: 프로젝트 사일런스,2024-07-12,15세이상관람가,스릴러,김태곤,(주)씨제이이엔엠,,1078,1078,472511,349707,643792,689603,1.46,74.0,,,,,확정,100184,135934,113589,34571,32549,29246,26438,32915,45463,42900,19022,18281,6735,5965,6084
45,보통의 가족,2024-10-16,15세이상관람가,드라마,허진호,"(주)하이브미디어코프,(주)마인드마크",,1277,1277,333817,206898,509075,650367,1.95,62.0,,,,,확정,42429,30191,46599,86867,73432,24513,29786,20635,17785,23555,42240,40403,14866,15774,15612
46,원더랜드,2024-06-05,12세이상관람가,드라마,김태용,(주)에이스메이커무비웍스,,1165,1165,499749,237784,589072,626078,1.25,47.6,,,,,확정,82871,136228,66835,97981,72968,22651,20215,12609,12360,12872,20838,17604,6729,6311,5439
47,아마존 활명수,2024-10-30,12세이상관람가,코미디,김창주,(주)바른손이앤에이,,1479,1479,397884,212449,527326,606955,1.53,53.4,,,,,확정,88302,49349,50834,90599,71016,23885,23899,16793,14476,19560,31380,28178,9176,9879,6829
48,파과,2025-04-30,15세이상관람가,"액션,드라마,미스터리",민규동,(주)넥스트엔터테인먼트월드(NEW),,641,886,255504,101225,410216,550917,2.16,39.6,,,,,확정,33388,40055,27564,36394,37267,41663,39173,12216,14047,21802,43769,37649,12447,12782,12942
49,윗집 사람들,2025-12-03,청소년관람불가,"드라마,코미디",하정우,(주)바이포엠스튜디오,,752,768,217524,129463,436735,549378,2.53,59.5,,,,,확정,25425,21533,28539,50178,50746,20548,20555,20869,21230,28952,57753,53649,19175,17583,9154
50,설계자,2024-05-29,15세이상관람가,"범죄,드라마",이요섭,(주)넥스트엔터테인먼트월드(NEW),,1345,1345,409882,200995,512671,525369,1.28,49.0,,,,,확정,124067,45267,54233,83261,63501,18022,21531,16224,21828,12435,21550,18196,7090,5466,2033
51,빅토리,2024-08-14,12세이상관람가,드라마,박범수,(주)마인드마크,,776,789,205239,90344,297185,508840,2.48,44.0,,,,,확정,36258,51858,22458,37078,30808,11915,14864,8550,8564,10636,23340,20421,10165,10270,10061
52,퇴마록,2025-02-21,12세이상관람가,"애니메이션,액션,미스터리",김동철,(주)쇼박스,Y,773,935,180597,108090,318417,502849,2.78,59.9,,,,,확정,26501,43069,38520,15545,14376,24124,18462,15060,33721,36529,28112,7991,8905,7502,13012
53,악마가 이사왔다,2025-08-13,12세이상관람가,"미스터리,코미디",이상근,(주)씨제이이엔엠,,974,974,295845,177666,385413,437768,1.48,60.1,,,,,확정,48534,39110,73914,57897,45855,15199,15336,17549,15634,8380,19304,17146,5390,6165,7109
54,뽀로로 극장판 바닷속 대모험,2025-01-01,전체관람가,애니메이션,윤제완,씨제이 씨지브이(CJ CGV)(주),,731,791,174987,83705,252308,431141,2.46,47.8,,,,,확정,58882,17857,17142,34876,31687,7298,7245,6424,6501,7065,24741,24340,3190,5060,4247
55,보고타: 마지막 기회의 땅,2024-12-31,15세이상관람가,"범죄,드라마",김성제,메가박스중앙(주) 플러스엠 엔터테인먼트,,1029,1029,332963,103154,398036,422366,1.27,31.0,,,,,확정,97289,93154,25303,21203,45091,36860,14063,11178,8410,6104,7035,14127,12818,5401,3884
56,짱구,2026-04-22,15세이상관람가,드라마,"정우,오성호",(주)바이포엠스튜디오,,693,878,190037,111366,328079,411178,2.16,58.6,,,,,확정,26848,20639,24822,44479,42065,15630,15554,13237,16278,24579,24202,25123,15623,19000,7081
57,늘봄가든,2024-08-21,15세이상관람가,"공포(호러),스릴러",구태진,"(주)바이포엠스튜디오,(주)제이앤씨미디어그룹",,638,875,236825,149462,338998,380376,1.61,63.1,,,,,확정,33542,20386,31223,65417,52822,17613,15822,14259,11391,11001,29499,25891,5307,4825,3705
58,소풍,2024-02-07,12세이상관람가,드라마,김용균,롯데컬처웍스(주)롯데엔터테인먼트,Y,670,729,185251,98059,264862,370626,2.0,52.9,,,,,확정,21508,14589,22306,36217,39536,38180,12915,10022,9917,9974,16329,15091,8598,9680,8960
59,도그데이즈,2024-02-07,12세이상관람가,드라마,김덕민,(주)씨제이이엔엠,,847,847,256372,152855,330579,368423,1.44,59.6,,,,,확정,20706,22095,39191,55358,58306,47603,13113,9390,8514,9337,18328,15752,6425,6461,5228
60,살인자 리포트,2025-09-05,청소년관람불가,"드라마,스릴러",조영준,"소니픽쳐스엔터테인먼트코리아주식회사극장배급지점,주식회사 에이투지엔터테인먼트",,749,841,224424,149954,323803,366298,1.63,66.8,,,,,확정,36081,60626,53247,20685,21398,18792,13595,17090,29868,23411,8974,6828,6569,6639,8202
61,대가족,2024-12-11,12세이상관람가,"드라마,코미디",양우석,롯데컬처웍스(주)롯데엔터테인먼트,,939,939,195479,100953,271412,359820,1.84,51.6,,,,,확정,35078,23603,23909,38808,38236,17286,18559,17918,10711,10555,12215,12896,8973,2665,2617
62,임영웅│아임 히어로 더 스타디움,2024-08-28,전체관람가,"공연,다큐멘터리","조우영,정현철","씨지브이 아이스콘,씨제이포디플렉스 주식회사",,224,224,184483,87405,241400,357858,1.94,47.4,,,,,확정,49718,23837,20870,38955,27580,11488,12035,11163,7812,6631,14869,8787,3631,4024,5417
63,"신비아파트 10주년 극장판: 한 번 더, 소환",2026-01-14,전체관람가,애니메이션,최우석,(주)씨제이이엔엠,,597,868,166398,114264,245090,340487,2.05,68.7,,,,,확정,23430,14546,13466,52370,48428,7198,6960,5290,5841,6179,25729,27907,3685,4061,3345
64,1승,2024-12-04,12세이상관람가,드라마,신연식,"(주)콘텐츠지오,(주)키다리스튜디오,㈜아티스트컴퍼니",,995,995,204183,99439,282226,324199,1.59,48.7,,,,,확정,46362,29099,27637,37915,33887,12337,16946,7853,10041,26173,8300,8443,7652,9581,6078
65,소주전쟁,2025-05-30,15세이상관람가,드라마,,(주)쇼박스,,1029,1040,214089,131623,261976,283787,1.33,61.5,,,,,확정,46590,48623,36410,21136,31328,14123,15879,14089,12734,9600,2800,3587,2487,2590,1912
66,브레드이발소: 베이커리타운의 악당들,2025-09-27,전체관람가,애니메이션,정지환,씨제이 씨지브이(CJ CGV)(주),,368,387,98696,58781,213635,282482,2.86,59.6,,,,,확정,26349,32432,1393,1889,2046,2261,32326,22083,14834,13699,20203,17425,16612,10083,11224
67,넘버원,2026-02-11,12세이상관람가,드라마,김태용,(주)바이포엠스튜디오,,647,652,141455,65902,229690,280937,1.99,46.6,,,,,확정,17231,13932,13978,25550,26374,22493,21897,26301,10762,9033,15757,16015,5276,5091,4103
68,브레드이발소: 빵스타의 탄생,2024-09-14,전체관람가,애니메이션,정지환,씨제이 씨지브이(CJ CGV)(주),,400,427,128973,52783,174302,267443,2.07,40.9,,,,,확정,27048,25735,20647,19230,32232,1736,2345,20305,18205,1280,867,1331,1125,2216,8828
69,뽀로로 극장판 스위트캐슬 대모험,2025-12-11,전체관람가,애니메이션,천유림,"롯데컬처웍스(주)롯데엔터테인먼트,롯데컬처웍스(주)롯데시네마",,439,660,90871,74429,147196,266004,2.93,81.9,,,,,확정,6510,5870,32811,35748,2996,3633,3303,3034,3366,19257,19227,2780,4109,4552,28011
70,"안녕, 할부지",2024-09-04,전체관람가,"다큐멘터리,애니메이션","심형준,토마스 고",(주)바른손이앤에이,,1021,1021,159616,88792,211703,264280,1.66,55.6,,,,,확정,39555,16698,17685,39947,31160,7255,7316,7421,7512,4392,7804,8460,8225,8273,6830
71,로비,2025-04-02,15세이상관람가,"드라마,코미디",하정우,(주)쇼박스,,1013,1013,182915,101550,247674,262377,1.43,55.5,,,,,확정,37163,22023,21900,46948,32702,10277,11902,7320,6787,8085,17805,15665,5018,4079,1220
72,란 12.3,2026-04-22,12세이상관람가,다큐멘터리,이명세,(주)넥스트엔터테인먼트월드(NEW),Y,842,842,147897,78339,213763,251568,1.7,53.0,,,,,확정,37037,17231,17228,32762,28349,7279,8011,6002,7005,13643,11115,12395,6817,8889,2227
73,리볼버,2024-08-07,15세이상관람가,범죄,오승욱,메가박스중앙(주) 플러스엠 엔터테인먼트,,861,861,219528,106222,242262,249440,1.14,48.4,,,,,확정,56016,27490,26097,44163,35962,14477,15323,3686,5247,2051,4612,4546,1598,994,150
74,하트맨,2026-01-14,12세이상관람가,코미디,최원섭,롯데컬처웍스(주)롯데엔터테인먼트,,839,839,175561,107194,228657,248014,1.41,61.1,,,,,확정,26685,17810,22013,46295,38886,11729,12143,6346,6195,6409,14353,12955,3270,3568,2065
75,데드맨,2024-02-07,15세이상관람가,범죄,하준원,메가박스중앙(주) 플러스엠 엔터테인먼트,,729,800,204471,117092,232527,238235,1.17,57.3,,,,,확정,28097,25867,36012,42580,38500,24807,8608,6009,3910,3546,5033,4730,2718,2110,1258
76,베베핀 극장판: 사라진 베베핀과 핑크퐁 대모험,2025-07-24,전체관람가,애니메이션,변희선,(주)넥스트엔터테인먼트월드(NEW),Y,423,577,100583,54546,163521,229234,2.28,54.2,,,,,확정,7890,6935,22880,24731,13355,12614,12178,10157,9674,13909,14768,5617,5250,3563,2970
77,연의 편지,2025-10-01,12세이상관람가,애니메이션,김용환,롯데컬처웍스(주)롯데엔터테인먼트,Y,595,597,112307,51752,177180,227291,2.02,46.1,,,,,확정,16340,14376,21227,17519,13006,11667,18172,14244,14062,9324,11363,10680,2481,2719,2745
78,내 이름은,2026-04-15,15세이상관람가,드라마,정지영,"씨제이 씨지브이(CJ CGV)(주),와이드 릴리즈(주)",Y,667,694,110331,60951,162437,221254,2.01,55.2,,,,,확정,17069,13799,16192,23796,20963,8714,9798,8333,7089,6550,10368,10615,4074,5077,5752
79,"2024.12.03 그날 조작된 내란, 감춰진 진실",2026-02-04,12세이상관람가,다큐멘터리,,루디아코프,,145,419,138998,80612,186327,214463,1.54,58.0,,,,,확정,16132,20036,21207,30812,28593,11513,10705,6863,6751,5467,6702,6781,7568,7197,8450
80,세계의 주인,2025-10-22,12세이상관람가,드라마,윤가은,(주)바른손이앤에이,Y,358,358,37963,21876,70893,207082,5.45,57.6,,,,,확정,4241,2912,5459,8143,8274,3990,4944,5129,3114,4020,7102,6604,3454,3507,2485
81,브레드이발소: 셀럽 인 베이커리타운,2024-03-01,전체관람가,애니메이션,정지환,롯데컬처웍스(주)롯데엔터테인먼트,,325,342,90901,86081,130241,202366,2.23,94.7,,,,,확정,35365,26340,24376,2433,930,857,600,1044,18142,18411,532,498,374,339,630
82,사흘,2024-11-14,15세이상관람가,"공포(호러),미스터리",현문섭,(주)쇼박스,,836,836,175989,102880,196963,200490,1.14,58.5,,,,,확정,45957,31032,39956,31892,11214,9927,6011,3194,4079,5552,4331,1454,1783,581,252
83,브로큰,2025-02-05,15세이상관람가,"범죄,드라마",김진황,(주)바른손이앤에이,,805,818,177649,94265,192800,197949,1.11,53.1,,,,,확정,42561,22618,22775,39416,32074,9355,8850,3081,2598,2155,2587,2377,1312,1041,431
84,동화지만 청불입니다,2025-01-08,청소년관람불가,코미디,이종석,"(주)미디어캔,(주)영화특별시에스엠씨",,645,668,115841,65566,162723,168667,1.46,56.6,,,,,확정,20410,14350,15535,27675,22356,7037,8478,6328,6341,5934,12074,9657,4150,2398,631
85,정보원,2025-12-03,15세이상관람가,"코미디,범죄",김석,(주)영화특별시에스엠씨,,766,766,108943,53736,144570,168603,1.55,49.3,,,,,확정,20726,17561,17237,19780,16719,7046,9874,7480,6659,5800,4052,4146,3333,4157,2448
86,이상한 과자 가게 전천당,2026-05-29,전체관람가,"판타지,드라마",박봉섭,메가박스중앙(주) 플러스엠 엔터테인먼트,,485,537,95761,58474,138366,163887,1.71,61.1,,,,,확정,6683,24240,27551,2039,3005,30346,1897,1696,19011,18402,813,1107,866,710,790
87,프로젝트 Y,2026-01-21,15세이상관람가,"범죄,드라마",이환,메가박스중앙(주) 플러스엠 엔터테인먼트,,781,800,114312,60896,136990,140808,1.23,53.3,,,,,확정,24398,14435,14716,24718,21462,7220,7363,4995,3195,2680,4793,3912,1578,1525,300
88,필사의 추격,2024-08-21,15세이상관람가,"코미디,액션",김재훈,TCO(주)더콘텐츠온,,623,634,92465,44997,114255,121335,1.31,48.7,,,,,확정,20564,13574,13573,16477,14947,6410,6920,4397,3470,2705,4777,3657,1253,1531,680
89,괜찮아 괜찮아 괜찮아!,2025-02-26,12세이상관람가,"가족,코미디,드라마",김혜영,(주)바이포엠스튜디오,Y,581,588,68076,29778,101666,118610,1.74,43.7,,,,,확정,13737,9442,7269,11027,11482,10794,4325,2778,3737,4220,10993,7394,2354,2114,834
90,길위에 김대중,2024-01-10,12세이상관람가,다큐멘터리,민환기,"(주)아이오케이이엔엠,(주)명필름,(주)시네마6411",Y,404,414,48878,25831,82148,115406,2.36,52.8,,,,,확정,10915,5453,5432,10173,10226,3141,3538,3641,3431,3399,7949,8649,3185,3016,1400
91,괴기열차,2025-07-09,15세이상관람가,공포(호러),탁세웅,(주)넥스트엔터테인먼트월드(NEW),,573,578,75453,44511,96367,105990,1.4,59.0,,,,,확정,12919,10012,11500,17592,15419,3727,4284,2071,1625,3611,5283,3986,2231,2107,490
92,스트리밍,2025-03-21,청소년관람불가,스릴러,조장호,롯데컬처웍스(주)롯데엔터테인먼트,,819,819,94101,76573,101794,104505,1.11,81.4,,,,,확정,31524,26771,18278,6763,5587,2929,2249,1654,2274,2109,761,665,119,111,106
93,귀신 부르는 앱: 영,2026-02-18,15세이상관람가,"공포(호러),스릴러",,(주)삼백상회,,176,190,68847,32345,91228,101537,1.47,47.0,,,,,확정,18263,9175,8195,12759,11391,4474,4590,3747,3460,2795,4296,3921,3325,837,423
94,홈캠,2025-09-10,15세이상관람가,공포(호러),오세호,주식회사 로아앤코홀딩스,Y,260,280,70240,40047,90355,100007,1.42,57.0,,,,,확정,13306,7320,8972,17274,13801,4174,5393,2328,1859,2858,5254,5030,1205,1581,666
95,프랑켄슈타인 : 더 뮤지컬 라이브,2025-09-18,15세이상관람가,공연,박재석,"(주)위즈온센,메가박스중앙(주)",,19,176,37205,26214,52859,93574,2.52,70.5,,,,,확정,4789,8309,10658,7247,2663,2585,954,2223,2400,4015,3181,1337,1491,1007,1381
96,삼악도,2026-03-11,15세이상관람가,"미스터리,공포(호러)",채기준,TCO(주)더콘텐츠온,,225,235,64868,38158,83826,93325,1.44,58.8,,,,,확정,11184,7228,8864,15934,13360,3743,4555,2485,2543,3011,4403,4432,1076,1008,886
97,끝장수사,2026-04-02,15세이상관람가,"범죄,액션",박철환,(주)에이스메이커무비웍스,,648,689,72247,41696,85170,91408,1.27,57.7,,,,,확정,13957,11763,16587,13346,7164,5932,3498,2734,2544,2655,2172,1070,1107,641,621
98,더러운 돈에 손대지 마라,2024-10-17,15세이상관람가,"범죄,드라마",김민수,(주)에이스메이커무비웍스,,796,796,76833,46817,85475,88486,1.15,60.9,,,,,확정,15711,15834,16687,14296,5017,6362,2926,1195,1880,1478,1565,887,1055,582,138
99,침범,2025-03-12,15세이상관람가,"미스터리,스릴러","김여정,이정찬",주식회사 로아앤코홀딩스,Y,527,540,61702,33486,77672,87371,1.42,54.3,,,,,확정,10513,7213,7738,13821,11927,4230,6260,2135,2732,1989,3393,3032,1191,1498,430
100,퍼스트레이디,2024-12-12,12세이상관람가,다큐멘터리,,"영화사키노(주),주식회사 블루필름웍스",Y,54,144,44116,26097,70369,85070,1.93,59.2,,,,,확정,4822,5934,7623,12540,5138,4367,3692,3665,4043,6154,5943,3028,1411,2009,1629
101,건국전쟁2,2025-09-10,12세이상관람가,다큐멘터리,김덕영,다큐스토리프로덕션,Y,379,379,25657,14147,43164,82464,3.21,55.1,,,,,확정,3405,2548,2610,5495,6042,2902,2655,1643,2039,1956,3802,3368,2006,2693,799
102,유미의 세포들 더 무비,2024-04-03,전체관람가,애니메이션,,"씨제이 씨지브이(CJ CGV)(주),롯데컬처웍스(주)롯데시네마",,402,441,50205,28750,65798,76596,1.53,57.3,,,,,확정,11557,5048,7655,12473,8622,1707,3143,6595,1576,1601,2438,2234,527,622,453
103,아이유 콘서트 : 더 위닝,2025-01-24,전체관람가,공연,"이예지,오윤동","씨지브이 아이스콘,씨제이포디플렉스 주식회사",,99,118,43774,28061,60070,75872,1.73,64.1,,,,,확정,12500,8182,7379,3553,2438,5359,4363,2631,3156,5372,1270,1415,1780,672,3190
104,바이러스,2025-05-07,12세이상관람가,드라마,강이관,(주)바이포엠스튜디오,,555,663,58692,31365,66712,74307,1.27,53.4,,,,,확정,11453,6585,9028,12024,10313,4296,4993,2308,2094,1917,551,458,315,377,348
105,힘내라 대한민국,2025-02-27,12세이상관람가,다큐멘터리,,주식회사 킨스튜디오,,93,173,41533,18124,63926,73093,1.76,43.6,,,,,확정,4099,4676,5047,8401,10781,4614,3915,4549,3121,4293,4966,2256,2096,1112,1568
106,강령: 귀신놀이,2025-08-06,15세이상관람가,"공포(호러),미스터리,스릴러",손동완,(주)스튜디오디에이치엘,Y,201,224,49197,26153,67935,72305,1.47,53.2,,,,,확정,9159,6134,6369,9922,9862,3808,3943,2054,2580,4783,3925,3946,774,676,504
107,세븐틴 투어 ‘팔로우’ 어게인 투 시네마,2024-08-14,전체관람가,공연,오윤동,씨제이포디플렉스 주식회사,,102,107,45851,17883,63896,71448,1.56,39.0,,,,,확정,14592,11327,4752,8083,5048,1176,873,6264,2552,1783,3495,2665,556,730,671
108,나쁜계집애: 달려라 하니,2025-10-07,전체관람가,애니메이션,허정수,(주)넥스트엔터테인먼트월드(NEW),,487,487,49341,14910,61354,71255,1.44,30.2,,,,,확정,14612,9826,8380,4802,5308,4800,1613,1002,3019,1190,1305,2648,2181,668,274
109,무명 無名,2025-06-25,12세이상관람가,다큐멘터리,유진주,커넥트픽쳐스(주),Y,161,184,30222,18019,45079,70632,2.34,59.6,,,,,확정,3813,4239,6878,6367,4774,2136,2015,1633,2021,2210,2423,3322,1562,1686,1192
110,시스터,2026-01-28,15세이상관람가,스릴러,진성문,"주식회사 로아앤코홀딩스,씨지브이 픽처스",,650,650,56199,26863,67610,70293,1.25,47.8,,,,,확정,11182,5535,5735,11488,9640,4976,7643,1159,1566,1557,2357,1837,1639,1296,95
111,귀시,2025-09-17,15세이상관람가,공포(호러),홍원기,"(주)바이포엠스튜디오,(주)제리굿컴퍼니",,618,621,62214,35713,66565,68623,1.1,57.4,,,,,확정,9968,8178,9376,14469,11868,4120,4235,718,475,834,932,747,238,407,120
112,압수수색: 내란의 시작,2025-04-23,12세이상관람가,다큐멘터리,김용진,영화로운 형제,Y,234,278,48496,30339,58629,64680,1.33,62.6,,,,,확정,5455,4490,6988,11246,12105,4171,4041,1853,2318,1259,1395,1301,920,1087,374
113,시크릿쥬쥬 마법의 하모니,2025-05-01,전체관람가,애니메이션,조경호,(주)씨제이이엔엠,,543,575,50937,17188,59051,64611,1.27,33.7,,,,,확정,12059,2799,8248,6141,10990,10486,214,217,315,3571,3607,102,172,130,211
114,고고다이노 극장판: 게코도마뱀의 꿈,2025-07-30,전체관람가,애니메이션,이원재,(주)모꼬지,,165,209,36981,20032,49320,63611,1.72,54.2,,,,,확정,5790,5639,5755,7138,7139,3031,2489,1738,1223,945,3703,3922,398,410,465
115,메소드연기,2026-03-18,12세이상관람가,"드라마,코미디",이기혁,(주)바이포엠스튜디오,,519,519,46299,24875,56396,62938,1.36,53.7,,,,,확정,8268,6991,6511,9772,8592,2773,3392,2057,1339,1893,1628,1342,894,944,296
116,한국이 싫어서,2024-08-28,12세이상관람가,드라마,장건재,(주)디스테이션,Y,588,588,43036,19447,55137,62044,1.44,45.2,,,,,확정,11800,6216,6087,8334,5026,2413,3160,1493,1881,1823,2553,1964,1287,1100,372
117,독립군: 끝나지 않은 전쟁,2025-08-13,전체관람가,다큐멘터리,문승욱,주식회사 블루필름웍스,Y,158,177,21185,11813,33998,60254,2.84,55.8,,,,,확정,3035,1544,4414,2793,4606,2317,2476,1653,1440,2018,2649,2640,1243,1170,2431
118,꼬마마법사 주니토니,2025-07-26,전체관람가,애니메이션,서동해,"씨제이 씨지브이(CJ CGV)(주),와이드 릴리즈(주)",,170,170,27308,11403,39959,58709,2.15,41.8,,,,,확정,5949,5454,3625,3592,2892,2908,2888,3487,3790,1375,1176,1138,948,737,2284
119,귀신경찰,2025-01-24,12세이상관람가,코미디,김영준,"(주)제이앤씨미디어그룹,와이드 릴리즈(주)",,378,378,39743,19325,48289,58661,1.48,48.6,,,,,확정,6049,6795,6481,4006,4327,5439,6646,1489,1860,1728,723,800,878,1068,1699
120,부흥,2026-01-01,전체관람가,다큐멘터리,윤학렬,"주식회사 해밀리미디어더하세,주식회사 블루필름웍스",Y,16,23,8184,3432,13417,58038,7.09,41.9,,,,,확정,1475,878,1468,1086,908,1104,1265,692,521,1119,1286,794,421,400,923
121,나혼자 프린스,2025-11-19,12세이상관람가,"코미디,멜로/로맨스",김성훈,"씨제이 씨지브이(CJ CGV)(주),(주)제리굿컴퍼니",,535,536,42387,23523,53079,56198,1.33,55.5,,,,,확정,6090,5126,6816,8982,7725,3283,4365,2397,2070,1418,1646,1585,841,735,195
122,이찬원 콘서트 찬가: 디어 마이 찬스,2025-02-26,전체관람가,공연,"오정민,반연진",씨지브이 아이스콘,,82,82,33787,14963,43704,51570,1.53,44.3,,,,,확정,12708,2597,4349,4051,6563,2503,1016,1343,811,540,3559,2881,351,432,920
123,6시간 후 너는 죽는다,2024-10-16,15세이상관람가,스릴러,이윤석,(주)트리플픽쳐스,Y,252,252,26788,9752,34619,50572,1.89,36.4,,,,,확정,11612,1791,2669,3924,3159,1552,2081,1616,1013,1095,1424,1660,557,466,272
124,매드 댄스 오피스,2026-03-04,전체관람가,"드라마,코미디",조현진,(주)디스테이션,Y,484,484,30365,14784,42499,50452,1.66,48.7,,,,,확정,5420,3839,3915,5971,4898,2025,4297,2088,2220,2012,1905,1790,1220,899,440
125,임영웅 [아임 히어로 2] 청음회,2025-08-28,전체관람가,기타,,씨지브이 아이스콘,,57,57,50068,0,50068,50068,1.0,0.0,,,,,확정,50068,0,0,0,0,0,0,0,0,0,0,0,0,0,0
126,엘리자벳: 더 뮤지컬 라이브,2024-10-16,12세이상관람가,"공연,뮤지컬",박재석,"(주)위즈온센,메가박스중앙(주)",,18,129,20990,12381,31522,49275,2.35,59.0,,,,,확정,2659,3573,2903,5017,4461,1175,1202,1101,1002,1432,2736,2808,743,710,921
127,신사: 악귀의 속삭임,2026-06-17,15세이상관람가,"공포(호러),미스터리",구마키리 가즈요시,주식회사 로아앤코홀딩스,Y,207,224,36230,20308,44570,47141,1.3,56.1,,,,,확정,7145,4213,3734,9601,6973,2332,2232,878,811,1032,2570,2438,353,258,125
128,식스데이즈,2025-08-13,전체관람가,"드라마,다큐멘터리",황재석,"씨지브이 아이스콘,씨제이포디플렉스 주식회사",,110,117,34652,13221,42609,46901,1.35,38.2,,,,,확정,15344,4773,5415,5258,2548,745,569,1903,948,1207,1814,1504,309,272,109
129,4분 44초,2024-11-01,12세이상관람가,공포(호러),박종균,롯데컬처웍스(주)롯데엔터테인먼트,,185,213,32502,26263,44234,46761,1.44,80.8,,,,,확정,6562,9630,10071,2352,1840,1174,873,1139,3559,3539,532,505,1440,1018,500
130,사람과 고기,2025-10-07,12세이상관람가,드라마,양종현,(주)트리플픽쳐스,Y,57,91,9581,4948,13893,44898,4.69,51.6,,,,,확정,1092,1247,1113,656,2306,1986,1181,839,408,527,557,818,774,389,601
131,1980,2024-03-27,12세이상관람가,드라마,강승용,"(주)제이앤씨미디어그룹,와이드 릴리즈(주)",,521,521,35757,19956,40737,44067,1.23,55.8,,,,,확정,6618,4591,4054,9456,6446,2302,2290,1023,428,763,862,830,430,644,49
132,백수아파트,2025-02-26,12세이상관람가,"미스터리,드라마,코미디",이루다,메가박스중앙(주) 플러스엠 엔터테인먼트,,456,456,33217,14914,38832,43369,1.31,44.9,,,,,확정,6130,4940,2832,5921,6161,5648,1585,728,532,578,1343,1160,772,502,222
133,헬로카봇 올스타 스페셜,2024-07-31,전체관람가,애니메이션,"이슬기,김동준",와이드 릴리즈(주),,221,222,34100,16581,40767,42965,1.26,48.6,,,,,확정,7756,5611,4749,6076,5756,2407,1745,854,611,533,1965,2031,327,346,190
134,고고다이노 극장판: 곤충세계 대모험,2026-01-14,전체관람가,애니메이션,이선명,"(주)모꼬지,롯데컬처웍스(주)롯데시네마",,133,255,19230,16057,31855,42464,2.21,83.5,,,,,확정,1062,960,1507,6976,7574,468,683,612,507,554,4935,5204,323,490,230
135,데드라인,2024-11-06,12세이상관람가,드라마,권봉근,(주)영화특별시에스엠씨,,184,192,26295,13624,36453,42208,1.61,51.8,,,,,확정,5755,4167,5858,4152,3614,1424,1325,914,1397,1727,2278,2035,904,903,233
136,2023 영탁 단독 콘서트 : 탁쇼2,2024-07-18,전체관람가,공연,,씨제이 씨지브이(CJ CGV)(주),,86,91,22231,10638,31289,42033,1.89,47.9,,,,,확정,8679,3993,3368,3277,1101,1001,812,765,2611,2187,1852,715,721,207,1039
137,정국: 아이 엠 스틸,2024-09-18,전체관람가,공연,박준수,씨지브이 아이스콘,,94,97,23438,7065,39193,41965,1.79,30.1,,,,,확정,11867,2997,2406,2728,1931,818,691,5034,1708,964,3486,3700,508,355,1323
138,지오디 마스터피스 더 무비,2024-01-10,전체관람가,공연,손석,씨제이 씨지브이(CJ CGV)(주),,67,75,14604,6922,23664,41021,2.81,47.4,,,,,확정,5209,1473,1349,4405,1168,519,481,2165,603,2212,2049,1582,213,236,2176
139,쫑알쫑알 똘똘이: 이상한 마을 대모험,2025-04-30,전체관람가,"애니메이션,코미디,가족",이상호,(주)크레이지버드스튜디오,,112,213,29969,10077,36366,40759,1.36,33.6,,,,,확정,677,6129,1360,4865,3852,6961,6125,138,122,512,2558,2768,115,184,76
140,투어스 브이알 콘서트 : 러쉬로드,2026-03-04,전체관람가,"드라마,공연",김지애,(주)어메이즈브이알코리아,,1,1,7810,3584,14967,40023,5.12,45.9,,,,,확정,905,1176,1177,1200,1207,1165,980,937,965,1144,1206,1205,958,742,901
141,극장판 똘똘이: 아기공룡의 비밀,2025-11-07,전체관람가,애니메이션,최영진,(주)크레이지버드스튜디오,,130,240,20103,17980,30144,38747,1.93,89.4,,,,,확정,1223,8053,8704,539,673,407,504,430,4300,4417,304,392,88,110,122
142,씬,2024-04-03,15세이상관람가,공포(호러),한동석,롯데컬처웍스(주)롯데엔터테인먼트,,386,409,30464,15378,35779,38433,1.26,50.5,,,,,확정,4586,4019,4672,6052,4654,2172,4309,1785,651,562,785,719,403,410,177
143,"부정선거, 신의 작품인가",2025-05-21,12세이상관람가,다큐멘터리,,루디아코프,,40,140,27280,15822,34754,37008,1.36,58.0,,,,,확정,2066,4120,3657,6388,5777,3130,2142,1999,1693,812,1351,848,431,340,39
144,오후 네시,2024-10-23,12세이상관람가,드라마,송정우,홀리가든,Y,230,249,18491,5895,31614,36514,1.97,31.9,,,,,확정,3357,2886,1344,2220,2331,1830,4523,1715,1319,2057,2471,3906,654,1001,397
145,구원자,2025-11-05,15세이상관람가,미스터리,신준,(주)마인드마크,,498,498,26742,12459,32183,34697,1.3,46.6,,,,,확정,5939,3755,3831,4716,3912,1820,2769,1952,1592,749,349,281,142,376,166
146,교생실습,2026-05-13,12세이상관람가,"코미디,공포(호러)",김민하,주식회사 로아앤코홀딩스,Y,253,253,22614,12737,30621,34679,1.53,56.3,,,,,확정,3707,3484,3378,5250,4109,951,1735,1834,1185,1072,1142,1072,1344,358,137
147,김준수 콘서트 무비 챕터 원 : 레크리에이션,2024-06-05,전체관람가,공연,조윤수,"롯데컬처웍스(주)롯시플,(주)영화사 그램",,65,68,10999,4459,17382,34339,3.12,40.5,,,,,확정,3682,1635,978,983,2498,647,576,1625,895,760,858,1244,469,532,1689
148,장손,2024-09-11,12세이상관람가,"가족,미스터리,드라마",오정민,㈜인디스토리,Y,60,60,9023,3070,15162,33701,3.74,34.0,,,,,확정,1875,925,796,1133,1141,1192,1961,1048,581,749,1130,1290,587,754,882
149,슈가│어거스트 디 투어 ‘디-데이’ 더 무비,2024-04-10,12세이상관람가,공연,박준수,씨지브이 아이스콘,,83,88,21064,9398,30532,33604,1.6,44.6,,,,,확정,9169,1810,1497,7163,738,314,373,3608,589,336,2212,2340,155,228,388
150,플레이브 아시아 투어 [대쉬: 퀀텀 리프] 앙코르 인 시네마,2026-06-03,12세이상관람가,공연,,"씨제이포디플렉스 주식회사,씨지브이 아이스콘",,62,64,24214,8061,31718,33270,1.37,33.3,,,,,확정,11499,3244,2337,3400,2324,752,658,3932,949,520,1009,694,209,191,0
151,아이브 더 퍼스트 월드투어 인 시네마,2024-10-16,전체관람가,공연,조윤수,"롯데컬처웍스(주)롯시플,(주)영화사 그램",,61,70,15120,11239,24950,32118,2.12,74.3,,,,,확정,2203,807,1091,4105,6043,416,455,3086,1479,871,1928,1928,269,269,545
152,콘크리트 마켓,2025-12-03,15세이상관람가,드라마,홍기원,롯데컬처웍스(주)롯데엔터테인먼트,,188,208,20168,11148,29843,31962,1.58,55.3,,,,,확정,3887,2388,2581,5097,3470,737,2008,1623,1362,2202,1562,1017,1074,835,12
153,한란,2025-11-26,12세이상관람가,드라마,하명미,(주)트리플픽쳐스,Y,262,262,17202,7722,22092,30937,1.8,44.9,,,,,확정,3458,3042,2519,2633,2570,1278,1702,806,805,1061,533,337,539,809,677
154,신비아파트 특별편: 붉은 눈의 사신,2024-08-14,전체관람가,"애니메이션,어드벤처,판타지",,씨지브이 아이스콘,,65,93,25497,11108,29446,30329,1.19,43.6,,,,,확정,3222,9887,1625,4595,4888,658,622,235,113,83,1523,1706,157,132,65
155,아메바 소녀들과 학교괴담: 개교기념일,2024-11-06,15세이상관람가,"코미디,공포(호러)",김민하,주식회사 로아앤코홀딩스,Y,203,203,16282,7737,24023,30109,1.85,47.5,,,,,확정,3002,1653,1563,3391,2783,1638,2252,1253,900,830,1557,2042,307,852,554
156,엔하이픈 브이알콘서트 : 이머전,2025-08-08,전체관람가,드라마,김경국,(주)어메이즈브이알코리아,,1,1,4444,2713,9066,29022,6.53,61.0,,,,,확정,1070,914,729,562,447,342,380,830,755,877,452,489,604,615,688
157,배달의 영웅 : 캐리와 슈퍼콜라2,2025-10-03,전체관람가,"애니메이션,SF",권원숙,롯데컬처웍스(주)롯데엔터테인먼트,,385,385,22762,13285,25330,28780,1.26,58.4,,,,,확정,6864,4180,2241,1914,2391,2172,3000,1002,631,644,20,189,34,48,202
158,"다시 만날, 조국",2025-05-14,12세이상관람가,다큐멘터리,"정윤철,정상진","(주)엣나인필름,㈜스튜디오 체인",Y,229,229,18095,7577,25972,28612,1.58,41.9,,,,,확정,3536,2314,2678,2554,2345,1655,3013,1031,884,1154,1452,2577,312,467,248
159,"플레이브 팬 콘서트 ‘헬로, 아스테룸!’ 앙코르 인 시네마",2024-12-04,전체관람가,공연,,씨지브이 아이스콘,,62,62,21460,6532,28355,28355,1.32,30.4,,,,,확정,12232,1633,1564,3032,1936,462,601,3383,901,629,801,570,251,360,0
160,중간계,2025-10-15,15세이상관람가,액션,강윤성,씨제이 씨지브이(CJ CGV)(주),,229,245,23016,13004,25903,28355,1.23,56.5,,,,,확정,4459,3036,2922,5650,4432,1024,1493,464,465,310,469,398,484,297,41
161,그녀에게,2024-09-11,12세이상관람가,드라마,이상철,영화로운 형제,Y,148,148,13986,4059,16952,28299,2.02,29.0,,,,,확정,3632,3460,1234,1568,1257,1104,1731,436,515,353,678,446,177,361,375
162,미스터 로봇,2025-04-04,12세이상관람가,애니메이션,이대희,(주)넥스트엔터테인먼트월드(NEW),,388,453,19383,14072,23652,27844,1.44,72.6,,,,,확정,5113,5107,3852,990,1064,1199,2058,1250,1042,1619,99,115,89,55,202
163,하보우만의 약속,2025-04-16,12세이상관람가,다큐멘터리,이장호,(주)드림팩트엔터테인먼트,,57,65,5897,2532,9549,27576,4.68,42.9,,,,,확정,1007,869,682,810,1040,740,749,421,701,485,401,914,342,388,108
164,야당: 익스텐디드 컷,2025-08-06,청소년관람불가,"범죄,액션",황병국,메가박스중앙(주) 플러스엠 엔터테인먼트,,417,417,25185,12019,26657,27402,1.09,47.7,,,,,확정,5215,3798,3197,5210,3612,1955,2198,203,248,316,308,197,94,106,47
165,정동원 성탄총동원 더 무비,2024-12-18,전체관람가,공연,나상인,씨지브이 아이스콘,,59,64,17290,6166,24879,27398,1.58,35.7,,,,,확정,6496,2777,1412,2515,2239,571,1280,1807,519,672,1482,2643,339,127,290
166,어쩌면 해피엔딩,2025-10-02,12세이상관람가,"뮤지컬,멜로/로맨스",이원회,"(주)키노필름,(주)아센디오,(주)영화특별시에스엠씨,(주)로드쇼플러스",Y,147,147,13447,7144,18982,26782,1.99,53.1,,,,,확정,1527,3306,1974,1864,1263,1822,1691,1145,747,1159,1021,484,487,492,368
167,3학년 2학기,2025-09-03,12세이상관람가,드라마,이란희,작업장 봄,Y,91,91,5516,1705,8999,26458,4.8,30.9,,,,,확정,1176,804,732,482,491,563,1268,825,482,235,366,276,709,590,483
168,"초혼, 다시 부르는 노래",2025-03-19,15세이상관람가,드라마,조정래,커넥트픽쳐스(주),Y,146,149,10774,4883,12915,26411,2.45,45.3,,,,,확정,1980,1976,1798,1449,1636,814,1121,197,814,238,397,217,100,178,182
169,기적의 시작,2024-02-22,12세이상관람가,다큐멘터리,권순도,퓨어웨이픽쳐스,Y,130,137,12968,7149,17362,25331,1.95,55.1,,,,,확정,2068,1715,3256,2178,1258,1755,738,698,1224,1039,398,401,376,258,275
170,프로텍터,2026-03-25,15세이상관람가,액션,애드리언 그런버그,"(주)아센디오,(주)로드쇼플러스,(주)영화특별시에스엠씨",,413,413,22571,9360,24245,25085,1.11,41.5,,,,,확정,5409,3925,3012,3419,2929,1609,2268,479,188,291,272,267,82,95,31
171,엄마를 버리러 갑니다,2025-11-05,12세이상관람가,드라마,모홍진,(주)싸이더스,,155,158,16879,7454,22130,24399,1.45,44.2,,,,,확정,3401,2282,1768,2732,2954,1369,2373,678,901,819,661,933,826,433,261
172,땅에 쓰는 시,2024-04-17,전체관람가,다큐멘터리,정다운,(주)영화사 진진,Y,50,50,3357,1539,6258,24236,7.22,45.8,,,,,확정,538,343,383,580,576,378,559,369,302,510,492,559,400,269,320
173,온리 갓 노우즈 에브리띵,2025-08-22,15세이상관람가,"미스터리,스릴러",백승환,(주)트리플픽쳐스,Y,336,336,15803,10999,20876,24232,1.53,69.6,,,,,확정,4318,3829,2852,1266,1292,569,1677,1606,748,741,471,749,324,434,15
174,지드래곤 인 시네마 [위버맨쉬],2025-10-29,12세이상관람가,공연,변진호,"(주)씨제이이엔엠,씨제이포디플렉스 주식회사",,86,86,16865,9093,21426,24049,1.43,53.9,,,,,확정,4859,1620,1781,4102,3210,570,723,663,350,382,1312,1189,276,389,175
175,"괜찮아, 앨리스",2024-11-13,전체관람가,다큐멘터리,양지혜,미디어나무(주),Y,99,99,8732,1381,11121,23956,2.74,15.8,,,,,확정,6229,453,389,688,304,270,399,636,552,529,317,79,172,104,25
176,피렌체,2026-01-07,12세이상관람가,드라마,이창열,영화로운 형제,Y,198,198,15111,6721,18909,22717,1.5,44.5,,,,,확정,3304,2158,2216,2487,2018,1158,1770,435,397,389,899,1127,242,309,41
177,백산 - 의령에서 발해까지,2025-02-05,전체관람가,다큐멘터리,진재운,(주)드림팩트엔터테인먼트,Y,30,42,601,230,984,22472,37.39,38.3,,,,,확정,74,47,60,92,78,57,193,126,155,62,4,0,17,19,62
178,폭락,2025-01-15,15세이상관람가,"드라마,범죄",현해리,"주식회사 무암,영화로운 형제",Y,376,376,20371,9729,21446,22386,1.1,47.8,,,,,확정,4675,3108,3245,3682,2802,1216,1643,171,202,129,179,186,100,108,17
179,"하이라이트: 라이츠 고 온, 어게인 인 시네마",2024-10-16,전체관람가,공연,오윤동,"씨지브이 아이스콘,씨제이포디플렉스 주식회사",,86,86,13127,6392,16902,22312,1.7,48.7,,,,,확정,5289,901,854,2546,2992,285,260,719,409,332,1661,352,137,165,796
180,3670,2025-09-03,15세이상관람가,"드라마,멜로/로맨스",박준호,(주)엣나인필름,Y,72,72,7994,3862,12864,22121,2.77,48.3,,,,,확정,1504,868,946,1346,1570,720,1040,528,672,783,1129,873,389,496,275
181,DMZ 동물 특공대,2024-02-14,전체관람가,애니메이션,홍인표,(주)박수엔터테인먼트,,140,201,12883,8124,19550,22111,1.72,63.1,,,,,확정,1922,1295,2022,2884,3218,687,855,658,969,446,1007,1255,1125,1207,638
182,바다호랑이,2025-06-25,15세이상관람가,드라마,정윤철,영화로운 형제,Y,165,165,10397,4720,14635,22043,2.12,45.4,,,,,확정,1954,1630,2177,1208,1335,841,1252,771,497,406,713,664,327,860,28
183,딸에 대하여,2024-09-04,12세이상관람가,드라마,이미랑,"찬란,스튜디오 에이드",Y,106,106,9282,4481,14323,21611,2.33,48.3,,,,,확정,1479,1176,1357,1679,1445,730,1416,718,602,581,930,783,1051,376,612
184,그리고 목련이 필때면,2024-08-15,12세이상관람가,다큐멘터리,,(주)다자인소프트,,98,98,12700,5654,16740,21062,1.66,44.5,,,,,확정,3888,1464,1979,2211,1199,1267,692,586,751,724,861,353,540,225,178
185,태양의 노래,2025-06-11,12세이상관람가,드라마,조영준,(주)바이포엠스튜디오,,453,453,18373,7667,19439,20973,1.14,41.7,,,,,확정,6128,2409,1778,3392,2497,843,1326,295,109,94,132,93,53,290,67
186,이승윤 콘서트 도킹 : 리프트오프,2024-03-22,전체관람가,공연,,"롯데컬처웍스(주)롯시플,(주)영화사 그램",,61,66,12627,10257,16828,20810,1.65,81.2,,,,,확정,5360,2776,2121,822,768,431,349,516,1843,932,211,387,128,184,504
187,세븐틴 [라잇 히어] 월드 투어 인 시네마,2025-04-02,전체관람가,공연,오윤동,씨제이포디플렉스 주식회사,,96,96,15949,9975,19040,20466,1.28,62.5,,,,,확정,3166,1461,1666,4466,3843,648,699,435,431,345,751,797,171,161,149
188,하얀 차를 탄 여자,2025-10-29,15세이상관람가,스릴러,고혜진,(주)바이포엠스튜디오,Y,364,364,16866,8834,19148,20404,1.21,52.4,,,,,확정,3194,1762,2353,3429,3052,1329,1747,297,194,332,432,380,164,483,47
189,주차금지,2025-05-21,15세이상관람가,스릴러,손현우,"㈜영화사 주단,(주)플레이그램",,125,135,14591,7064,19033,19970,1.37,48.4,,,,,확정,2520,1629,1666,2954,2444,1581,1797,993,833,372,793,1239,74,138,54
190,슬라이드 스트럼 뮤트,2026-02-26,15세이상관람가,"드라마,미스터리",박세영,(주)엣나인필름,Y,117,120,13778,9317,15835,19821,1.44,67.6,,,,,확정,3119,1273,4770,3274,716,387,239,383,273,549,372,160,183,137,272
191,타로,2024-06-14,청소년관람불가,"공포(호러),미스터리",,(주)영화특별시에스엠씨,,128,128,18040,13538,18865,19529,1.08,75.0,,,,,확정,5709,5398,2431,1191,1130,750,1431,194,136,117,161,187,28,2,10
192,슈가,2026-01-21,전체관람가,"드라마,가족",최신춘,"스튜디오타겟(주),(주)삼백상회",Y,319,319,12511,6676,13700,19071,1.52,53.4,,,,,확정,1951,1869,2008,2460,2208,794,1221,117,84,197,159,255,187,190,19
193,써니데이,2025-02-19,12세이상관람가,드라마,이창무,(주)트리플픽쳐스,Y,349,349,14712,5423,17410,18881,1.28,36.9,,,,,확정,4145,2451,1743,2190,1490,878,1815,299,273,208,799,1046,42,31,3
194,인피니트 15주년 콘서트 리미티드 에디션 더 무비,2025-06-11,전체관람가,공연,손석,씨지브이 아이스콘,,39,42,4246,1832,8943,18805,4.43,43.1,,,,,확정,1408,561,471,863,498,246,199,386,204,164,2200,1475,121,147,223
195,추적,2025-08-06,12세이상관람가,다큐멘터리,최승호,(주)엣나인필름,Y,111,121,10649,4869,12312,18575,1.74,45.7,,,,,확정,1782,1647,1737,1578,1554,846,1505,243,275,254,350,325,97,119,84
196,뮤지컬 장수탕 선녀님,2026-03-26,전체관람가,"뮤지컬,공연",조윤수,"메가박스중앙(주),(주)영화사 그램",,89,153,8003,6323,11959,18555,2.32,79.0,,,,,확정,737,674,2622,3027,289,300,354,240,222,1693,1344,196,175,86,174
197,원정빌라,2024-12-04,15세이상관람가,"공포(호러),스릴러",김선국,(주)스마일이엔티,Y,164,164,13740,6455,17107,18312,1.33,47.0,,,,,확정,2421,1539,2215,2490,1750,854,2471,432,536,465,336,451,974,173,64
198,바람의 세월,2024-04-03,12세이상관람가,다큐멘터리,"김환태,문종택","(주)시네마달,주식회사 연분홍프로덕션",Y,47,47,3976,1836,10836,18007,4.53,46.2,,,,,확정,897,688,792,504,540,220,335,707,641,945,1006,851,587,2123,797
199,코드: G 주목의 시작,2025-12-27,15세이상관람가,"SF,드라마","홍기선,김주신,김영기","주식회사 케이티스튜디오지니,(주)영화특별시에스엠씨",,39,39,11446,4836,15751,17880,1.56,42.3,,,,,확정,2888,1948,802,1449,1005,1362,1992,684,750,1296,33,480,524,538,501
200,전력질주,2025-09-10,12세이상관람가,드라마,이승훈,"(주)레드아이스 엔터테인먼트,(주)삼백상회",Y,168,179,12859,6537,15033,17780,1.38,50.8,,,,,확정,3229,1671,2462,1505,2570,747,675,225,289,479,425,381,132,243,67
201,런닝맨: 라이트&쉐도우,2026-04-11,전체관람가,애니메이션,윤준상,(주)로커스,Y,196,196,13050,12552,15364,17771,1.36,96.2,,,,,확정,6701,5851,194,146,79,41,38,944,1200,35,87,13,6,29,635
202,앤팀 브이알 콘서트 : 바운드리스,2026-06-26,전체관람가,드라마,김경국,(주)어메이즈브이알코리아,,1,1,5170,3004,10244,17418,3.37,58.1,,,,,,991,1172,841,701,502,445,518,941,700,757,1041,584,493,558,946
203,블랙핑크 월드투어 [본 핑크] 인 시네마,2024-07-31,전체관람가,공연,"오윤동,민근","씨제이포디플렉스 주식회사,씨지브이 아이스콘",,79,79,11331,1921,15955,16795,1.48,17.0,,,,,확정,1999,695,539,923,459,3402,3314,167,1938,1116,371,418,281,333,0
204,목스박,2024-03-20,15세이상관람가,"액션,코미디",고훈,(주)라온컴퍼니플러스,,122,122,12470,6126,15497,16776,1.35,49.1,,,,,확정,2506,1431,1579,2249,2298,921,1486,700,296,216,521,550,720,24,5
205,투모로우바이투게더 브이알 콘서트 : 하트 어택,2025-10-10,전체관람가,공연,김지애,(주)어메이즈브이알코리아,,1,1,5238,3780,9112,16748,3.2,72.2,,,,,확정,1062,1356,1362,514,345,325,274,500,1321,1165,207,141,186,354,531
206,정동원 팬콘서트 필름 : 다시 만나는 길,2026-06-26,전체관람가,공연,나상인,"씨지브이 아이스콘,(주)영화사 그램",,43,43,11530,8295,14628,16101,1.4,71.9,,,,,확정,3353,2639,2303,1027,994,601,613,364,740,697,239,319,423,316,284
207,박정희: 경제대국을 꿈꾼 남자,2024-07-10,12세이상관람가,"공연,뮤지컬,드라마",손현우,메가박스중앙(주),Y,230,230,9432,3816,12946,16099,1.71,40.5,,,,,확정,1865,1493,1040,1294,1482,1020,1238,345,374,723,483,445,604,540,139
208,사랑의 하츄핑 특별판,2026-05-01,전체관람가,애니메이션,김수훈,(주)바이포엠스튜디오,,295,295,12466,7543,14217,15473,1.24,60.5,,,,,확정,3321,1751,2471,1496,3284,76,67,133,573,662,62,74,27,220,31
209,영웅: 라이브 인 시네마,2024-08-21,12세이상관람가,"공연,뮤지컬",박재석,"(주)위즈온센,메가박스중앙(주)",,21,109,6638,3754,9264,15206,2.29,56.6,,,,,확정,803,1166,900,1459,1395,483,432,296,277,404,677,570,213,189,203
210,수카바티: 극락축구단,2024-07-31,12세이상관람가,다큐멘터리,"선호빈,나바루","영화연구소,(주)영화사 진진",Y,74,75,10215,5004,11772,14939,1.46,49.0,,,,,확정,2249,1705,2469,1415,1120,421,836,180,210,256,335,299,121,156,68
211,하나 코리아,2026-07-08,12세이상관람가,드라마,프레드릭 쇨베르,"(주)트리플픽쳐스,스튜디오 초이스 주식회사",Y,170,170,11267,4908,12877,14506,1.29,43.6,,,,,,2500,2136,2139,1388,1381,730,993,161,174,321,295,287,222,150,0
212,커미션,2025-07-16,15세이상관람가,"미스터리,스릴러",신재민,"(주)팬엔터테인먼트,(주)미디어캐슬",,127,127,11226,4092,13932,14415,1.28,36.5,,,,,확정,2688,1174,1133,1841,1118,1239,2033,553,364,408,445,795,84,57,16
213,하와이 연가,2024-10-30,전체관람가,드라마,이진영,"씨지브이 아이스콘,나우 프로덕션",Y,44,52,6775,2464,9220,14252,2.1,36.4,,,,,확정,998,2444,902,767,795,503,366,849,375,58,674,172,69,248,33
214,1980 사북,2025-10-29,12세이상관람가,다큐멘터리,박봉남,(주)엣나인필름,Y,40,40,4274,2564,5213,14229,3.33,60.0,,,,,확정,368,464,1290,672,602,287,591,141,141,147,61,193,137,119,119
215,"침몰 10년, 제로썸",2024-11-21,12세이상관람가,다큐멘터리,윤솔지,한국스마트협동조합,Y,2,45,1440,712,2133,13582,9.43,49.4,,,,,확정,174,0,227,485,89,254,211,151,286,0,0,136,120,0,167
216,엔시티 드림 미스터리 랩: 드림 이스케이프 인 시네마,2024-12-11,전체관람가,공연,"이예지,오윤동",씨제이포디플렉스 주식회사,,79,80,9864,5139,12805,13363,1.35,52.1,,,,,확정,2631,1192,1117,2228,1794,472,430,376,256,316,744,712,216,321,296
217,보이,2026-01-14,15세이상관람가,"범죄,멜로/로맨스",이상덕,(주)영화특별시에스엠씨,Y,145,145,11382,4253,11639,13360,1.17,37.4,,,,,확정,2765,2185,1990,1480,783,653,1526,19,26,21,63,20,16,92,3
218,공포특급,2025-04-02,15세이상관람가,"공포(호러),스릴러",김진웅,(주)스튜디오디에이치엘,Y,164,166,12168,6655,12939,13238,1.09,54.7,,,,,확정,2041,1315,1586,2663,2406,649,1508,47,28,154,235,206,60,41,4
219,더 킬러스,2024-10-23,청소년관람불가,"드라마,액션,스릴러","김종관,노덕,장항준,이명세",주식회사 루믹스미디어,Y,101,108,8282,3769,10280,13046,1.58,45.5,,,,,확정,1898,1538,2130,868,771,359,718,359,328,258,207,525,195,126,151
220,목화솜 피는 날,2024-05-22,12세이상관람가,드라마,신경수,(주)스튜디오디에이치엘,Y,69,98,3884,2141,6230,12860,3.31,55.1,,,,,확정,302,682,545,1082,514,246,513,243,347,228,152,744,152,480,133
221,우리는 공산당이 싫어요,2025-05-09,15세이상관람가,다큐멘터리,,주식회사 킨스튜디오,,6,13,403,260,524,12750,31.64,64.5,,,,,확정,228,15,17,22,20,96,5,38,0,0,0,0,83,0,82
222,1923 간토대학살,2024-08-15,12세이상관람가,다큐멘터리,"김태영,최규석",(주)영화특별시에스엠씨,Y,26,38,4251,2159,7330,12734,3.0,50.8,,,,,확정,641,380,891,888,645,483,323,763,456,588,478,248,254,292,99
223,블루 아카이브 : 디 오케스트라 인 시네마,2025-12-12,15세이상관람가,공연,조윤수,"롯데컬처웍스(주)롯시플,(주)영화사 그램",,47,47,7825,7059,11019,12702,1.62,90.2,,,,,확정,3774,1762,1523,225,174,201,166,1085,532,356,128,153,505,435,545
224,막걸리가 알려줄거야,2024-02-28,전체관람가,"드라마,SF,코미디",김다민,"판씨네마(주),스튜디오 초이스 주식회사",Y,70,73,5009,2520,6269,12607,2.52,50.3,,,,,확정,829,639,860,1039,621,447,574,137,74,189,385,270,92,113,72
225,극장판 고래와 나,2024-10-30,전체관람가,다큐멘터리,이큰별,주식회사 썬더필름,Y,118,123,7188,4157,9084,12543,1.74,57.8,,,,,확정,1021,889,830,1606,1721,370,751,278,113,195,449,601,105,155,65
226,만남의 집,2025-10-15,12세이상관람가,드라마,차정윤,(주)마노엔터테인먼트,Y,87,87,8680,3866,9236,12506,1.44,44.5,,,,,확정,1890,1101,1121,1419,1326,482,1341,39,43,36,271,43,41,83,48
227,엔하이픈 [워크 더 라인 썸머 에디션] 인 시네마,2026-02-27,전체관람가,공연,"박재석,오윤동",씨제이포디플렉스 주식회사,,61,61,9042,6916,10948,12459,1.38,76.5,,,,,확정,2897,2110,1909,1140,328,261,397,249,671,622,118,246,0,0,0
228,에이티즈 브이알 콘서트 : 라이트 더 웨이,2025-12-05,전체관람가,공연,김지애,(주)어메이즈브이알코리아,,1,2,3554,2339,5856,12376,3.48,65.8,,,,,확정,904,858,577,221,139,640,215,391,669,458,185,189,172,238,563
229,순례자들은 왜 돌아오지 않는가,2026-06-03,전체관람가,애니메이션,,(주)영화특별시에스엠씨,Y,138,138,7143,2182,10666,12230,1.71,30.5,,,,,확정,3379,1035,483,647,1052,193,354,79,1573,626,458,692,40,55,42
230,극장판 반짝반짝 달님이: 싱어롱 파티,2026-05-01,전체관람가,애니메이션,"이병직,송인욱",(주)선우앤컴퍼니,,162,169,8811,5156,10371,12064,1.37,58.5,,,,,확정,2119,1204,1833,1223,2342,49,41,147,509,793,24,56,16,15,10
231,내 손끝에 너의 온도가 닿을 때,2024-05-15,15세이상관람가,"멜로/로맨스,드라마",양경희,주식회사 넘버쓰리픽쳐스,Y,17,20,2919,1728,4871,12025,4.12,59.2,,,,,확정,622,270,270,779,679,157,142,283,133,98,600,648,102,88,256
232,세기말의 사랑,2024-01-24,12세이상관람가,드라마,임선애,"(주)엔케이컨텐츠,(주)디스테이션",Y,118,123,8986,3916,10182,11982,1.33,43.6,,,,,확정,1676,1433,1897,1004,1015,526,1435,688,168,47,82,53,95,63,21
233,분노의 강,2024-05-29,12세이상관람가,드라마,윤철형,(주)이놀미디어,,87,88,8892,3828,9018,11766,1.32,43.0,,,,,확정,1433,1265,1674,1398,756,437,1929,2,30,19,57,3,8,7,32
234,아침바다 갈매기는,2024-11-27,12세이상관람가,"드라마,가족",박이웅,(주)트리플픽쳐스,Y,47,47,5678,2735,6918,11195,1.97,48.2,,,,,확정,842,838,615,1115,1005,503,760,146,128,150,162,317,95,242,40
235,판문점,2024-06-19,12세이상관람가,다큐멘터리,송원근,(주)엣나인필름,Y,82,82,4410,1737,6060,11177,2.53,39.4,,,,,확정,647,812,465,490,782,328,886,370,390,353,204,259,54,20,88
236,춘천대첩 72시간,2024-11-13,전체관람가,다큐멘터리,"최동호,장이레",(주)다자인소프트,Y,25,52,4169,1991,5716,11169,2.68,47.8,,,,,확정,209,1132,1172,412,407,480,357,581,406,211,130,23,137,59,256
237,여름이 지나가면,2025-07-09,15세이상관람가,드라마,장병기,(주)엣나인필름,Y,58,58,2969,1353,4383,11067,3.73,45.6,,,,,확정,659,364,278,590,485,266,327,197,152,140,221,438,142,124,90
238,이준호 콘서트 : 다시 만나는 날,2024-07-24,전체관람가,공연,,씨제이 씨지브이(CJ CGV)(주),,56,56,7136,1468,10136,11059,1.55,20.6,,,,,확정,4327,598,424,490,554,256,487,418,212,241,1036,787,177,129,0
239,어게인 1997,2024-04-10,15세이상관람가,"판타지,드라마",신승훈,(주)메리크리스마스,,305,305,8967,3848,9866,10926,1.22,42.9,,,,,확정,2071,1195,1588,1245,1015,576,1277,111,305,86,141,110,94,52,19
240,미망,2024-11-20,12세이상관람가,"멜로/로맨스,드라마",김태양,(주)영화사 진진,Y,57,57,5197,2829,6749,10911,2.1,54.4,,,,,확정,666,601,1121,1007,701,452,649,277,220,123,275,396,146,115,110
241,목소리들,2025-04-02,12세이상관람가,다큐멘터리,지혜원,미디어나무(주),Y,41,140,9017,579,9339,10799,1.2,6.4,,,,,확정,149,8084,181,169,229,98,107,65,47,39,59,55,32,25,17
242,세상 참 예쁜 오드리,2024-10-24,12세이상관람가,"가족,드라마",이영국,"주식회사 콘텐츠존,(주)다자인소프트",Y,172,172,7059,2961,8577,10699,1.52,41.9,,,,,확정,2966,1670,691,600,316,650,166,112,86,947,98,95,102,78,5
243,에이티즈 월드 투어 [투워즈 더 라이트 : 윌 투 파워] 인 시네마,2025-05-07,전체관람가,공연,오윤동,씨제이포디플렉스 주식회사,,64,64,7689,3112,10323,10616,1.38,40.5,,,,,확정,3095,669,690,1550,872,401,412,410,277,388,556,423,302,278,0
244,바로 지금 여기,2025-09-17,12세이상관람가,다큐멘터리,"남태제,문정현,김진열",미디어나무(주),Y,84,84,7643,507,8129,10597,1.39,6.6,,,,,확정,6081,947,116,373,18,5,103,14,168,58,38,110,86,12,100
245,퐁당퐁당 러브: 더 무비,2025-10-09,12세이상관람가,멜로/로맨스,김지현,롯데컬처웍스(주)롯시플,,34,43,8992,4182,10096,10511,1.17,46.5,,,,,확정,4150,1146,1710,1326,209,265,186,112,197,298,316,68,88,25,250
246,너와 나의 5분,2025-11-05,15세이상관람가,"드라마,멜로/로맨스",엄하늘,(주)트리플픽쳐스,Y,46,47,5071,2545,5923,10287,2.03,50.2,,,,,확정,830,685,964,992,589,261,750,41,40,21,43,93,248,366,419
247,백현: 론스달라이트 닷 인 시네마,2024-11-27,전체관람가,공연,"오윤동,김하민","씨제이포디플렉스 주식회사,씨지브이 아이스콘",,77,77,6218,3694,8704,10089,1.62,59.4,,,,,확정,1771,522,531,818,2345,145,86,949,441,239,556,123,92,86,0
248,이반리 장만옥,2026-06-10,12세이상관람가,"코미디,드라마",이유진,㈜인디스토리,Y,44,54,2812,1304,4755,9888,3.52,46.4,,,,,확정,507,397,316,536,452,291,313,131,382,195,445,302,199,289,213
249,바람이 전하는 말,2025-11-05,전체관람가,다큐멘터리,양희,판씨네마(주),Y,39,45,1637,782,2718,9764,5.96,47.8,,,,,확정,150,359,251,279,252,194,152,83,283,293,162,123,65,72,73
250,호조,2025-03-12,12세이상관람가,"뮤지컬,드라마",권혁만,(주)드림팩트엔터테인먼트,Y,41,41,2446,1305,4216,9670,3.95,53.4,,,,,확정,340,320,250,241,814,178,303,639,256,143,89,435,61,147,21
251,#런석진_에피소드. 투어 더 무비,2025-12-31,전체관람가,공연,박준수,씨제이포디플렉스 주식회사,,46,46,5277,2881,8057,9584,1.82,54.6,,,,,확정,1725,507,208,1903,770,87,77,600,224,172,1129,461,89,105,253
252,에스파: 마이 퍼스트 페이지,2024-02-14,전체관람가,"공연,다큐멘터리","김지선,조현정","롯데컬처웍스(주)롯시플,(주)영화사 그램",,64,68,6275,2120,7660,9456,1.51,33.8,,,,,확정,3093,648,642,785,693,207,207,310,146,201,266,220,114,128,897
253,마지막 숙제,2025-09-03,12세이상관람가,드라마,이정철,"(주)이놀미디어,(주)스튜디오킬러웨일,(주)에스더블유콘텐츠",Y,66,66,2491,1294,4418,9320,3.74,51.9,,,,,확정,457,286,280,574,440,166,288,887,631,141,125,104,16,23,51
254,극장판 다이노맨: 공룡산의 비밀,2025-07-25,전체관람가,애니메이션,김호락,(주)플레이그램,,64,91,5415,2915,7705,9288,1.72,53.8,,,,,확정,875,880,1160,575,563,538,824,337,540,481,341,543,8,40,8
255,봄밤,2025-07-09,15세이상관람가,드라마,강미자,(주)시네마달,Y,63,63,4498,2624,5411,9119,2.03,58.3,,,,,확정,876,578,604,815,1205,158,262,100,119,77,171,173,140,133,90
256,"주사위놀이, 마불 세계여행",2024-01-03,전체관람가,어드벤처,이광범,(주)니즈텔레콤,,1,18,148,32,828,9059,61.21,21.6,,,,,확정,24,0,32,0,0,0,92,196,157,237,0,0,34,56,121
257,제로베이스원 더 퍼스트 투어 [타임리스 월드] 인 시네마,2025-03-12,전체관람가,공연,"오윤동,김하민",씨제이포디플렉스 주식회사,,68,68,5048,2961,8572,8887,1.76,58.7,,,,,확정,1445,363,424,1444,1093,146,133,2783,80,93,254,228,33,53,0
258,투모로우바이투게더 : 하이퍼포커스 인 시네마,2024-12-04,전체관람가,공연,김경국,씨제이포디플렉스 주식회사,,73,74,7079,3552,8842,8842,1.25,50.2,,,,,확정,1177,2039,779,1605,1168,139,172,477,283,197,365,309,55,77,0
259,포레스텔라 : 더 웨이브 인 시네마,2025-11-19,전체관람가,공연,김한솔,"(주)엘지유플러스,(주)씨네필운",,23,32,6811,3448,8779,8779,1.29,50.6,,,,,확정,2025,952,660,1434,1354,172,214,407,261,130,350,449,125,246,0
260,여행자의 필요,2024-04-24,12세이상관람가,드라마,홍상수,"(주)영화제작전원사 ,(주)콘텐츠판다",Y,56,56,4355,1916,6252,8723,2.0,44.0,,,,,확정,1138,535,501,796,619,384,382,350,213,216,300,336,312,170,124
261,"결혼, 하겠나?",2024-10-23,12세이상관람가,코미디,김진태,주식회사 로아앤코홀딩스,Y,153,154,7353,3163,7697,8697,1.18,43.0,,,,,확정,1352,1157,963,1146,1054,698,983,23,42,112,47,47,41,32,3
262,원 인 어 밀리언,2025-10-20,전체관람가,"다큐멘터리,공연",,"씨제이 씨지브이(CJ CGV)(주),씨제이포디플렉스 주식회사",,35,35,7863,588,8562,8667,1.1,7.5,,,,,확정,6166,824,166,119,142,246,200,32,34,136,51,52,324,70,32
263,남태령,2026-05-20,12세이상관람가,다큐멘터리,김현지,(주)시네마달,Y,60,60,3926,1367,4485,8664,2.21,34.8,,,,,확정,767,741,468,517,382,345,706,40,120,57,110,106,51,75,256
264,기타맨,2025-05-30,15세이상관람가,드라마,"김종면,이선정",주식회사 씨엠닉스,Y,73,73,7655,4117,8123,8520,1.11,53.8,,,,,확정,2275,1003,839,561,482,544,1951,212,149,40,24,41,0,2,2
265,몬스타엑스 : 커넥트 엑스 인 시네마,2025-12-03,전체관람가,공연,"이예지,오윤동",씨제이포디플렉스 주식회사,,60,60,7016,2573,8507,8507,1.21,36.7,,,,,확정,2170,517,297,1313,963,151,1605,115,120,94,482,446,88,146,0
266,에스파: 월드 투어 인 시네마,2024-04-10,전체관람가,공연,"김하민,오윤동",씨제이포디플렉스 주식회사,,90,90,6457,2519,8380,8489,1.31,39.0,,,,,확정,3205,571,306,1909,304,89,73,971,208,173,275,151,64,81,0
267,코넬의 상자,2025-01-08,15세이상관람가,"미스터리,스릴러",이현지,와이드 릴리즈(주),,54,54,5444,2298,7673,8421,1.55,42.2,,,,,확정,843,509,689,822,787,388,1406,268,271,413,449,480,183,165,748
268,제이홉 투어 ‘홉 온 더 스테이지’ 더 무비,2025-11-12,전체관람가,공연,박준수,씨지브이 아이스콘,,79,79,4990,2618,6363,8366,1.68,52.5,,,,,확정,1331,609,534,1301,783,200,232,211,103,105,552,298,46,58,124
269,"레드벨벳 해피니스 다이어리 : 마이 디어, 레베럽 인 시네마",2025-02-05,전체관람가,공연,"김선형,오윤동",씨제이포디플렉스 주식회사,,72,72,6120,3277,7845,8310,1.36,53.5,,,,,확정,1791,531,2295,528,454,231,290,181,149,119,571,439,90,176,78
270,광장,2026-01-15,12세이상관람가,애니메이션,김보솔,(주)스튜디오디에이치엘,Y,125,125,4493,2413,6822,8305,1.85,53.7,,,,,확정,1272,383,1126,904,206,269,333,290,400,519,379,261,187,293,93
271,현상수배,2026-06-10,15세이상관람가,"코미디,액션",신재호,(주)이놀미디어,,93,93,3060,1400,4281,8182,2.67,45.8,,,,,확정,368,450,199,377,824,446,396,512,144,132,105,86,9,233,228
272,달팽이 농구단,2025-11-12,15세이상관람가,"드라마,액션",고은기,(주)삼백상회,Y,75,81,5012,1746,5341,8137,1.62,34.8,,,,,확정,939,937,513,614,619,432,958,171,15,95,9,13,7,19,273
273,쥬라기캅스 극장판: 전설의 고대생물을 찾아라,2024-08-15,전체관람가,애니메이션,이재민,(주)바른손이앤에이,Y,215,215,6211,2886,6944,8073,1.3,46.5,,,,,확정,2640,419,1223,1244,178,320,187,10,307,150,132,4,10,120,4
274,우당탕탕 운동회,2024-04-03,전체관람가,기타,이광범,(주)니즈텔레콤,,1,10,266,104,434,8025,30.17,39.1,,,,,확정,42,0,104,0,0,20,100,0,67,79,0,0,22,0,50
275,아네모네,2024-02-07,15세이상관람가,"코미디,드라마,액션",정하용,㈜인디스토리,Y,57,57,6007,2203,7122,7968,1.33,36.7,,,,,확정,1318,1134,941,625,637,681,671,635,59,56,134,96,62,73,7
276,"알엠: 라이트 피플, 롱 플레이스",2024-12-05,12세이상관람가,다큐멘터리,,씨제이포디플렉스 주식회사,,56,56,5811,2810,7247,7868,1.35,48.4,,,,,확정,2147,865,1094,851,213,228,413,160,285,314,310,75,125,167,112
277,생츄어리,2024-06-12,12세이상관람가,다큐멘터리,왕민철,(주)시네마달,Y,64,64,5301,2169,5808,7867,1.48,40.9,,,,,확정,980,744,595,732,842,273,1135,84,18,33,213,97,27,35,173
278,최소한의 선의,2024-10-30,12세이상관람가,드라마,김현정,"(주)스튜디오디에이치엘,(주)싸이더스",Y,78,78,4093,2173,4751,7867,1.92,53.1,,,,,확정,540,503,1016,655,502,251,626,18,35,13,82,19,16,475,16
279,여성국극 끊어질듯 이어지고 사라질듯 영원하다,2025-03-19,12세이상관람가,다큐멘터리,유수연,(주)시네마달,Y,70,70,5828,2062,6182,7865,1.35,35.4,,,,,확정,1156,742,487,797,778,416,1452,25,23,105,68,84,15,34,0
280,쇼타씨의 마지막 출장,2026-05-27,12세이상관람가,드라마,이주형,(주)트리플픽쳐스,Y,80,80,4947,1985,5432,7780,1.57,40.1,,,,,확정,1126,926,496,692,797,270,640,136,58,82,56,59,52,42,32
281,충충충,2026-06-17,15세이상관람가,범죄,한창록,(주)엣나인필름,Y,70,70,4611,1451,5572,7585,1.64,31.5,,,,,확정,1266,987,392,540,519,336,571,207,116,111,135,98,128,166,53
282,수유천,2024-09-18,15세이상관람가,드라마,홍상수,"(주)영화제작전원사 ,(주)콘텐츠판다",Y,77,79,4102,1664,5312,7507,1.83,40.6,,,,,확정,1190,553,441,654,569,318,377,242,98,115,217,173,148,217,96
283,"오빠, 남진",2024-09-04,12세이상관람가,"공연,다큐멘터리",정인성,(주)스튜디오디에이치엘,Y,138,138,5438,2702,6410,7501,1.38,49.7,,,,,확정,1220,785,544,1380,778,319,412,162,208,49,89,241,110,113,93
284,되살아나는 목소리,2024-11-13,12세이상관람가,다큐멘터리,"박수남,박마의","(주)시네마달,푸른영상",Y,37,39,3491,1714,5980,7400,2.12,49.1,,,,,확정,414,250,814,516,384,463,650,271,229,236,464,586,259,444,8
285,화녀,2024-03-14,청소년관람불가,스릴러,유영선,"와이드 릴리즈(주),(주)제이앤씨미디어그룹",,77,77,6905,2867,6924,7075,1.02,41.5,,,,,확정,1887,1156,844,867,339,610,1202,3,2,4,2,4,4,0,0
286,누룩,2026-04-15,15세이상관람가,"가족,미스터리,드라마",장동윤,(주)로드쇼플러스,Y,76,76,4640,1979,5217,6912,1.49,42.7,,,,,확정,1190,529,542,758,679,261,681,139,142,76,141,23,14,42,1
287,쏜애플 불구경 2024 라이브 콘서트 필름,2024-10-30,전체관람가,공연,,씨지브이 아이스콘,,16,18,4187,2226,5856,6787,1.62,53.2,,,,,확정,1032,629,643,786,797,169,131,277,123,91,116,946,58,58,0
288,그 여름날의 거짓말,2024-08-28,15세이상관람가,"멜로/로맨스,미스터리",손현록,(주)마노엔터테인먼트,Y,48,48,3415,1480,6083,6740,1.97,43.3,,,,,확정,488,472,368,564,548,248,727,537,441,369,404,864,26,27,9
289,다우렌의 결혼,2024-06-12,12세이상관람가,드라마,임찬익,(주)트리플픽쳐스,Y,46,52,4258,1902,4715,6680,1.57,44.7,,,,,확정,902,493,602,775,525,261,700,83,25,58,64,122,35,70,4
290,조선인 여공의 노래,2024-08-07,전체관람가,다큐멘터리,이원식,(주)시네마달,Y,48,48,3954,1543,4643,6679,1.69,39.0,,,,,확정,743,568,590,475,478,208,892,72,167,102,69,98,67,114,25
291,미스매치,2026-04-23,12세이상관람가,"코미디,가족",손태웅,"(주)제이앤씨미디어그룹,주식회사 스튜디오 빅",Y,99,107,3644,1580,4459,6673,1.83,43.4,,,,,확정,664,376,687,517,556,678,166,58,75,97,150,50,87,298,406
292,힘,2025-11-27,15세이상관람가,"액션,드라마",최지온,시네마 뉴원,Y,13,13,2793,1680,3833,6626,2.37,60.2,2835,22.2,6074,27.7,확정,630,432,1001,247,210,160,113,99,162,104,254,120,157,144,130
293,에픽하이 20 더 무비,2024-03-20,12세이상관람가,공연,조윤수,"씨지브이 아이스콘,(주)플레이그램",,54,54,2560,1400,4375,6620,2.59,54.7,,,,,확정,696,244,301,673,426,101,119,130,57,75,878,574,29,72,54
294,부전시장,2025-03-27,15세이상관람가,드라마,김시우,주식회사 블루필름웍스,Y,40,41,1859,830,3071,6410,3.45,44.6,,,,,확정,519,286,231,313,156,172,182,87,139,151,284,191,216,144,157
295,부활 그 소망,2024-03-07,전체관람가,다큐멘터리,김상철,파이오니아21,,14,26,599,435,752,6331,10.57,72.6,,,,,확정,60,49,312,74,54,48,2,0,0,88,52,11,2,0,0
296,언니 유정,2024-12-04,12세이상관람가,"가족,드라마",정해일,찬란,Y,56,56,4110,1557,4445,6307,1.53,37.9,,,,,확정,1211,483,542,635,380,245,614,34,52,24,47,77,60,41,12
297,케이 넘버,2025-05-14,12세이상관람가,다큐멘터리,조세영,"미디어나무(주),선보필름,(주)마노엔터테인먼트",Y,44,44,3870,1571,4310,6296,1.63,40.6,,,,,확정,841,503,486,537,548,281,674,84,34,30,44,113,54,81,28
298,돌핀,2024-03-13,12세이상관람가,드라마,배두리,(주)마노엔터테인먼트,Y,67,67,4239,1762,4753,6272,1.48,41.6,,,,,확정,791,488,406,942,414,308,890,57,192,24,28,19,169,25,11
299,강다니엘: 홀드 유어 브레스,2026-01-07,전체관람가,공연,박재석,"씨지브이 아이스콘,(주)위즈온센",,32,33,3732,2327,5299,6235,1.67,62.4,,,,,확정,879,255,192,1137,998,128,143,213,99,122,393,388,132,220,0
300,실리카겔,2024-08-21,전체관람가,공연,,"씨제이 씨지브이(CJ CGV)(주),씨지브이 아이스콘",,29,29,5355,2158,6208,6208,1.16,40.3,,,,,확정,2097,635,604,1020,534,297,168,111,101,112,98,322,54,55,0
301,세븐틴 월드 투어 '비 더 선',2025-07-10,전체관람가,공연,,씨제이 씨지브이(CJ CGV)(주),,17,37,6199,5380,6199,6199,1.0,86.8,,,,,확정,819,1113,2361,1906,0,0,0,0,0,0,0,0,0,0,0
302,"안전제일, 놀이퀴즈 최강전",2024-04-11,전체관람가,기타,이광범,(주)니즈텔레콤,,1,6,72,0,72,6183,85.88,0.0,,,,,확정,27,0,0,0,0,0,45,0,0,0,0,0,0,0,20
303,그녀가 돌아온 날,2026-05-06,15세이상관람가,드라마,홍상수,"(주)영화제작전원사 ,(주)콘텐츠판다",Y,60,60,2781,1198,4190,6154,2.21,43.1,,,,,확정,725,364,309,473,416,263,231,185,221,189,221,226,170,197,83
304,세하별,2025-06-25,15세이상관람가,"가족,드라마",김우석,(주)트리플픽쳐스,Y,53,53,5038,1908,5282,6150,1.22,37.9,,,,,확정,1132,1089,1104,398,406,247,662,10,15,134,17,32,18,18,0
305,그림자 아이,2026-07-01,15세이상관람가,"미스터리,판타지,스릴러",유은정,주식회사 썬더필름,Y,126,126,4769,1831,5224,6145,1.29,38.4,,,,,,1355,1041,589,637,605,197,345,78,41,52,52,116,46,70,6
306,그 자연이 네게 뭐라고 하니,2025-05-14,15세이상관람가,드라마,홍상수,"(주)영화제작전원사 ,(주)콘텐츠판다",Y,52,52,3154,1302,4368,6087,1.93,41.3,,,,,확정,729,419,384,463,455,263,441,160,131,153,242,237,164,127,101
307,열여덟 청춘,2026-03-25,12세이상관람가,드라마,어일선,(주)영화사 안다미로,Y,109,109,4078,2274,4712,6066,1.49,55.8,,,,,확정,959,266,653,1075,546,194,385,137,327,48,44,27,10,41,3
308,K스쿨,2024-02-21,전체관람가,"드라마,뮤지컬",박미경,주식회사 강컨텐츠,Y,19,19,352,96,352,5990,17.02,27.3,,,,,확정,150,64,28,31,37,8,34,0,0,0,0,0,0,0,0
309,수연의 선율,2025-08-06,12세이상관람가,"가족,미스터리,스릴러",최종룡,(주)싸이더스,Y,40,40,3721,1535,4277,5969,1.6,41.3,,,,,확정,724,461,527,590,418,378,623,58,71,101,118,87,58,63,13
310,극장의 시간들,2026-03-18,전체관람가,드라마,"이종필,윤가은,장건재",(주)티캐스트,Y,69,72,2510,1196,3551,5945,2.37,47.6,,,,,확정,623,314,436,347,413,174,203,161,177,107,207,170,102,117,63
311,힘을 낼 시간,2024-12-18,12세이상관람가,드라마,남궁선,(주)엣나인필름,Y,59,60,2260,980,3258,5914,2.62,43.4,,,,,확정,652,293,373,285,322,177,158,104,111,187,145,226,136,89,57
312,승리의 시작,2025-06-19,12세이상관람가,다큐멘터리,권순도,퓨어웨이픽쳐스,Y,31,35,2190,1097,3009,5864,2.68,50.1,,,,,확정,299,314,517,266,363,259,172,184,79,65,216,73,46,156,217
313,정국: 아이 엠 스틸 위드 유,2024-10-09,전체관람가,공연,,씨지브이 아이스콘,,41,41,5849,2720,5849,5849,1.0,46.5,,,,,확정,2297,407,415,1335,970,175,250,0,0,0,0,0,0,0,0
314,홍이,2025-09-24,12세이상관람가,드라마,황슬기,에무 시네마 앤 카페,Y,35,35,3459,1498,3864,5807,1.68,43.3,,,,,확정,557,626,435,481,582,179,599,70,123,38,36,48,37,53,28
315,우리는 천국에 갈 순 없지만 사랑은 할 수 있겠지,2024-10-16,15세이상관람가,드라마,한제이,(주)메리크리스마스,Y,87,87,2458,1213,3297,5795,2.36,49.3,,,,,확정,458,286,260,512,441,202,299,51,102,104,144,283,66,89,67
316,비밀일 수밖에,2025-09-10,12세이상관람가,"드라마,코미디",김대환,"주식회사 슈아픽처스,(주)에이디사공육",Y,78,78,2760,1459,3460,5778,2.09,52.9,,,,,확정,560,332,399,474,586,183,226,139,122,145,92,85,53,64,13
317,다큐 황은정 : 스마트폰이 뭐길래,2024-07-03,12세이상관람가,드라마,"팽성우,정유경,김소정,인진수",롯데컬처웍스(주)롯시플,,19,22,3382,1996,4847,5567,1.65,59.0,,,,,확정,661,451,593,705,698,133,141,96,70,211,476,531,43,38,122
318,문경,2024-08-28,12세이상관람가,드라마,신동일,트윈플러스파트너스(주),Y,51,63,2256,1047,3027,5549,2.46,46.4,,,,,확정,430,339,234,443,370,194,246,101,72,199,148,101,68,82,72
319,한 채,2024-11-20,12세이상관람가,드라마,"정범,허장",영화배급협동조합 씨네소파,Y,30,30,3602,1703,3929,5540,1.54,47.3,,,,,확정,701,452,429,633,641,228,518,31,36,101,30,41,19,69,6
320,딜리버리,2024-11-20,15세이상관람가,"드라마,가족,코미디",장민준,(주)마노엔터테인먼트,Y,23,28,3486,1352,4214,5514,1.58,38.8,,,,,확정,515,442,428,512,412,404,773,403,136,118,12,26,10,23,2
321,김~치!,2026-03-25,12세이상관람가,"가족,드라마",박철현,영화로운 형제,Y,45,49,3368,1367,3570,5413,1.61,40.6,,,,,확정,666,603,417,490,460,198,534,116,12,8,4,8,41,13,42
322,쿵쿵따 탐험대,2024-06-26,전체관람가,기타,이광범,(주)니즈텔레콤,,2,6,78,0,172,5396,69.18,0.0,,,,,확정,78,0,0,0,0,0,0,0,0,94,0,0,0,0,135
323,폭설,2024-10-23,15세이상관람가,드라마,윤수익,판씨네마(주),Y,111,113,3058,1547,3943,5361,1.75,50.6,,,,,확정,553,383,424,589,534,270,305,171,90,176,101,163,63,121,46
324,고당도,2025-12-10,15세이상관람가,"드라마,범죄",권용재,(주)트리플픽쳐스,Y,67,67,2531,966,3789,5342,2.11,38.2,,,,,확정,707,300,400,211,355,379,179,105,154,449,141,133,93,183,25
325,여름의 카메라,2026-06-24,전체관람가,"가족,드라마,멜로/로맨스",성스러운,(주)싸이더스,Y,32,37,1989,677,3084,5297,2.66,34.0,,,,,,424,315,136,272,269,257,316,145,122,358,159,100,82,129,79
326,(여자)아이들 월드투어 [아이돌] 인 시네마,2025-01-08,12세이상관람가,공연,오윤동,"씨제이포디플렉스 주식회사,씨지브이 아이스콘",,74,74,2557,1232,3896,5294,2.07,48.2,,,,,확정,787,361,275,507,450,103,74,336,216,111,256,251,71,98,0
327,2017 방탄소년단 라이브 트릴로지 에피소드 3 윙스 투어 더 파이널 리마스터링,2025-09-23,전체관람가,공연,,메가박스중앙(주),,1,94,3668,1927,3941,5278,1.44,52.5,,,,,확정,150,1002,400,507,783,637,189,273,0,0,0,0,0,0,0
328,보이 인 더 풀,2025-05-14,12세이상관람가,"드라마,멜로/로맨스",류연수,(주)트리플픽쳐스,Y,52,52,2256,1244,3224,5241,2.32,55.1,,,,,확정,601,164,201,680,363,108,139,139,37,68,543,69,49,63,19
329,2019 방탄소년단 월드 투어 '러브 유어셀프 : 스피크 유어셀프' 런던 리마스터링,2025-09-23,전체관람가,공연,,메가박스중앙(주),,1,81,150,0,2833,5230,34.87,0.0,,,,,확정,150,0,0,0,0,0,0,0,584,348,445,669,469,168,193
330,르세라핌 브이알 콘서트 : 인비테이션,2026-04-15,전체관람가,드라마,이미경,(주)어메이즈브이알코리아,,1,2,1721,702,2414,5217,3.03,40.8,,,,,확정,438,134,156,321,225,72,375,69,79,97,203,106,60,79,84
331,대니초 : 코리안 드림,2024-02-14,청소년관람불가,공연,,"씨제이 씨지브이(CJ CGV)(주),씨지브이 아이스콘",,22,24,3891,2374,5005,5139,1.32,61.0,,,,,확정,697,299,420,1208,746,283,238,154,139,173,239,194,85,130,0
332,파란,2025-04-09,15세이상관람가,"미스터리,드라마",강동인,"(주)메리크리스마스,(주)삼백상회",Y,123,125,3909,2257,4104,5088,1.3,57.7,,,,,확정,886,327,274,451,1532,225,214,10,74,35,19,24,18,15,54
333,공작새,2024-10-23,15세이상관람가,드라마,변성빈,(주)영화사 그램,Y,33,33,1070,313,3793,5066,4.73,29.3,,,,,확정,117,167,70,139,104,73,400,345,259,616,648,724,56,75,7
334,카브리올레,2024-06-19,15세이상관람가,드라마,조광진,메가박스중앙(주) 플러스엠 엔터테인먼트,Y,178,180,3675,1521,4617,5031,1.37,41.4,,,,,확정,828,626,648,418,455,233,467,172,138,191,90,132,200,19,7
335,호랑님의 생일날,2024-10-04,전체관람가,기타,이광범,(주)니즈텔레콤,,1,7,23,23,50,5021,218.3,100.0,,,,,확정,23,0,0,0,0,0,0,0,0,0,0,0,27,0,22
336,파과: 인터내셔널 컷,2025-12-10,청소년관람불가,"액션,드라마,미스터리",민규동,(주)넥스트엔터테인먼트월드(NEW),Y,130,130,3523,1496,3736,4985,1.41,42.5,,,,,확정,735,491,487,572,437,386,415,12,23,46,40,39,20,33,247
337,김재중 20주년 기념 콘서트 : 플라워 가든,2025-01-09,전체관람가,공연,손석,씨지브이 아이스콘,,41,41,3646,2688,4674,4975,1.36,73.7,,,,,확정,691,178,225,2285,74,72,121,46,99,283,387,37,32,144,60
338,2016 방탄소년단 라이브 화양연화 온 스테이지 : 에필로그 리마스터링,2025-09-23,12세이상관람가,공연,,메가박스중앙(주),,1,95,3544,1713,3767,4901,1.38,48.3,,,,,확정,150,1082,430,440,690,583,169,223,0,0,0,0,0,0,0
339,빨간 나라를 보았니,2026-04-15,12세이상관람가,다큐멘터리,홍영아,(주)트리플픽쳐스,Y,31,33,1566,666,2184,4805,3.07,42.5,,,,,확정,391,339,211,216,239,93,77,34,83,166,34,115,73,113,86
340,해야 할 일,2024-09-25,12세이상관람가,드라마,박홍준,재단법인 명필름문화재단,Y,46,64,1703,876,2522,4763,2.8,51.4,,,,,확정,356,115,150,386,340,189,167,173,112,83,67,60,264,60,53
341,판결,2026-02-25,15세이상관람가,"드라마,스릴러",이창희,"(주)제이앤씨미디어그룹,영화사빅",Y,41,41,599,273,697,4748,7.93,45.6,,,,,확정,107,83,57,108,108,92,44,16,12,10,29,14,3,14,1
342,여름이 끝날 무렵의 라트라비아타,2024-09-11,전체관람가,"드라마,멜로/로맨스",윤석호,(주)트리플픽쳐스,Y,38,38,3662,1260,3990,4728,1.29,34.4,,,,,확정,812,468,344,484,432,369,753,90,49,31,69,38,14,37,5
343,맨홀,2025-11-19,15세이상관람가,드라마,한지수,(주)마노엔터테인먼트,Y,30,30,3031,1263,3272,4643,1.53,41.7,,,,,확정,547,375,400,553,310,206,640,8,26,18,18,99,17,55,0
344,경성유랑극단,2025-10-24,12세이상관람가,"드라마,뮤지컬,전쟁",박진용,주식회사 씨엠닉스,Y,20,22,3136,2153,3965,4629,1.48,68.7,,,,,확정,703,749,701,476,391,51,65,29,157,185,13,152,159,134,1
345,정순,2024-04-17,15세이상관람가,드라마,정지혜,(주)더쿱디스트리뷰션,Y,44,44,1507,819,2226,4598,3.05,54.3,,,,,확정,203,157,248,260,311,156,172,147,101,57,140,115,54,105,95
346,와인드업: 더 무비,2026-07-02,12세이상관람가,드라마,김성호,,,20,22,3730,2495,4501,4501,1.21,66.9,,,,,확정,735,503,1057,935,224,203,73,59,53,135,524,0,0,0,0
347,귤레귤레,2025-06-11,15세이상관람가,"드라마,멜로/로맨스",고봉수,㈜인디스토리,Y,32,32,1414,685,2358,4428,3.13,48.4,,,,,확정,273,178,153,267,265,138,140,221,94,62,222,179,76,90,69
348,당신이 잠든 사이,2024-03-20,12세이상관람가,"미스터리,멜로/로맨스",장윤현,트윈플러스파트너스(주),,110,118,3241,1754,3259,4383,1.35,54.1,,,,,확정,428,378,474,651,629,313,368,0,3,3,2,4,1,5,1
349,악의 도시,2025-06-20,15세이상관람가,스릴러,현우성,(주)영화특별시에스엠씨,,119,119,2405,1803,2537,4378,1.82,75.0,,,,,확정,791,588,424,263,221,48,70,19,31,21,11,23,14,13,43
350,대탈출 : 더 스토리 특별판,2025-07-23,15세이상관람가,"어드벤처,미스터리,스릴러",,씨제이 씨지브이(CJ CGV)(주),,21,21,4353,1048,4353,4353,1.0,24.1,,,,,확정,1583,423,312,382,354,1175,124,0,0,0,0,0,0,0,0
351,다섯 번째 방,2024-06-05,12세이상관람가,다큐멘터리,전찬영,영화배급협동조합 씨네소파,Y,34,34,3157,1147,3398,4345,1.38,36.3,,,,,확정,710,487,423,398,326,156,657,30,19,32,84,21,25,30,14
352,원 오크 록 디톡스 투어 인 시네마,2026-04-22,전체관람가,공연,,씨제이포디플렉스 주식회사,,18,18,3335,1691,3529,4335,1.3,50.7,,,,,확정,916,416,422,868,401,123,189,0,0,0,0,0,194,0,0
353,문워크,2025-01-22,15세이상관람가,드라마,신현규,필름다빈,Y,40,41,3615,1267,3700,4316,1.19,35.0,,,,,확정,1152,374,370,544,353,222,600,12,23,7,12,13,5,13,8
354,검은 소년,2024-02-07,15세이상관람가,드라마,서정원,(주)트리플픽쳐스,Y,29,31,3065,970,3473,4293,1.4,31.6,,,,,확정,603,531,376,320,274,344,617,15,16,20,216,17,21,103,8
355,허들,2025-12-03,15세이상관람가,드라마,한상욱,주식회사 로아앤코홀딩스,Y,21,24,1446,592,2346,4258,2.94,40.9,,,,,확정,66,54,230,270,92,626,108,57,97,265,23,35,217,206,192
356,더 납작 엎드릴게요,2024-07-10,전체관람가,드라마,김은영,(주)마노엔터테인먼트,Y,28,31,1144,588,1889,4145,3.62,51.4,,,,,확정,160,132,153,227,208,125,139,93,76,140,122,185,41,88,30
357,볼빨간사춘기: 메리 고 라운드 더 무비,2024-07-12,전체관람가,공연,조윤수,"롯데컬처웍스(주)롯시플,(주)영화사 그램",,48,48,2381,2030,3563,4145,1.74,85.3,,,,,확정,373,848,809,89,112,90,60,82,352,573,60,61,21,33,56
358,더 영 맨 앤드 더 딥 씨 (비투비 임현식),2024-12-04,전체관람가,다큐멘터리,권진모,씨지브이 아이스콘,,8,16,3224,2153,4075,4075,1.26,66.8,,,,,확정,742,266,125,937,1091,24,39,155,94,51,239,220,29,63,0
359,고백하지마,2025-12-17,12세이상관람가,드라마,류현경,류네,Y,23,27,796,437,1571,4067,5.11,54.9,,,,,확정,117,60,176,136,125,78,104,140,109,83,153,146,50,94,19
360,준스톤 이어원,2025-03-06,12세이상관람가,다큐멘터리,,주식회사 블루필름웍스,Y,12,19,2367,1150,2607,4067,1.72,48.6,,,,,확정,981,279,514,357,93,72,71,38,65,35,46,19,35,2,54
361,길 위의 뭉치,2026-08-19,전체관람가,애니메이션,"오성윤,이춘백",,,0,2,0,0,0,4066,,,,,,,확정,0,0,0,0,0,0,0,0,0,0,0,0,0,0,0
362,마사이 크로스,2025-11-20,12세이상관람가,드라마,이성관,(주)드림팩트엔터테인먼트,,9,9,445,304,795,3992,8.97,68.3,,,,,확정,34,40,25,239,19,49,39,19,50,19,171,6,85,0,102
363,왜(歪): 더 카르텔,2026-03-25,12세이상관람가,다큐멘터리,,"(주)드림팩트엔터테인먼트,루디아코프",,66,69,2673,1368,3253,3985,1.49,51.2,,,,,확정,424,364,457,514,397,242,275,79,176,63,139,61,36,26,1
364,통잠,2025-11-19,15세이상관람가,"가족,드라마","김솔해,이도진",필름다빈,Y,25,29,3099,1611,3230,3931,1.27,52.0,,,,,확정,469,473,740,496,375,138,408,18,23,25,24,18,16,7,4
365,뒤주,2024-03-28,15세이상관람가,"공포(호러),미스터리,스릴러",김지운,(주)파이브데이,,52,52,3198,1597,3842,3855,1.21,49.9,,,,,확정,999,563,511,523,211,253,138,615,13,1,0,1,2,12,0
366,"럭키, 아파트",2024-10-30,15세이상관람가,드라마,강유가람,㈜인디스토리,Y,37,40,1412,684,1920,3811,2.7,48.4,,,,,확정,260,257,146,340,198,84,127,44,60,158,83,107,20,36,34
367,2024 박은빈 팬 콘서트,2024-07-10,전체관람가,공연,,씨제이 씨지브이(CJ CGV)(주),,25,25,2738,2008,3803,3803,1.39,73.3,,,,,확정,540,118,92,1817,99,30,42,108,40,370,46,408,32,61,0
368,은하수,2024-04-10,12세이상관람가,드라마,최정한,(주)영화특별시에스엠씨,Y,49,49,1283,363,2178,3738,2.91,28.3,,,,,확정,568,175,97,131,135,110,67,207,14,9,344,283,19,19,4
369,납치 48시간,2026-06-17,15세이상관람가,액션,정장환,(주)누리픽쳐스,,64,64,3043,1912,3170,3732,1.23,62.8,,,,,확정,486,261,256,1267,389,213,171,9,66,7,24,17,4,0,9
370,주희에게,2026-04-15,12세이상관람가,다큐멘터리,,미디어나무(주),Y,11,20,1366,122,1404,3725,2.73,8.9,,,,,확정,155,961,90,20,12,108,20,4,4,7,4,9,4,6,1
371,비상계엄,2025-12-03,12세이상관람가,다큐멘터리,,주식회사 블루필름웍스,Y,39,39,1819,959,2715,3721,2.05,52.7,,,,,확정,598,67,286,556,117,38,157,0,1,103,676,0,66,50,0
372,생명의 은인,2025-11-05,12세이상관람가,"드라마,코미디,미스터리",방미리,(주)영화특별시에스엠씨,Y,27,27,1410,315,2159,3661,2.6,22.3,,,,,확정,961,59,38,109,168,44,31,43,581,8,80,7,12,18,5
373,태용: 티와이 트랙 인 시네마,2024-09-25,전체관람가,공연,오윤동,씨제이포디플렉스 주식회사,,76,76,2771,1267,3358,3628,1.31,45.7,,,,,확정,703,231,272,568,427,230,340,95,135,66,129,44,38,80,0
374,은빛살구,2025-01-15,12세이상관람가,드라마,장만민,(주)마노엔터테인먼트,Y,19,25,750,367,1074,3619,4.83,48.9,,,,,확정,121,139,130,145,92,54,69,32,43,22,43,131,30,23,8
375,이어지는 땅,2024-01-10,12세이상관람가,드라마,조희영,필름다빈,Y,30,30,3022,1283,3220,3555,1.18,42.5,,,,,확정,615,576,344,487,452,189,359,15,35,13,42,62,8,23,5
376,다른 것으로 알려질 뿐이지,2025-08-27,15세이상관람가,"드라마,멜로/로맨스",조희영,영화로운 형제,Y,31,31,1487,703,2212,3487,2.34,47.3,,,,,확정,333,158,270,146,287,96,197,106,157,88,142,105,67,60,43
377,식사이론,2025-08-20,12세이상관람가,"코미디,판타지,드라마",,롯데컬처웍스(주)롯데시네마,,75,75,2862,712,3106,3486,1.22,24.9,,,,,확정,1138,812,169,258,285,86,114,33,47,42,41,45,11,25,15
378,장인과 사위,2024-02-15,12세이상관람가,"코미디,드라마",최이현,주식회사 제이씨엔터웍스,Y,49,49,1432,841,1575,3467,2.42,58.7,,,,,확정,305,209,297,335,118,124,44,70,8,9,21,12,14,9,2
379,양양,2025-10-22,12세이상관람가,다큐멘터리,양주연,(주)영화사 진진,Y,30,30,826,368,1295,3451,4.18,44.6,,,,,확정,192,117,117,109,142,56,93,103,45,92,71,39,80,39,18
380,2021 방탄소년단 머스터 소우주 리마스터링,2025-09-23,전체관람가,공연,,메가박스중앙(주),,1,75,150,0,1750,3404,22.69,0.0,,,,,확정,150,0,0,0,0,0,0,0,395,187,230,454,241,93,147
381,엘스타 2 : 드리미 스테이지,2024-11-30,전체관람가,"애니메이션,공연",,씨제이 씨지브이(CJ CGV)(주),,15,15,1711,1609,2629,3399,1.99,94.0,,,,,확정,1187,422,0,0,0,0,102,536,303,0,0,0,0,79,413
382,정돌이,2025-02-12,12세이상관람가,다큐멘터리,김대현,인디라인,Y,13,15,768,422,1578,3391,4.42,54.9,,,,,확정,78,62,175,70,177,41,165,63,129,52,113,296,58,99,40
383,풍기,2024-08-28,12세이상관람가,코미디,박규식,"(주)드림팩트엔터테인먼트,(주)빅브라더스",Y,48,48,1286,527,1784,3386,2.63,41.0,,,,,확정,402,155,126,241,160,103,99,30,81,73,93,87,44,90,85
384,감독판 김일성의 아이들,2024-06-25,12세이상관람가,다큐멘터리,김덕영,"다큐스토리프로덕션,(주)다자인소프트",Y,39,60,2299,674,2671,3361,1.46,29.3,,,,,확정,925,241,329,330,174,170,130,166,9,16,18,130,0,33,0
385,된장이,2025-07-02,12세이상관람가,"코미디,드라마",조한별,(주)영화특별시에스엠씨,Y,29,31,1082,228,1311,3284,3.04,21.1,,,,,확정,481,222,60,79,89,53,98,2,9,3,152,5,7,51,48
386,엄마의 왕국,2024-07-24,15세이상관람가,"범죄,드라마,미스터리",이상학,스튜디오 에이드,Y,24,27,986,404,1291,3252,3.3,41.0,,,,,확정,287,107,120,117,167,90,98,45,24,41,70,34,53,38,15
387,우리 둘 사이에,2025-07-30,12세이상관람가,드라마,성지혜,㈜인디스토리,Y,32,32,1302,623,1607,3162,2.43,47.8,,,,,확정,272,152,218,217,188,100,155,20,67,36,59,13,23,87,34
388,엔하이픈 월드 투어 '페이트',2025-07-10,전체관람가,공연,,씨제이 씨지브이(CJ CGV)(주),,29,37,3120,2622,3120,3120,1.0,84.0,,,,,확정,498,740,735,1147,0,0,0,0,0,0,0,0,0,0,0
389,방탄소년단 '맵 오브 더 소울 : 원',2025-07-10,전체관람가,공연,,씨제이 씨지브이(CJ CGV)(주),,53,53,3109,2335,3109,3109,1.0,75.1,,,,,확정,774,544,1051,740,0,0,0,0,0,0,0,0,0,0,0
390,남으로 가는 길,2025-04-02,15세이상관람가,"드라마,액션,가족",김상래,THE 픽쳐스,,40,40,2445,922,2583,3049,1.25,37.7,,,,,확정,734,535,186,387,349,135,119,75,0,63,0,0,0,0,0
391,넌센스,2025-11-26,15세이상관람가,"스릴러,드라마",이제희,주식회사 로아앤코홀딩스,Y,40,42,1959,724,2274,3046,1.55,37.0,,,,,확정,382,179,191,296,237,261,413,27,145,17,19,77,20,10,22
392,차은우 브이알 콘서트 : 메모리즈 (CHA EUN-WOO VR CONCERT : MEMORIES ),2025-06-18,전체관람가,공연,김지애,(주)어메이즈브이알코리아,,2,2,1282,487,1911,3004,2.34,38.0,,,,,확정,492,118,99,190,198,77,108,66,75,130,141,100,55,62,82
393,소리없이 나빌레라,2026-06-24,전체관람가,다큐멘터리,현진식,영화로운 형제,Y,25,25,577,213,1291,2998,5.2,36.9,,,,,,111,116,65,82,66,62,75,70,91,124,196,50,16,167,202
394,투모로우바이투게더 월드 투어 '액트 : 스위트 미라지',2025-07-10,전체관람가,공연,,씨제이 씨지브이(CJ CGV)(주),,23,37,2980,2710,2980,2980,1.0,90.9,,,,,확정,270,459,1533,718,0,0,0,0,0,0,0,0,0,0,0
395,숨,2025-03-12,12세이상관람가,다큐멘터리,윤재호,㈜인디스토리,Y,35,35,1335,657,1722,2965,2.22,49.2,,,,,확정,226,278,163,290,204,96,78,76,33,51,80,68,42,37,16
396,두 사람,2025-02-12,12세이상관람가,다큐멘터리,반박지은,"반박지은필름,(주)시네마달",Y,26,27,1019,529,1394,2826,2.77,51.9,,,,,확정,216,121,108,182,239,67,86,39,27,58,91,86,26,48,9
397,씨그널: 바다의 마지막 신호,2025-07-16,전체관람가,다큐멘터리,"박정례,이지윤","(주)보더레스랩,(주)스튜디오디에이치엘",Y,20,22,409,173,938,2754,6.73,42.3,,,,,확정,119,36,44,57,72,42,39,30,238,92,32,49,29,59,38
398,페퍼톤스 인 시네마 : 에브리씽 이즈 오케이,2025-05-09,전체관람가,공연,조윤수,"롯데컬처웍스(주)롯시플,(주)영화사 그램",Y,49,49,1949,1498,2518,2692,1.38,76.9,,,,,확정,382,420,696,86,52,279,34,73,78,360,16,26,10,6,20
399,이머시브 시네마: 뽀로로 극장판 스위트캐슬 대모험,2025-12-13,전체관람가,애니메이션,천유림,롯데컬처웍스(주)롯데엔터테인먼트,,1,1,542,542,1526,2679,4.94,100.0,,,,,확정,209,333,0,0,0,0,0,230,209,0,0,0,445,100,199
400,잔챙이,2025-06-18,12세이상관람가,드라마,박중하,"봄베씨네,에이치필름",Y,31,31,1532,634,1693,2663,1.74,41.4,,,,,확정,422,155,152,199,283,106,215,16,13,51,39,17,5,20,3
401,THE 자연인,2025-08-20,12세이상관람가,"코미디,미스터리",노영석,스톤워크,Y,23,26,719,337,1334,2649,3.68,46.9,,,,,확정,83,173,54,150,133,64,62,44,55,30,222,66,115,83,39
402,돌들이 말할 때까지,2024-04-17,12세이상관람가,다큐멘터리,김경만,"(주)디스테이션,무브먼트",Y,48,54,1194,491,1665,2615,2.19,41.1,,,,,확정,359,117,107,161,223,106,121,66,126,43,56,73,48,59,35
403,"직사각형, 삼각형",2026-01-21,15세이상관람가,드라마,이희준,필름다빈,Y,16,16,762,353,1431,2577,3.38,46.3,,,,,확정,197,77,96,75,182,57,78,13,14,151,165,86,229,11,156
404,새벽의 Tango,2026-04-22,15세이상관람가,드라마,김효은,(주)스튜디오디에이치엘,Y,23,23,566,248,1011,2525,4.46,43.8,,,,,확정,180,49,72,81,95,48,41,75,83,85,22,7,57,116,30
405,하우치,2024-11-13,15세이상관람가,"멜로/로맨스,드라마",김명균,주식회사 제이씨엔터웍스,Y,50,50,981,368,1091,2516,2.56,37.5,,,,,확정,164,91,73,215,80,59,299,3,0,2,2,0,103,0,0
406,라리랑,2025-10-29,12세이상관람가,"가족,코미디,드라마",나선희,(주)누리픽쳐스,Y,26,26,467,202,885,2513,5.38,43.3,,,,,확정,96,61,82,60,60,61,47,93,0,6,7,0,305,7,0
407,대한민국은 국민이 합니다,2026-01-22,12세이상관람가,다큐멘터리,조은성,와이드 릴리즈(주),Y,34,60,673,399,750,2513,3.73,59.3,,,,,확정,67,57,181,161,94,90,23,20,2,5,48,0,2,0,0
408,양치기,2024-06-12,15세이상관람가,"드라마,스릴러",손경원,(주)마노엔터테인먼트,Y,24,24,662,394,1018,2418,3.65,59.5,,,,,확정,99,59,59,140,195,46,64,50,7,200,7,48,22,22,0
409,가족의 비밀,2025-09-10,12세이상관람가,"드라마,코미디",이상훈,(주)스튜디오디에이치엘,Y,31,31,507,151,1637,2404,4.74,29.8,,,,,확정,167,54,38,53,60,42,93,8,10,84,4,16,0,1008,3
410,프랑켄슈타인 아버지,2025-04-02,12세이상관람가,드라마,최재영,스튜디오 에이드,Y,23,32,372,132,585,2380,6.4,35.5,,,,,확정,90,52,30,72,30,54,44,13,46,31,39,35,22,27,2
411,위험사회,2025-12-24,15세이상관람가,"드라마,멜로/로맨스,범죄",김병준,할머니가 들려주는 이야기,Y,17,17,2297,771,2326,2353,1.02,33.6,,,,,확정,650,229,374,229,168,246,401,5,6,4,2,2,4,6,3
412,김범수 25주년 콘서트 필름 : 여행,2024-12-11,전체관람가,공연,,"롯데컬처웍스(주)롯시플,(주)영화사 그램",,44,44,1043,625,1755,2269,2.18,59.9,,,,,확정,217,118,140,355,130,35,48,26,346,23,152,56,93,16,37
413,피로 지켜낸 대한민국,2025-10-16,15세이상관람가,다큐멘터리,"금기백,애진아",주식회사 킨스튜디오,,19,20,462,230,638,2269,4.91,49.8,,,,,확정,60,74,105,51,47,107,18,97,3,1,69,5,0,1,74
414,전장의 유산,2025-05-21,12세이상관람가,다큐멘터리,김채영,컬츠인큐티에프,,14,16,1828,586,2136,2263,1.24,32.1,,,,,확정,482,442,304,163,119,175,143,20,41,96,31,41,35,44,10
415,반칙왕 몽키,2026-05-20,전체관람가,다큐멘터리,"황다은,박홍열",(주)스튜디오그레인풀,Y,28,28,725,307,1214,2259,3.12,42.3,,,,,확정,154,75,53,110,144,89,100,97,53,157,28,39,20,95,22
416,정뱅이,2026-06-24,전체관람가,다큐멘터리,오정훈,미디어나무(주),Y,10,10,774,103,1176,2200,2.84,13.3,,,,,,535,85,83,15,5,42,9,42,1,3,98,3,0,255,0
417,망국전쟁 : 뉴라이트의 시작,2025-07-23,12세이상관람가,다큐멘터리,구진형,주식회사 한류역사문화티브이,,28,28,541,200,808,2136,3.95,37.0,,,,,확정,132,63,49,72,79,65,81,9,5,5,9,25,3,211,0
418,7인의 황후,2025-02-26,15세이상관람가,"코미디,드라마",신철승,(주)드림팩트엔터테인먼트,,5,5,1557,935,1557,2122,1.36,60.1,,,,,확정,318,304,317,310,308,0,0,0,0,0,0,0,0,0,0
419,스즈메의 문단속-하이라이트 필름콘서트,2025-03-26,12세이상관람가,애니메이션,,"씨제이포디플렉스 주식회사,씨제이 씨지브이(CJ CGV)(주)",,28,28,1989,869,2122,2122,1.07,43.7,,,,,확정,634,244,223,406,240,116,126,28,17,12,22,29,9,16,0
420,귀신들,2025-04-09,12세이상관람가,"SF,드라마",황승재,영화로운 형제,Y,34,40,919,449,1298,2096,2.28,48.9,,,,,확정,141,204,125,209,115,60,65,18,50,113,160,17,9,12,8
421,송송송 가족여행 : 전기차 지구횡단,2025-09-10,전체관람가,"다큐멘터리,어드벤처,가족",송진욱,어쩌다 필름,Y,23,23,637,327,1027,2094,3.29,51.3,,,,,확정,125,82,43,140,144,38,65,136,129,58,33,19,10,5,1
422,씨앗의 시간,2024-11-20,전체관람가,다큐멘터리,설수안,필름다빈,Y,13,13,601,523,730,2026,3.37,87.0,,,,,확정,21,16,234,215,74,15,26,44,16,11,25,10,11,12,3
423,나는 갱년기다,2026-01-21,12세이상관람가,드라마,조연진,(주)이놀미디어,Y,15,17,1429,813,1655,2011,1.41,56.9,,,,,확정,290,189,368,358,87,37,100,25,88,22,19,28,25,19,3
424,연극 빵야,2025-03-26,12세이상관람가,공연,,씨제이 씨지브이(CJ CGV)(주),,10,11,1375,548,1991,1991,1.45,39.9,,,,,확정,247,359,148,223,177,129,92,43,59,62,115,112,58,167,0
425,샤인,2024-07-31,12세이상관람가,"드라마,가족",박석영,㈜인디스토리,Y,28,31,825,409,1128,1982,2.4,49.6,,,,,확정,137,94,180,108,121,97,88,45,54,40,21,42,37,64,26
426,현재를 위하여,2026-06-17,15세이상관람가,드라마,김다솜,(주)21스튜디오,Y,28,28,756,295,1029,1971,2.61,39.0,,,,,확정,239,89,147,108,40,58,75,31,45,30,59,21,46,41,5
427,에이티즈 에이 투 지 온 스크린,2025-10-23,전체관람가,공연,,씨지브이 아이스콘,,12,12,1953,0,1953,1953,1.0,0.0,,,,,확정,1953,0,0,0,0,0,0,0,0,0,0,0,0,0,0
428,수학영재 형주,2025-10-15,12세이상관람가,드라마,최창환,㈜인디스토리,Y,32,33,582,279,957,1948,3.35,47.9,,,,,확정,93,52,106,80,93,83,75,17,39,166,38,36,33,46,28
429,어브로드,2025-06-11,15세이상관람가,"미스터리,드라마,스릴러",지오바니 푸무,스튜디오 에이드,Y,39,39,870,486,1125,1946,2.24,55.9,,,,,확정,136,75,133,129,224,85,88,29,24,25,16,89,16,56,8
430,에스퍼의 빛,2025-11-05,12세이상관람가,"다큐멘터리,판타지,어드벤처",정재훈,시네마토그래프,Y,20,20,432,206,715,1941,4.49,47.7,,,,,확정,94,34,43,89,74,53,45,38,59,30,38,64,33,21,16
431,종이 울리는 순간,2025-11-12,전체관람가,다큐멘터리,"김주영,코메일 소헤일리",(주)시네마달,Y,15,17,265,158,449,1936,7.31,59.6,,,,,확정,33,31,18,50,90,24,19,17,23,38,29,67,1,9,20
432,바얌섬,2025-10-29,15세이상관람가,"미스터리,판타지",김유민,필름다빈,Y,21,26,634,342,821,1892,2.98,53.9,,,,,확정,97,66,54,170,118,44,85,18,7,30,55,28,28,21,7
433,투 헤븐,2025-11-05,전체관람가,다큐멘터리,김상철,파이오니아21,Y,13,13,497,273,708,1889,3.8,54.9,,,,,확정,134,43,40,125,108,25,22,5,2,0,100,100,0,4,0
434,허밍,2026-02-04,15세이상관람가,드라마,이승재,"주식회사 씨엠닉스,오카피필름",Y,9,9,351,111,556,1836,5.23,31.6,,,,,확정,15,58,25,5,81,60,107,93,73,4,31,3,1,0,1
435,만담,2025-02-05,12세이상관람가,공연,조승식,씨지브이 아이스콘,,27,28,1421,936,1584,1834,1.29,65.9,,,,,확정,336,60,71,442,423,35,54,14,23,33,17,44,17,15,7
436,대치동 스캔들,2024-06-19,15세이상관람가,"드라마,멜로/로맨스",김수인,(주)스마일이엔티,Y,62,71,1315,562,1407,1797,1.37,42.7,,,,,확정,258,246,271,134,157,130,119,19,2,15,19,14,11,12,0
437,2024 태민 월드 투어 [이페머럴 게이즈],2025-07-18,전체관람가,공연,,씨제이 씨지브이(CJ CGV)(주),,8,8,1759,1759,1759,1759,1.0,100.0,,,,,확정,827,497,435,0,0,0,0,0,0,0,0,0,0,0,0
438,늦더위,2024-05-22,12세이상관람가,드라마,서한솔,필름다빈,Y,21,23,566,368,743,1741,3.08,65.0,,,,,확정,65,39,41,116,211,34,60,16,12,15,28,38,28,40,6
439,내가 누워있을 때,2025-05-28,12세이상관람가,드라마,최정문,(주)시네마달,Y,18,25,475,244,609,1727,3.64,51.4,,,,,확정,64,65,121,47,76,34,68,10,18,13,47,21,14,11,8
440,세입자,2024-12-04,15세이상관람가,"SF,스릴러,공포(호러),판타지",윤은경,㈜인디스토리,Y,25,25,482,221,605,1688,3.5,45.9,,,,,확정,108,39,49,109,63,52,62,12,29,8,18,27,13,16,27
441,"[마이 아티 필름] 루시: 개화, 히어로 그리고 낙화",2024-08-28,전체관람가,"판타지,드라마",,씨제이 씨지브이(CJ CGV)(주),,1,1,1687,1015,1687,1687,1.0,60.2,,,,,확정,335,337,336,341,338,0,0,0,0,0,0,0,0,0,0
442,[마이 아티 필름] 보이넥스트도어 : 부모님 관람 불가,2024-09-04,전체관람가,드라마,,씨제이 씨지브이(CJ CGV)(주),,1,1,1679,1008,1679,1679,1.0,60.0,,,,,확정,335,336,336,336,336,0,0,0,0,0,0,0,0,0,0
443,훈련사,2026-05-13,12세이상관람가,스릴러,서은선,(주)마노엔터테인먼트,Y,26,26,486,197,665,1679,3.45,40.5,,,,,확정,128,62,60,80,57,48,51,18,11,14,18,69,31,18,0
444,부산포니아,2025-10-22,12세이상관람가,드라마,이서호,(주)삼백상회,Y,45,45,1113,329,1146,1674,1.5,29.6,,,,,확정,507,181,190,56,83,39,57,2,8,6,6,4,4,3,0
445,진주의 진주,2024-07-24,12세이상관람가,드라마,김록경,영화배급협동조합 씨네소파,Y,25,26,746,278,956,1671,2.24,37.3,,,,,확정,137,79,93,88,97,72,180,28,28,20,39,15,8,72,11
446,뮤지컬 오지게 재밌는 가시나들,2025-07-23,전체관람가,뮤지컬,,(주)한국영상연합,,14,14,1149,415,1651,1651,1.44,36.1,,,,,확정,510,32,56,156,203,81,111,37,41,32,99,59,15,219,0
447,베베핀 플레이타임,2024-07-20,전체관람가,애니메이션,변희선,더핑크퐁컴퍼니(주),Y,1,1,75,39,367,1650,22.0,52.0,,,,,확정,34,5,2,8,0,7,19,39,31,29,55,53,34,51,67
448,그림자 내각,2026-06-25,12세이상관람가,"다큐멘터리,드라마",,주식회사 블루필름웍스,Y,6,10,109,46,123,1636,15.01,42.2,,,,,확정,37,11,17,18,13,8,5,1,0,2,8,0,1,2,25
449,미지수,2024-05-08,12세이상관람가,"드라마,멜로/로맨스,가족,SF,판타지",이돈구,㈜인디스토리,Y,29,30,598,265,796,1608,2.69,44.3,,,,,확정,107,88,81,126,58,49,89,20,35,37,27,33,32,14,20
450,[마이 아티 필름] 온앤오프 : 뷰티풀 뷰티풀,2024-08-07,전체관람가,드라마,,씨제이 씨지브이(CJ CGV)(주),,1,1,1608,936,1608,1608,1.0,58.2,,,,,확정,341,331,307,332,297,0,0,0,0,0,0,0,0,0,0
451,뮤지컬 라파치니의 정원,2025-07-09,12세이상관람가,"공연,뮤지컬",,(주)한국영상연합,,14,14,1164,460,1603,1603,1.38,39.5,,,,,확정,429,129,83,204,173,0,146,66,57,59,61,77,41,78,0
452,리플레이,2025-11-06,15세이상관람가,"멜로/로맨스,코미디,드라마",황경성,주식회사 제이씨엔터웍스,Y,27,33,829,650,853,1600,1.93,78.4,,,,,확정,125,75,270,305,21,27,6,0,1,0,0,0,0,23,0
453,열 개의 우물,2024-10-30,12세이상관람가,다큐멘터리,김미례,감 픽쳐스,Y,9,11,227,81,511,1580,6.96,35.7,,,,,확정,27,71,15,19,47,19,29,34,38,0,38,104,6,64,10
454,구마수녀 - 들러붙었구나,2025-07-17,15세이상관람가,공포(호러),노홍진,"(주)제이앤씨미디어그룹,와이드 릴리즈(주)",Y,38,38,933,600,998,1580,1.69,64.3,,,,,확정,148,253,160,187,81,93,11,5,6,12,15,14,6,7,7
455,비밀의 화원,2025-07-23,12세이상관람가,드라마,김성환,미디어나무(주),Y,9,11,133,55,389,1570,11.8,41.4,,,,,확정,18,15,20,18,17,30,15,1,2,13,3,13,1,223,183
456,"희망의 발견, 알래스카에서",2026-07-04,전체관람가,다큐멘터리,정형민,(주)드림팩트엔터테인먼트,Y,3,5,584,149,1099,1560,2.67,25.5,,,,,,84,65,86,70,45,163,71,100,141,86,85,0,100,3,51
457,모르는 이야기,2024-04-24,12세이상관람가,"판타지,어드벤처,드라마",양근영,(주)마노엔터테인먼트,Y,24,24,428,218,532,1547,3.61,50.9,,,,,확정,77,45,57,80,81,46,42,9,50,9,17,7,4,8,6
458,천국은 없다,2025-06-25,청소년관람불가,"액션,스릴러",손승웅,"(주)디스테이션,(주)삼백상회",Y,39,39,804,376,850,1546,1.92,46.8,,,,,확정,118,106,71,107,198,105,99,5,8,5,3,14,3,8,0
459,"폴킴, 친애하는 당신께",2025-05-07,전체관람가,"다큐멘터리,드라마",,씨지브이 아이스콘,,27,27,932,711,1304,1523,1.63,76.3,,,,,확정,114,47,40,380,291,36,24,17,15,6,303,6,9,16,0
460,울산의 별,2024-01-24,15세이상관람가,드라마,정기혁,영화로운 형제,Y,21,21,704,355,879,1514,2.15,50.4,,,,,확정,152,97,106,131,118,56,44,8,20,37,6,86,12,6,1
461,엔하이픈 : 이머전 인 시네마,2026-04-08,전체관람가,기타,김경국,씨제이포디플렉스 주식회사,,17,17,1410,688,1507,1507,1.07,48.8,,,,,확정,415,178,199,247,242,57,72,0,0,0,0,97,0,0,0
462,자기만의 방,2024-11-20,12세이상관람가,"가족,드라마,코미디,멜로/로맨스",오세호,(주)씨네필운,Y,27,27,494,185,535,1478,2.99,37.4,,,,,확정,126,83,41,72,72,36,64,5,5,7,16,3,1,4,0
463,1026: 새로운 세상을 위한,2026-05-20,15세이상관람가,"다큐멘터리,드라마",최위안,"THE 픽쳐스,(주)빅브라더스",Y,22,22,686,196,801,1477,2.15,28.6,,,,,확정,193,43,54,60,82,77,177,1,33,2,9,8,15,47,134
464,기억의 조각,2025-05-29,12세이상관람가,드라마,이광복,목영이엔엠,Y,14,14,1131,272,1136,1456,1.29,24.0,,,,,확정,264,76,110,86,80,180,335,1,1,0,3,0,0,0,0
465,일과 날,2025-07-16,전체관람가,다큐멘터리,"박민수,안건형",스튜디오 에이드,Y,16,22,349,164,515,1455,4.17,47.0,,,,,확정,64,27,68,33,63,34,60,13,16,10,32,32,35,28,16
466,로망스,2025-02-27,12세이상관람가,"코미디,멜로/로맨스",한만택,"(주)제이앤씨미디어그룹,와이드 릴리즈(주)",Y,15,16,433,328,478,1414,3.27,75.8,,,,,확정,36,245,36,47,32,20,17,6,4,2,6,4,23,0,0
467,모래바람,2024-11-27,전체관람가,다큐멘터리,박재민,(주)영화특별시에스엠씨,Y,29,29,519,337,606,1413,2.72,64.9,,,,,확정,67,33,93,70,174,49,33,5,4,10,8,48,6,6,1
468,동창 : 최후의 만찬,2026-02-04,15세이상관람가,"드라마,코미디",배세웅,(주)이놀미디어,Y,12,16,600,222,915,1412,2.35,37.0,,,,,확정,69,67,37,136,49,38,204,155,150,1,1,1,6,1,6
469,겨울의 빛,2026-02-04,15세이상관람가,드라마,조현서,㈜인디스토리,Y,31,31,502,232,619,1400,2.79,46.2,,,,,확정,126,64,57,102,73,48,32,10,25,28,32,4,13,5,2
470,투 브라더스,2025-01-15,15세이상관람가,다큐멘터리,닥터 케이,㈜닥터케이프로덕션,,5,7,976,336,1254,1394,1.43,34.4,,,,,확정,154,248,206,61,69,96,142,46,52,48,28,48,28,28,31
471,세월: 라이프 고즈 온,2024-03-27,전체관람가,다큐멘터리,장민경,영화배급협동조합 씨네소파,Y,25,25,318,122,434,1387,4.36,38.4,,,,,확정,108,27,37,49,36,29,32,3,19,19,32,24,5,14,20
472,노무현과 바보들: 못다한 이야기,2024-05-23,12세이상관람가,다큐멘터리,김재희,(주)라이크콘텐츠,Y,56,56,858,429,912,1358,1.58,50.0,,,,,확정,144,129,142,158,176,88,21,39,1,8,5,1,0,0,4
473,미생: 더할 나위 없었다,2024-12-20,15세이상관람가,드라마,,씨지브이 아이스콘,,24,24,1190,986,1355,1355,1.14,82.9,,,,,확정,786,112,88,65,56,40,43,16,46,18,46,39,0,0,0
474,지구 최후의 여자,2026-07-15,15세이상관람가,"드라마,코미디","염문경,이종민",주식회사 필름초이스,Y,20,20,592,312,592,1352,2.28,52.7,,,,,,112,58,82,129,101,62,48,0,0,0,0,0,0,0,0
475,엄마없는 하늘아래,2025-09-11,12세이상관람가,"가족,드라마",한명구,시네마 뉴원,Y,1,5,472,30,472,1343,2.85,6.4,,,,,확정,442,30,0,0,0,0,0,0,0,0,0,0,0,0,0
476,5월18일생,2026-05-14,15세이상관람가,드라마,송동윤,주식회사 제이씨엔터웍스,,27,27,663,208,722,1309,1.97,31.4,,,,,확정,344,50,82,76,43,34,34,14,0,5,18,0,2,20,0
477,"미스터김, 영화관에 가다",2026-02-19,전체관람가,다큐멘터리,김동호,메가박스중앙(주) 플러스엠 엔터테인먼트,,17,17,441,192,529,1301,2.95,43.5,,,,,확정,181,22,110,60,20,16,32,18,7,24,16,15,5,3,4
478,김동하 : 커넥트,2025-04-02,청소년관람불가,공연,,씨지브이 아이스콘,,20,22,875,540,1057,1280,1.46,61.7,,,,,확정,183,48,73,231,236,43,61,24,20,29,50,33,12,14,2
479,망내인: 얼굴 없는 살인자들,2025-12-17,15세이상관람가,스릴러,신재호,주식회사 제이씨엔터웍스,Y,10,11,378,213,576,1262,3.34,56.3,,,,,확정,68,34,48,69,96,37,26,7,1,12,18,46,105,9,0
480,관념의 남자 김철수,2026-04-22,12세이상관람가,"가족,코미디,드라마","이재리,차시윤",영화로운 형제,Y,10,12,314,84,559,1244,3.96,26.8,,,,,확정,92,83,14,41,29,25,30,54,48,13,13,21,95,1,68
481,홍어의 역습,2025-12-10,12세이상관람가,코미디,이수성,시네마 뉴원,,3,20,70,25,184,1229,17.56,35.7,,,,,확정,29,10,11,5,9,2,4,0,94,10,10,0,0,0,0
482,검은 령,2025-08-27,15세이상관람가,공포(호러),김현준,"(주)제이앤씨미디어그룹,와이드 릴리즈(주)",Y,40,40,707,297,710,1225,1.73,42.0,,,,,확정,284,47,94,108,95,38,41,3,0,0,0,0,0,0,0
483,재즈처럼 더 무비,2024-10-02,15세이상관람가,드라마,,씨제이 씨지브이(CJ CGV)(주),,11,11,718,31,1221,1221,1.7,4.3,,,,,확정,308,363,10,13,8,12,4,258,0,0,1,236,4,4,0
484,면접교섭,2024-12-25,전체관람가,다큐멘터리,이주아,필름다빈,Y,9,11,123,42,193,1221,9.93,34.1,,,,,확정,43,14,7,10,25,17,7,0,3,1,40,14,4,8,114
485,영생인,2025-12-24,15세이상관람가,"미스터리,스릴러",김상훈,(주)픽처하우스,Y,2,5,28,12,141,1213,43.32,42.9,,,,,확정,2,8,11,1,0,3,3,5,58,0,48,0,2,0,0
486,간첩사냥,2026-02-25,15세이상관람가,"코미디,범죄",이준혁,(주)마노엔터테인먼트,Y,23,23,432,168,492,1206,2.79,38.9,,,,,확정,99,81,34,91,43,48,36,3,29,15,3,7,1,2,1
487,벗어날 탈 脫,2024-02-21,15세이상관람가,미스터리,서보형,영화배급협동조합 씨네소파,Y,12,14,410,265,583,1204,2.94,64.6,,,,,확정,44,22,75,142,48,30,49,13,17,47,46,32,5,13,4
488,바리데기,2024-09-04,청소년관람불가,"공포(호러),미스터리",이세원,시네마 뉴원,Y,33,33,809,343,827,1199,1.48,42.4,,,,,확정,261,105,145,128,70,70,30,6,5,2,1,3,0,1,1
489,스피릿 핑거스! 1화,2025-08-20,12세이상관람가,"드라마,멜로/로맨스",이철하,주식회사 넘버쓰리픽쳐스,,21,21,1192,938,1192,1192,1.0,78.7,,,,,확정,145,72,30,440,468,19,18,0,0,0,0,0,0,0,0
490,미명,2026-07-08,15세이상관람가,드라마,이원영,시네마토그래프,Y,18,19,578,167,769,1153,1.99,28.9,,,,,,93,48,51,74,42,224,46,15,29,19,19,28,16,65,0
491,고양이키스 : 당신에게 마음을 여는 순간,2025-02-05,전체관람가,드라마,황수빈,(주)모토,Y,18,18,283,143,389,1150,4.06,50.5,,,,,확정,47,41,58,40,45,23,29,14,1,35,6,7,3,40,3
492,잊혀진 대통령: 김영삼의 개혁시대,2026-01-28,12세이상관람가,다큐멘터리,이재진,(주)다자인소프트,Y,22,36,757,217,758,1140,1.51,28.7,,,,,확정,398,70,64,92,61,37,35,0,0,1,0,0,0,0,0
493,꿈꾸는 사진관,2025-07-16,전체관람가,드라마,정초신,시네마 뉴원,Y,11,11,638,82,706,1131,1.77,12.9,,,,,확정,283,237,28,22,32,12,24,6,5,12,0,12,15,18,2
494,디바 야누스,2025-10-22,전체관람가,다큐멘터리,조은성,(주)디스테이션,Y,22,23,335,141,411,1121,3.35,42.1,,,,,확정,73,36,35,48,58,39,46,9,18,9,16,10,6,8,2
495,우리의 이름,2025-11-26,15세이상관람가,드라마,이상록,(주)에무필름즈,Y,16,16,236,87,365,1121,4.75,36.9,,,,,확정,42,38,26,41,20,38,31,3,50,7,29,6,26,8,6
496,풀,2025-06-18,청소년관람불가,다큐멘터리,이수정,미디어나무(주),Y,21,21,364,60,466,1115,3.06,16.5,,,,,확정,232,26,21,20,19,17,29,7,7,0,50,0,33,5,8
497,815사수작전,2025-08-14,12세이상관람가,코미디,손병조,시네마 뉴원,Y,10,10,177,46,255,1114,6.29,26.0,,,,,확정,98,4,25,17,12,16,5,10,13,47,0,2,4,2,1
498,"오, 발렌타인",2026-03-11,15세이상관람가,다큐멘터리,홍진훤,(주)시네마달,Y,19,19,293,164,489,1106,3.77,56.0,,,,,확정,49,34,31,66,67,19,27,42,11,18,31,66,7,21,22
499,4월의 불꽃,2025-03-27,12세이상관람가,드라마,"송영신,도영찬","THE 픽쳐스,(주)빅브라더스",Y,22,22,448,243,474,1104,2.46,54.2,,,,,확정,98,113,57,73,31,51,25,4,0,5,3,12,2,0,0
500,악의 진화 퍼스트레이디2,2026-02-26,12세이상관람가,"다큐멘터리,드라마",문승욱,주식회사 블루필름웍스,Y,69,69,1039,308,1061,1096,1.05,29.6,,,,,확정,541,91,107,110,93,63,34,4,2,11,2,2,1,0,0
501,박정희: 경제대국을 꿈꾼 남자 특별판,2024-08-14,12세이상관람가,"공연,뮤지컬,드라마",손현우,메가박스중앙(주),,19,24,828,332,993,1091,1.32,40.1,,,,,확정,77,251,111,138,83,75,93,25,28,25,33,18,22,14,2
502,그 사람 경허(鏡虛) 선사,2026-03-19,12세이상관람가,드라마,윤용진,"(주)드림팩트엔터테인먼트,(주)빅브라더스",Y,9,9,614,250,830,1073,1.75,40.7,,,,,확정,160,64,106,80,61,88,55,37,40,40,46,15,30,8,15
503,멀고도 가까운,2025-12-03,15세이상관람가,"멜로/로맨스,판타지",최인규,주식회사 씨엠닉스,Y,8,8,245,74,501,1059,4.32,30.2,,,,,확정,46,47,14,14,46,34,44,146,64,3,23,13,5,2,9
504,조폭인 내가 고등학생이 되었습니다,2024-02-22,15세이상관람가,"판타지,드라마",이성택,주식회사 넘버쓰리픽쳐스,,14,16,1039,784,1039,1039,1.0,75.5,,,,,확정,194,40,400,344,34,27,0,0,0,0,0,0,0,0,0
505,안동,2025-10-16,12세이상관람가,"드라마,판타지",김홍익,"마루아트센터(주),(주)드림팩트엔터테인먼트",Y,8,8,340,220,417,1039,3.06,64.7,,,,,확정,24,13,110,97,33,52,11,34,6,21,2,5,6,3,2
506,가능주의자,2026-07-15,12세이상관람가,다큐멘터리,박이윤정,(주)이놀미디어,Y,11,15,567,292,567,1039,1.83,51.5,,,,,,95,124,125,146,21,14,42,0,0,0,0,0,0,0,0
507,소영의 노력,2026-07-22,전체관람가,"다큐멘터리,드라마",오재형,필름다빈,Y,0,2,0,0,0,1036,,,,,,,확정,0,0,0,0,0,0,0,0,0,0,0,0,0,0,0
508,차은우 : 메모리즈 인 시네마,2025-09-24,전체관람가,공연,김지애,씨제이포디플렉스 주식회사,,25,25,715,223,1033,1033,1.44,31.2,,,,,확정,310,105,83,75,65,38,39,131,61,30,28,17,14,37,0
509,개그맨,2024-10-23,15세이상관람가,코미디,전승표,(주)디스테이션,Y,31,34,408,186,420,1027,2.52,45.6,,,,,확정,83,35,57,47,82,55,49,0,4,1,2,5,0,0,20
510,직지루트; 테라 인코그니타,2025-11-12,전체관람가,다큐멘터리,우광훈,와이드 릴리즈(주),Y,4,10,263,87,369,1024,3.89,33.1,,,,,확정,15,31,43,21,23,66,64,0,24,29,12,6,19,16,0
511,해피해피,2025-05-29,12세이상관람가,드라마,이수성,시네마 뉴원,,14,14,284,67,571,1008,3.55,23.6,,,,,확정,190,9,29,29,14,10,3,120,0,57,59,0,50,1,0
512,지느러미,2026-07-22,15세이상관람가,"SF,스릴러",박세영,(주)에무필름즈,Y,0,6,0,0,0,999,,,,,,,확정,0,0,0,0,0,0,0,0,0,0,0,0,0,0,0
513,마녀들의 카니발,2024-09-25,12세이상관람가,다큐멘터리,박지선,영화배급협동조합 씨네소파,Y,8,11,164,18,213,998,6.09,11.0,,,,,확정,99,24,7,6,5,7,16,15,8,15,1,3,4,3,6
514,레이의 겨울방학,2026-02-25,전체관람가,드라마,박석영,영화사 삼순,Y,21,21,503,120,679,981,1.95,23.9,,,,,확정,88,202,12,68,40,58,35,10,34,34,30,43,21,4,52
515,아가미,2024-11-27,15세이상관람가,"가족,드라마,미스터리",유승원,영화로운 형제,Y,22,22,394,114,499,955,2.42,28.9,,,,,확정,187,25,26,41,47,48,20,8,6,3,36,37,2,13,0
516,아이엠 포포,2026-05-21,12세이상관람가,"SF,드라마",,시네마 뉴원,,4,8,780,339,781,938,1.2,43.5,,,,,확정,219,308,12,19,6,216,0,0,1,0,0,0,0,0,0
517,2023 심규선 단독 콘서트 : 우리 앞의 세계,2024-07-27,전체관람가,공연,이승남,(주)영화사 그램,,2,7,559,559,936,936,1.67,100.0,,,,,확정,559,0,0,0,0,0,0,377,0,0,0,0,0,0,0
518,보통의 우주는 찬란함을 꿈꾸는가?,2024-06-26,15세이상관람가,코미디,김보원,㈜인디스토리,Y,14,14,318,132,440,925,2.91,41.5,,,,,확정,113,24,36,48,48,17,32,8,17,20,34,5,15,23,11
519,다시 김대중-함께 합시다,2024-03-28,12세이상관람가,다큐멘터리,김진홍,주식회사 블루필름웍스,Y,46,58,640,358,656,912,1.43,55.9,,,,,확정,88,70,156,132,56,118,20,0,8,0,1,4,0,3,0
520,부모 바보,2025-01-08,15세이상관람가,드라마,이종수,보리수나무영화사,Y,13,17,347,108,483,912,2.63,31.1,,,,,확정,120,21,29,44,35,22,76,17,17,2,25,51,7,17,22
521,하루 또 하루,2025-04-17,12세이상관람가,드라마,박용기,주식회사 블루필름웍스,,8,12,261,77,264,893,3.42,29.5,,,,,확정,130,63,4,10,2,48,4,2,0,1,0,0,0,0,0
522,잠자리 구하기,2024-10-16,12세이상관람가,다큐멘터리,홍다예,(주)디오시네마,Y,27,27,402,178,509,888,2.21,44.3,,,,,확정,56,81,47,51,80,28,59,17,7,41,7,10,13,12,15
523,사랑의 하츄핑: 고래보석의 전설,2026-08-05,전체관람가,애니메이션,김수훈,(주)바이포엠스튜디오,,0,4,0,0,0,874,,,,,,,,0,0,0,0,0,0,0,0,0,0,0,0,0,0,0
524,아이 킬 유,2025-07-23,15세이상관람가,"액션,드라마",유하,(주)트리플픽쳐스,,18,22,870,384,870,870,1.0,44.1,,,,,확정,165,122,129,127,128,85,114,0,0,0,0,0,0,0,0
525,최초의 기억,2025-11-12,12세이상관람가,드라마,"안선경,장건재",(주)모쿠슈라,Y,6,6,128,61,190,859,6.71,47.7,,,,,확정,41,7,9,43,9,12,7,9,10,1,6,0,32,4,1
526,사랑가 사랑을 더하다,2025-10-23,15세이상관람가,드라마,이한열,(주)피터팬픽쳐스,,5,7,321,34,431,817,2.55,10.6,,,,,확정,267,3,17,14,9,5,6,0,0,0,0,0,102,8,1
527,페이퍼맨,2024-10-16,15세이상관람가,드라마,기모태,"(주)라이크콘텐츠,(주)플레이그램",Y,16,21,437,185,470,800,1.83,42.3,,,,,확정,83,79,40,66,79,38,52,9,6,0,4,7,3,4,24
528,당신이 영화를 그만두면 안 되는 30가지 이유: 3막 Impact Zone 폭발,2026-01-28,15세이상관람가,드라마,,(주)씨제이이엔엠,,19,19,595,154,595,799,1.34,25.9,,,,,확정,92,149,44,41,69,147,53,0,0,0,0,0,0,0,0
529,연련,2024-03-27,12세이상관람가,"가족,드라마,사극",강서곤,나도밤보 주식회사,Y,5,5,42,23,174,789,18.79,54.8,,,,,확정,12,4,4,10,9,2,1,0,88,0,2,0,0,42,39
530,파이 굽는 엄마,2026-03-26,전체관람가,다큐멘터리,이종은,주식회사 블루필름웍스,Y,7,7,231,50,350,788,3.41,21.6,,,,,확정,136,26,8,16,23,14,8,4,0,1,0,1,5,108,0
531,페르소나: 이상한 여자,2025-01-15,15세이상관람가,드라마,정형석,"(주)플레이그램,(주)태양미디어그룹",Y,19,19,381,238,478,778,2.04,62.5,,,,,확정,49,37,90,105,43,21,36,3,17,35,16,13,9,4,4
532,프리즘 오브 그레이 락,2025-12-17,15세이상관람가,"가족,드라마",곽민영,영화로운 형제,Y,10,10,428,175,526,777,1.82,40.9,,,,,확정,62,55,18,82,75,83,53,12,0,16,49,2,8,11,4
533,울지 않는 아이,2025-04-09,15세이상관람가,드라마,이혁종,(주)팝엔터테인먼트,Y,30,40,537,285,570,767,1.43,53.1,,,,,확정,65,92,67,93,125,48,47,9,4,2,4,7,0,7,15
534,태극기 집회 / 7년의 기록,2025-06-19,12세이상관람가,다큐멘터리,,거짓과 진실,,17,29,752,386,767,767,1.02,51.3,,,,,확정,69,88,157,141,89,188,20,3,0,5,0,0,7,0,0
535,핑크퐁 원더스타 특별편: 호기와 도둑자동차,2024-07-18,전체관람가,애니메이션,,더핑크퐁컴퍼니(주),,1,2,42,0,79,765,18.21,0.0,,,,,확정,42,0,0,0,0,0,0,0,12,0,11,0,0,14,0
536,오키나와 블루노트,2025-07-23,15세이상관람가,드라마,조성규,(주)와우,Y,9,12,419,203,628,753,1.8,48.4,,,,,확정,56,37,50,84,69,50,73,43,32,0,20,53,32,29,0
537,스피릿 핑거스! 2화,2025-08-20,12세이상관람가,"드라마,멜로/로맨스",이철하,주식회사 넘버쓰리픽쳐스,,16,16,735,594,735,735,1.0,80.8,,,,,확정,72,28,36,259,299,26,15,0,0,0,0,0,0,0,0
538,마다가스카르 뮤직,2025-09-25,전체관람가,다큐멘터리,정초신,시네마 뉴원,Y,4,5,76,21,133,706,9.29,27.6,,,,,확정,28,6,8,7,7,16,4,21,2,0,1,10,8,15,19
539,"뉴클래식 프로젝트 미안하다, 사랑한다",2024-11-16,15세이상관람가,멜로/로맨스,,씨제이 씨지브이(CJ CGV)(주),,7,7,676,676,676,676,1.0,100.0,,,,,확정,676,0,0,0,0,0,0,0,0,0,0,0,0,0,0
540,검치호,2024-03-28,15세이상관람가,"액션,스릴러",이강욱,"(주)드림팩트엔터테인먼트,(주)빅브라더스",Y,5,5,43,21,117,674,15.67,48.8,,,,,확정,9,4,4,13,3,10,0,0,0,0,70,0,3,1,3
541,똥 싸는 소리,2024-07-31,12세이상관람가,드라마,조재형,사단법인 광주영화영상인연대,Y,4,8,112,67,242,672,6.0,59.8,,,,,확정,16,14,30,12,25,9,6,82,3,18,6,11,4,6,3
542,아주 오래된 미래도시,2024-06-19,전체관람가,다큐멘터리,조은성,(주)영화사오원,Y,13,16,320,98,364,662,2.07,30.6,,,,,확정,134,22,24,38,36,29,37,9,4,2,5,8,7,9,4
543,장흥1950: 마을로 간 전쟁,2025-04-02,15세이상관람가,다큐멘터리,구자환,레드무비,Y,8,8,147,97,273,658,4.48,66.0,,,,,확정,33,7,10,10,77,2,8,88,9,11,5,5,0,8,5
544,드림하이: 쇼뮤지컬 온 스테이지,2026-06-04,전체관람가,공연,"김용문,장성일","(주)위즈온센,메가박스중앙(주)",,23,23,413,278,656,656,1.59,67.3,,,,,확정,58,24,166,88,44,29,4,17,13,98,87,7,21,0,0
545,기기묘묘2,2024-09-04,15세이상관람가,"공포(호러),스릴러","정경렬,남순아,구자호,송원찬,정재희",필름다빈,Y,23,23,401,223,434,648,1.62,55.6,,,,,확정,68,39,45,104,74,43,28,1,5,3,16,5,0,3,0
546,우리와 상관없이,2024-06-26,12세이상관람가,드라마,유형준,필름다빈,Y,16,16,258,131,353,644,2.5,50.8,,,,,확정,51,27,20,47,64,24,25,6,8,21,11,20,17,12,6
547,한복 입은 남자,2026-05-21,12세이상관람가,"사극,미스터리",,주식회사 블루필름웍스,,13,14,315,148,436,640,2.03,47.0,,,,,확정,68,66,32,50,48,15,36,30,0,0,0,1,90,0,0
548,초콜릿,2025-11-19,15세이상관람가,드라마,양지은,명필름랩,Y,11,13,430,254,445,621,1.44,59.1,,,,,확정,21,85,26,203,25,24,46,1,2,5,0,3,2,2,2
549,당신이 영화를 그만두면 안 되는 30가지 이유,2026-02-04,15세이상관람가,드라마,,(주)씨제이이엔엠,,17,18,606,209,606,606,1.0,34.5,,,,,확정,101,181,52,79,78,51,64,0,0,0,0,0,0,0,0
550,몽유도원,2025-02-19,12세이상관람가,"코미디,드라마",장정혜,필름다빈,Y,12,13,251,106,378,597,2.38,42.2,,,,,확정,35,62,12,66,28,17,31,27,37,7,9,45,2,0,0
551,빚가리,2024-10-16,15세이상관람가,"코미디,드라마",고봉수,필름다빈,Y,23,23,327,166,473,594,1.82,50.8,,,,,확정,59,31,68,49,49,36,35,9,7,46,45,24,4,11,1
552,가나안 김용기-조국이여 안심하라,2025-10-22,12세이상관람가,다큐멘터리,김상철,(주)드림팩트엔터테인먼트,Y,1,3,145,10,269,571,3.94,6.9,,,,,확정,6,104,9,1,0,7,18,0,124,0,0,0,0,0,1
553,방과후 퇴마클럽: 소녀들의 밤,2026-06-25,12세이상관람가,"공포(호러),코미디",,(주)테이크원컴퍼니,,4,7,570,509,570,570,1.0,89.3,,,,,확정,27,17,464,28,18,10,6,0,0,0,0,0,0,0,0
554,분리수거,2025-05-21,15세이상관람가,"드라마,멜로/로맨스",이소민,(주)이놀미디어,Y,18,19,420,168,427,567,1.35,40.0,,,,,확정,104,84,55,51,62,29,35,0,2,0,0,1,4,0,0
555,니자리,2024-06-20,15세이상관람가,"공포(호러),코미디",홍상진,"(주)드림팩트엔터테인먼트,(주)빅브라더스",Y,9,9,370,263,394,561,1.52,71.1,,,,,확정,48,41,23,199,35,16,8,0,6,0,0,1,16,1,2
556,이솝이야기,2024-07-10,12세이상관람가,공연,,주식회사 푸른잎커뮤니케이션,,10,10,560,132,560,560,1.0,23.6,,,,,확정,64,47,48,35,49,274,43,0,0,0,0,0,0,0,0
557,핑크퐁 공룡 유치원,2025-03-08,전체관람가,애니메이션,,더핑크퐁컴퍼니(주),,1,2,7,5,18,555,79.29,71.4,,,,,확정,2,3,0,0,0,0,2,0,11,0,0,0,0,0,3
558,동에 번쩍 서에 번쩍,2025-11-26,12세이상관람가,드라마,이광국,그린나래미디어(주),Y,18,18,210,44,283,540,2.57,21.0,,,,,확정,53,75,12,8,24,14,24,4,10,1,23,22,3,10,5
559,엘 스타 리:플레이 스테이지,2024-11-09,전체관람가,"애니메이션,공연",,씨제이 씨지브이(CJ CGV)(주),,1,1,522,522,522,522,1.0,100.0,,,,,확정,522,0,0,0,0,0,0,0,0,0,0,0,0,0,0
560,그날의 딸들,2024-04-03,12세이상관람가,다큐멘터리,고훈,(주)누리픽쳐스,Y,8,8,207,87,318,508,2.45,42.0,,,,,확정,57,35,41,14,32,8,20,13,9,6,5,9,63,6,12
561,원 안에 사람들,2024-12-14,15세이상관람가,드라마,임철빈,창빛 프로덕션,Y,1,1,102,96,121,500,4.9,94.1,,,,,확정,96,0,0,4,0,2,0,12,0,0,7,0,0,0,2
562,룩킹포,2024-11-06,12세이상관람가,드라마,김태희,스튜디오팔삼구,Y,7,7,77,50,147,485,6.3,64.9,,,,,확정,14,3,21,20,9,9,1,4,12,21,8,10,9,6,0
563,핑크퐁과 호기: 새 친구 니니모 1부,2025-03-08,전체관람가,애니메이션,,더핑크퐁컴퍼니(주),,1,3,20,16,39,485,24.25,80.0,,,,,확정,3,13,0,0,0,4,0,12,7,0,0,0,0,0,12
564,섬·망(望),2024-12-17,15세이상관람가,드라마,박순리,영원의 질감,Y,1,3,39,30,51,455,11.67,76.9,,,,,확정,4,2,0,0,3,27,3,0,0,5,0,0,5,2,0
565,키키의 경계성 인격장애 다이어리,2024-06-26,12세이상관람가,공연,,주식회사 푸른잎커뮤니케이션,,9,11,443,209,443,443,1.0,47.2,,,,,확정,51,57,49,116,44,88,38,0,0,0,0,0,0,0,0
566,간신의 피,2024-01-03,15세이상관람가,액션,권하,(주)에스와이코마드,Y,10,10,309,109,441,442,1.43,35.3,,,,,확정,112,48,37,39,33,22,18,5,0,111,7,6,1,2,0
567,"빛의 혁명, 민주주의를 지키다",2025-05-30,12세이상관람가,다큐멘터리,,영화로운 형제,Y,7,21,227,101,293,423,1.86,44.5,,,,,확정,12,42,47,31,49,21,25,22,13,9,14,7,0,1,0
568,오랜만이다,2024-12-25,12세이상관람가,드라마,이은정,주식회사 블루필름웍스,Y,2,7,91,47,108,418,4.59,51.6,,,,,확정,9,14,9,16,22,17,4,0,7,4,1,3,0,2,0
569,8인의 용의자들,2024-04-17,15세이상관람가,"드라마,미스터리,범죄",오인천,스튜디오타겟(주),Y,10,10,250,60,312,416,1.66,24.0,,,,,확정,90,52,0,60,0,0,48,16,0,0,0,0,0,46,10
570,사이공 선셋,2025-04-30,청소년관람불가,"멜로/로맨스,드라마",손현우,(주)로드하우스,,20,20,284,42,407,407,1.43,14.8,,,,,확정,218,12,12,16,14,12,0,0,0,123,0,0,0,0,0
571,양지뜸,2024-08-21,12세이상관람가,다큐멘터리,김상패,주식회사 블루필름웍스,Y,5,8,91,41,117,379,4.16,45.1,,,,,확정,8,10,12,11,18,7,25,0,10,10,2,1,2,1,0
572,모험의 세계 원더월드 대탐험,2026-01-29,전체관람가,"애니메이션,어드벤처",토마스 프레데릭센,콘텐츠비,,1,1,200,100,240,362,1.81,50.0,,,,,확정,100,100,0,0,0,0,0,0,0,0,0,0,40,0,0
573,이름에게,2025-10-30,전체관람가,"드라마,가족",윤권수,(주)스튜디오메타케이,Y,5,6,164,66,194,358,2.18,40.2,,,,,확정,30,6,55,5,5,58,5,5,5,5,5,5,5,0,0
574,보이지 않는,2024-12-19,15세이상관람가,"액션,스릴러",정희준,"(주)드림팩트엔터테인먼트,(주)빅브라더스",Y,8,9,128,54,156,355,2.77,42.2,,,,,확정,32,16,17,21,16,9,17,2,5,4,6,5,5,1,1
575,인터랙티브 신비아파트 : 극장귀의 속삭임,2026-07-09,전체관람가,애니메이션,채수응,씨제이 씨지브이(CJ CGV)(주),,2,2,316,256,355,355,1.12,81.0,,,,,확정,36,203,20,33,16,8,0,0,0,19,20,0,0,0,0
576,이인,2026-05-27,15세이상관람가,드라마,김경래,STUDIO351,Y,1,1,77,40,79,351,4.56,51.9,,,,,확정,10,4,0,40,0,8,15,0,0,0,0,2,0,0,3
577,드라이브,2024-04-24,12세이상관람가,"멜로/로맨스,드라마",정연,스튜디오 이상한 나라의 원더랜드,Y,2,4,98,23,175,349,3.56,23.5,,,,,확정,34,7,0,23,0,32,2,30,8,5,28,2,4,0,12
578,러비타 퍼스트 팬 콘서트,2025-11-15,전체관람가,공연,,씨제이포디플렉스 주식회사,,1,1,339,339,339,339,1.0,100.0,,,,,확정,193,146,0,0,0,0,0,0,0,0,0,0,0,0,0
579,오빠 남진 라이브 콘서트,2024-11-13,전체관람가,공연,정인성,(주)스튜디오디에이치엘,,11,11,329,253,329,329,1.0,76.9,,,,,확정,44,14,14,116,123,9,9,0,0,0,0,0,0,0,0
580,영웅들의 눈물,2024-10-02,12세이상관람가,"전쟁,드라마",장태령,시네마 뉴원,,3,3,216,19,252,312,1.44,8.8,,,,,확정,148,48,9,10,0,1,0,3,0,0,0,0,33,0,0
581,커플지옥,2025-03-13,15세이상관람가,"공포(호러),멜로/로맨스,드라마",앙리,바틀 테이스트 픽쳐스,Y,5,5,159,99,255,300,1.89,62.3,,,,,확정,40,67,8,24,8,6,6,7,6,45,10,6,14,8,0
582,도토리,2024-06-27,15세이상관람가,드라마,허영철,원코리아 미디컴,,1,1,100,0,100,291,2.91,0.0,,,,,확정,100,0,0,0,0,0,0,0,0,0,0,0,0,0,0
583,오늘부터 1일,2024-12-06,15세이상관람가,"스릴러,멜로/로맨스",김경수,델로스,Y,5,5,79,58,79,287,3.63,73.4,,,,,확정,32,10,16,10,4,3,4,0,0,0,0,0,0,0,0
584,데드 어게인,2025-05-08,청소년관람불가,"스릴러,멜로/로맨스,미스터리",손현우,(주)로드하우스,,20,20,285,36,285,285,1.0,12.6,,,,,확정,225,12,12,12,12,12,0,0,0,0,0,0,0,0,0
585,서바이벌 택틱스,2024-02-21,12세이상관람가,드라마,박근영,필름다빈,Y,12,12,154,100,199,279,1.81,64.9,,,,,확정,14,12,9,76,15,8,20,8,1,1,2,28,4,1,1
586,영동선,2025-04-30,15세이상관람가,드라마,최종학,(주)글로빅엔터테인먼트,Y,2,5,90,30,130,277,3.08,33.3,,,,,확정,3,7,11,10,9,12,38,1,31,0,0,4,0,4,0
587,구름이하는말,2025-11-05,15세이상관람가,드라마,장태구,영화배급협동조합 씨네소파,Y,2,6,66,49,84,273,4.14,74.2,,,,,확정,5,7,7,5,37,4,1,1,8,0,3,0,4,2,0
588,하이브 시네마 노래방,2025-07-10,전체관람가,기타,,씨제이 씨지브이(CJ CGV)(주),,15,23,265,220,265,265,1.0,83.0,,,,,확정,45,15,38,167,0,0,0,0,0,0,0,0,0,0,0
589,국가초기화,2026-06-26,12세이상관람가,다큐멘터리,,주식회사 킨스튜디오,,1,1,12,5,12,263,21.92,41.7,,,,,확정,1,1,3,0,6,0,1,0,0,0,0,0,0,0,0
590,청와대 건너 붉은 벽돌집,2025-12-24,12세이상관람가,다큐멘터리,안소연,(주)드림팩트엔터테인먼트,Y,4,4,192,29,205,231,1.2,15.1,,,,,확정,28,35,10,12,7,10,90,11,0,0,0,0,0,2,0
591,정직한 사람들,2024-06-26,12세이상관람가,드라마,김문경,와이드 릴리즈(주),Y,7,9,192,97,229,229,1.19,50.5,,,,,확정,42,18,18,45,34,13,22,2,10,1,13,0,2,9,0
592,2035: 더 그린라이트,2025-06-04,15세이상관람가,"미스터리,스릴러",박재인,유한회사 스튜디오 획,Y,2,7,136,64,198,227,1.67,47.1,,,,,확정,8,3,5,21,38,20,41,32,6,0,0,6,6,12,0
593,귀향: 언니야 이제 집에 가자,2026-08-26,15세이상관람가,드라마,조정래,커넥트픽쳐스(주),,0,1,0,0,0,200,,,,,,,확정,0,0,0,0,0,0,0,0,0,0,0,0,0,0,0
594,내가 좀비?,2024-09-25,12세이상관람가,기타,성유경,변신리,Y,1,1,104,93,110,170,1.63,89.4,,,,,확정,11,0,0,93,0,0,0,0,2,0,0,1,1,2,1
595,오 마이 갓,2025-04-23,12세이상관람가,기타,최진욱,주식회사 씨엠닉스,Y,4,4,39,11,47,164,4.21,28.2,,,,,확정,13,7,0,7,4,2,6,0,0,0,5,2,1,0,2
596,결혼해줄래?,2026-03-04,12세이상관람가,드라마,장완복,(주)시네마케이,,1,1,126,48,142,152,1.21,38.1,,,,,확정,28,38,38,8,2,0,12,2,7,0,1,6,0,0,0
597,청춘멧돼지 아타라시이 각코! 더 무비,2025-08-06,전체관람가,공연,오윤동,씨제이포디플렉스 주식회사,,3,3,144,103,144,144,1.0,71.5,,,,,확정,28,13,4,55,44,0,0,0,0,0,0,0,0,0,0
598,둠벙,2024-08-29,15세이상관람가,"미스터리,공포(호러)",이동주,(주)콘텐츠윙,Y,3,5,96,65,133,137,1.43,67.7,,,,,확정,9,7,50,8,13,3,6,4,6,18,1,3,5,0,1
599,봉우야,2025-02-25,15세이상관람가,"범죄,드라마,액션,스릴러",고학,주식회사 씨엠닉스,,1,1,135,0,135,135,1.0,0.0,,,,,확정,135,0,0,0,0,0,0,0,0,0,0,0,0,0,0
600,청년 조용기,2026-09-11,전체관람가,다큐멘터리,권혁만,"(주)영화특별시에스엠씨,주시회사 시테스",Y,0,1,0,0,0,134,,,,,,,확정,0,0,0,0,0,0,0,0,0,0,0,0,0,0,0
601,사랑의 네 가지 온도,2026-07-02,15세이상관람가,"멜로/로맨스,드라마","김민경,박준범,김혜실",리메인 프로덕션,Y,3,3,49,38,63,120,2.45,77.6,,,,,,8,32,0,6,3,0,0,1,0,5,1,1,6,0,0
602,한 밤의 판타지아,2024-08-28,15세이상관람가,드라마,이현지,주식회사 씨엠닉스,Y,7,7,52,11,68,88,1.69,21.2,,,,,확정,19,12,2,5,4,6,4,2,1,3,1,0,2,7,1
603,도망쳐,2026-02-25,청소년관람불가,"액션,범죄",손현우,㈜영화사 주단,,20,20,79,4,79,79,1.0,5.1,,,,,확정,73,2,2,2,0,0,0,0,0,0,0,0,0,0,0
604,스피릿 핑거스! 3화,2025-08-27,12세이상관람가,"드라마,멜로/로맨스",이철하,주식회사 넘버쓰리픽쳐스,,3,3,75,35,75,75,1.0,46.7,,,,,확정,22,10,10,22,3,3,5,0,0,0,0,0,0,0,0
605,스피릿 핑거스! 4화,2025-08-27,12세이상관람가,"드라마,멜로/로맨스",이철하,주식회사 넘버쓰리픽쳐스,,3,3,69,26,69,69,1.0,37.7,,,,,확정,24,11,11,13,2,3,5,0,0,0,0,0,0,0,0
606,누군가의 꿈,2025-11-27,12세이상관람가,다큐멘터리,이로운,(주)스튜디오디에이치엘,Y,3,6,60,41,67,67,1.12,68.3,,,,,확정,5,35,6,0,2,11,1,0,0,0,0,1,0,6,0
607,스피릿 핑거스! 5화,2025-09-03,12세이상관람가,"드라마,멜로/로맨스",이철하,주식회사 넘버쓰리픽쳐스,,2,2,59,20,59,59,1.0,33.9,,,,,확정,12,10,6,5,9,17,0,0,0,0,0,0,0,0,0
608,지충일기,2025-05-01,12세이상관람가,드라마,"전성우,문승욱",주식회사 블루필름웍스,Y,2,4,29,6,41,58,2.0,20.7,,,,,확정,2,2,1,3,0,4,17,7,0,1,1,2,1,0,2
609,민요 첼로,2024-07-03,전체관람가,공연,,주식회사 푸른잎커뮤니케이션,,4,7,57,26,57,57,1.0,45.6,,,,,확정,7,5,7,8,11,9,10,0,0,0,0,0,0,0,0
610,산양들,2026-07-29,12세이상관람가,드라마,유재욱,(주)시네마달,Y,0,1,0,0,0,54,,,,,,,확정,0,0,0,0,0,0,0,0,0,0,0,0,0,0,0
611,수궁,2026-01-01,12세이상관람가,다큐멘터리,유수연,(주)드림팩트엔터테인먼트,Y,1,5,9,2,11,49,5.44,22.2,,,,,확정,2,0,0,2,2,3,0,0,1,0,0,1,0,0,0
612,스피릿 핑거스! 6화,2025-09-03,12세이상관람가,"드라마,멜로/로맨스",이철하,주식회사 넘버쓰리픽쳐스,,2,2,45,20,45,45,1.0,44.4,,,,,확정,13,10,6,6,8,2,0,0,0,0,0,0,0,0,0
613,고백을 못하고,2025-12-10,12세이상관람가,드라마,임현희,페이지원필름(주),Y,1,1,40,31,40,41,1.02,77.5,,,,,확정,9,0,0,31,0,0,0,0,0,0,0,0,0,0,0
614,"컷, 다시 갈게요",2024-12-29,12세이상관람가,드라마,김한재,플라시보 픽쳐스,Y,1,1,40,40,40,40,1.0,100.0,,,,,확정,40,0,0,0,0,0,0,0,0,0,0,0,0,0,0
615,그날이 와버렸네,2024-03-21,12세이상관람가,"드라마,코미디",김충길,김충길 필름,Y,1,1,14,0,20,35,2.5,0.0,,,,,확정,6,0,0,0,1,7,0,0,0,0,6,0,0,0,0
616,트루먼의 사랑,2026-08-26,12세이상관람가,"SF,멜로/로맨스",김덕중,"이화배컴퍼니(주),주식회사 뜨로리",Y,0,1,0,0,0,25,,,,,,,확정,0,0,0,0,0,0,0,0,0,0,0,0,0,0,0
617,머릿속을,2024-01-24,12세이상관람가,"드라마,전쟁",조성규,하준사,Y,5,5,17,1,20,21,1.24,5.9,,,,,확정,14,1,1,0,0,1,0,1,0,1,0,0,1,0,1
618,토끼는 어디로 갔나요?,2024-07-17,전체관람가,공연,,주식회사 푸른잎커뮤니케이션,,3,3,21,5,21,21,1.0,23.8,,,,,확정,6,7,1,2,2,1,2,0,0,0,0,0,0,0,0
619,근본주의자,2025-10-01,15세이상관람가,"코미디,드라마,가족,액션",고봉수,주식회사 씨엠닉스,Y,1,2,8,5,17,20,2.5,62.5,,,,,확정,1,0,2,1,2,1,1,1,1,2,1,1,1,2,0
620,남녀 사이에 기승전결이 어딨어?,2025-01-09,15세이상관람가,"멜로/로맨스,코미디",신유재,유한회사 스튜디오 획,Y,1,1,8,0,8,8,1.0,0.0,,,,,확정,8,0,0,0,0,0,0,0,0,0,0,0,0,0,0
621,당골,2025-03-13,12세이상관람가,다큐멘터리,홍태선,(주)무빙픽쳐스컴퍼니,Y,0,1,0,0,0,4,,,,,,,확정,0,0,0,0,0,0,0,0,0,0,0,0,0,0,0
