영화명,개봉일,원개봉일,구분,세그먼트,상영상태,누적관객,개봉일좌석수,개봉일스크린수,개봉일관객수,메가최대일간스크린,평균스크린,스크린당좌석,상영주수,단독런시작,단독런종료,장르,대표국적,배급사
극장판 진격의 거인 완결편 더 라스트 어택,2025-03-13,2025-03-13,신작,애니메이션,종영,949711,116840,335,37674,334,81.2,306,35,2025-03-03,2025-11-02,애니메이션,일본,(주)애니플러스
룩백,2024-09-05,2024-09-05,신작,애니메이션,종영,301976,116966,184,16206,220,100.1,253,19,2024-08-26,2025-01-05,애니메이션,일본,메가박스중앙(주)
러브레터,2025-01-01,1999-11-20,재개봉/구작,실사 외화,종영,116561,35619,181,14957,169,70.4,188,13,2024-12-23,2025-03-23,"멜로/로맨스,드라마",일본,"워터홀컴퍼니(주),주식회사 왓챠,와이드 릴리즈(주),(주)제이앤씨미디어그룹,(유)조이앤시네마,(주)팝엔터테인먼트"
프랑켄슈타인 : 더 뮤지컬 라이브,2025-09-18,2025-09-18,신작,공연·실황,종영,93574,20923,19,4789,141,47.1,219,14,2025-09-08,2025-12-14,공연,한국,"(주)위즈온센,메가박스중앙(주)"
극장판 프로젝트 세카이 부서진 세카이와 전해지지 않는 미쿠의 노래,2025-05-29,2025-05-29,신작,애니메이션,종영,82581,43901,158,7510,157,48.0,160,15,2025-05-26,2025-09-07,애니메이션,일본,(주)애니플러스
우마무스메 프리티 더비 새로운 시대의 문,2024-07-11,2024-07-11,신작,애니메이션,종영,64612,37649,127,6421,126,51.0,177,11,2024-07-01,2024-09-15,애니메이션,일본,(주)애니플러스
머티리얼리스트,2025-08-08,2025-08-08,신작,실사 외화,종영,63767,62670,166,7585,157,63.6,213,9,2025-07-28,2025-09-28,"멜로/로맨스,코미디",미국,소니픽쳐스엔터테인먼트코리아주식회사극장배급지점
라스트 마일,2025-03-26,2025-03-26,신작,실사 외화,종영,53013,42700,148,4031,147,49.9,202,11,2025-03-17,2025-06-01,"스릴러,드라마",일본,(주)엠디에스스피어
첫 번째 키스,2025-02-26,2025-02-26,신작,실사 외화,종영,49143,61274,184,6199,178,64.2,208,8,2025-02-24,2025-04-20,"드라마,멜로/로맨스",일본,메가박스중앙(주)
엘리자벳: 더 뮤지컬 라이브,2024-10-16,2024-10-16,신작,공연·실황,종영,47522,19245,18,2659,118,57.3,219,8,2024-10-14,2024-12-08,"공연,뮤지컬",한국,"(주)위즈온센,메가박스중앙(주)"
극장판 아이돌리쉬 세븐; 라이브 4비트 비욘드 더 피리어드 - 데이 2,2023-10-19,2023-10-19,신작,애니메이션,종영,46677,10330,78,1155,78,8.2,158,47,2023-10-09,2024-09-01,애니메이션,일본,메가박스중앙(주)
쇼생크 탈출,2024-05-08,1995-02-04,재개봉/구작,실사 외화,종영,46108,36526,123,5972,107,36.3,206,11,2024-04-29,2024-07-14,드라마,미국,"롯데컬처웍스(주)롯데시네마,(주)팝엔터테인먼트,THE 픽쳐스"
기동전사 건담 지쿠악스 비기닝,2025-04-02,2025-04-02,신작,애니메이션,종영,42588,53964,174,3325,173,59.8,183,10,2025-03-24,2025-06-01,애니메이션,일본,워터홀컴퍼니(주)
룸 넥스트 도어,2024-10-23,2024-10-23,신작,실사 외화,종영,42542,45842,151,1952,130,48.2,207,10,2024-10-07,2024-12-15,드라마,미국,워너브러더스 코리아(주)
극장판 아이돌리쉬 세븐; 라이브 4비트 비욘드 더 피리어드 - 데이 1,2023-10-19,2023-10-19,신작,애니메이션,종영,32868,10355,79,1023,79,7.5,159,48,2023-10-09,2024-09-08,애니메이션,일본,메가박스중앙(주)
엔드 오브 에반게리온,2024-01-17,2024-01-17,신작,애니메이션,종영,32443,32338,109,6323,122,46.7,207,7,2024-01-15,2024-03-03,애니메이션,일본,"(주)삼백상회,(주)라이크콘텐츠"
라이언 일병 구하기,2025-06-25,1998-09-12,재개봉/구작,실사 외화,종영,31942,38304,163,3958,160,42.7,164,10,2025-06-16,2025-08-24,"드라마,액션,전쟁",미국,와이드 릴리즈(주)
극장판 닌자보이 란타로: 도쿠타케 닌자대 최강의 군사,2025-05-14,2025-05-14,신작,애니메이션,종영,30800,31563,136,2001,135,44.6,142,10,2025-05-05,2025-07-13,애니메이션,일본,(주)디스테이션
극장판 내 마음의 위험한 녀석,2026-05-21,2026-05-21,신작,애니메이션,종영,30333,20631,115,3895,115,38.4,132,7,2026-05-18,2026-07-05,애니메이션,일본,(주)애니플러스
퍼펙트 블루,2025-09-11,2004-05-26,재개봉/구작,애니메이션,종영,28948,29900,138,4319,135,45.3,171,7,2025-09-08,2025-10-26,"애니메이션,미스터리",일본,"(주)디스테이션,(주)튜브엔터테인먼트"
짝사랑 세계,2026-06-24,2026-06-24,신작,실사 외화,종영,28548,29295,150,3562,144,42.7,153,9,2026-06-15,2026-08-16,"드라마,멜로/로맨스",일본,메가박스중앙(주)
괴담만찬,2023-10-18,2023-10-18,신작,실사 한국,종영,27389,60448,162,4091,122,39.3,264,8,2023-10-09,2023-12-03,공포(호러),한국,"TCO(주)더콘텐츠온,(주)블루라벨픽쳐스,(주)대교 미디어콘텐츠사업본부"
마이 샤이니 월드,2023-11-03,2023-11-03,신작,공연·실황,종영,26480,15156,17,3129,93,27.0,243,12,2023-10-23,2024-01-14,"공연,다큐멘터리",한국,메가박스중앙(주)
르누아르,2026-04-22,2026-04-22,신작,실사 외화,종영,25423,27843,127,3468,107,34.8,149,9,2026-04-13,2026-06-14,드라마,일본,메가박스중앙(주)
어쩌면 해피엔딩,2025-10-02,2025-10-02,신작,공연·실황,종영,25292,35575,147,1527,109,34.8,140,10,2025-09-29,2025-12-07,"뮤지컬,멜로/로맨스",한국,"(주)키노필름,(주)아센디오,(주)영화특별시에스엠씨,(주)로드쇼플러스"
미드나잇 인 파리,2025-02-12,2012-07-05,재개봉/구작,실사 외화,종영,23454,34355,136,2779,141,58.7,174,8,2025-02-03,2025-03-30,"코미디,멜로/로맨스,판타지",미국,"(주)디스테이션,(주)드림팩트엔터테인먼트,(주)나이너스엔터테인먼트"
누벨바그,2025-12-31,2025-12-31,신작,실사 외화,종영,23029,24163,141,4051,120,39.7,144,8,2025-12-22,2026-02-15,드라마,프랑스,메가박스중앙(주)
베이비걸,2025-10-29,2025-10-29,신작,실사 외화,종영,22796,52896,157,5865,116,52.6,208,7,2025-10-20,2025-12-07,"스릴러,멜로/로맨스,드라마",미국,"메가박스중앙(주),주식회사 올랄라스토리"
몬테크리스토 백작,2026-02-13,2026-02-13,신작,실사 외화,종영,22636,14777,100,1786,80,27.1,126,12,2026-02-16,2026-05-10,드라마,프랑스,"찬란,(주)버킷스튜디오"
컨택트,2024-11-13,2017-02-02,재개봉/구작,실사 외화,종영,21575,21161,78,4221,90,40.1,181,5,2024-11-11,2024-12-15,"SF,드라마,스릴러",미국,유니버설픽쳐스인터내셔널 코리아(유)
워킹맨,2025-10-01,2025-10-01,신작,실사 외화,종영,21014,52983,173,4459,172,46.5,181,7,2025-09-29,2025-11-16,"액션,스릴러,범죄",미국,"메가박스중앙(주),(주)스튜디오디에이치엘"
카드캡터 체리 극장판,2026-05-28,2026-05-28,신작,애니메이션,종영,20238,25681,162,4456,159,34.3,127,8,2026-05-25,2026-07-19,애니메이션,일본,(주)삼백상회
패왕별희 디 오리지널,2024-03-27,2017-03-30,재개봉/구작,실사 외화,종영,20234,18985,103,5922,99,34.8,147,6,2024-03-25,2024-05-05,"드라마,멜로/로맨스",중국,"와이드 릴리즈(주),(주)제이앤씨미디어그룹,(주)드림팩트엔터테인먼트"
극장판 총집편 걸즈 밴드 크라이 청춘광주곡,2026-01-28,2026-01-28,신작,애니메이션,종영,20191,32387,130,5344,129,32.3,167,8,2026-01-26,2026-03-22,애니메이션,일본,(주)애니플러스
크라임 101,2026-04-08,2026-04-08,신작,실사 외화,종영,20138,53148,208,3513,171,75.2,210,6,2026-03-30,2026-05-10,"범죄,드라마,스릴러",미국,소니픽쳐스엔터테인먼트코리아주식회사극장배급지점
주차금지,2025-05-21,2025-05-21,신작,실사 한국,종영,19970,19453,125,2520,126,44.1,138,7,2025-05-12,2025-06-29,스릴러,한국,"㈜영화사 주단,(주)엠디에스스피어"
극장판 전생했더니 슬라임이었던 건에 대하여: 홍련의 인연편,2023-02-02,2023-02-02,신작,애니메이션,종영,19711,34348,114,3397,114,35.7,195,8,2023-01-30,2023-03-26,"애니메이션,판타지,액션",일본,(주)애니플러스
워페어,2026-08-19,2026-08-19,신작,실사 외화,상영중(잠정),19612,45012,199,3815,188,102.9,160,5,2026-08-03,2026-09-06,"액션,드라마,전쟁",미국,주식회사 올랄라스토리
킬 빌: 더 홀 블러디 어페어,2026-04-01,2026-04-01,신작,실사 외화,종영,19273,15711,88,2923,86,25.8,156,10,2026-03-16,2026-05-24,액션,미국,(주)누리픽쳐스
청춘 돼지는 책가방 소녀의 꿈을 꾸지 않는다,2024-02-01,2024-02-01,신작,애니메이션,종영,19156,17849,84,3976,84,33.2,156,7,2024-01-29,2024-03-17,애니메이션,일본,(주)애니플러스
우리에게는 아직 내일이 있다,2026-03-04,2026-03-04,신작,실사 외화,종영,19136,11100,82,1448,73,21.0,119,12,2026-02-23,2026-05-17,드라마,이탈리아,(주)콘텐츠판다
더 로즈: 완벽한 이혼,2025-09-17,2025-09-17,신작,실사 외화,종영,18670,54406,167,3185,152,77.0,208,6,2025-09-08,2025-10-19,"코미디,드라마",미국,월트디즈니컴퍼니코리아 유한책임회사
뮤지컬 장수탕 선녀님,2026-03-26,2026-03-26,신작,공연·실황,종영,18207,14201,89,737,89,30.5,128,10,2026-03-16,2026-05-24,"뮤지컬,공연",한국,"메가박스중앙(주),(주)영화사 그램"
마당을 나온 암탉,2025-01-22,2011-07-28,재개봉/구작,애니메이션,종영,18008,23255,131,954,117,41.1,132,10,2025-01-06,2025-03-16,애니메이션,한국,"메가박스중앙(주),롯데쇼핑㈜롯데엔터테인먼트"
우견니,2024-02-14,2024-02-14,신작,실사 외화,종영,17981,59634,143,4638,119,35.7,235,9,2024-01-29,2024-03-31,멜로/로맨스,중국,"오드,홀리가든"
"극장판 총집편 걸즈 밴드 크라이 있잖아, 미래.",2026-04-16,2026-04-16,신작,애니메이션,종영,17847,19187,100,2920,100,22.8,151,8,2026-04-13,2026-06-07,애니메이션,일본,(주)애니플러스
영원,2026-02-04,2026-02-04,신작,실사 외화,종영,17528,26870,120,1087,116,32.3,158,10,2026-01-26,2026-04-05,"멜로/로맨스,코미디,판타지",미국,워터홀컴퍼니(주)
코코,2024-05-30,2018-01-11,재개봉/구작,애니메이션,종영,16917,36952,104,3998,104,88.0,250,3,2024-05-27,2024-06-16,애니메이션,미국,월트디즈니컴퍼니코리아 유한책임회사
첫여름,2025-08-06,,재개봉/구작,실사 한국,종영,16906,13702,85,1595,85,32.3,132,10,2025-07-28,2025-10-05,드라마,한국,한국영화아카데미
가타카,2025-11-20,1998-05-02,재개봉/구작,실사 외화,종영,16560,15383,71,1388,72,26.7,148,7,2025-11-17,2026-01-04,"SF,드라마,미스터리,스릴러",미국,
극장판 츠루네: 시작의 한 발,2024-02-21,2024-02-21,신작,애니메이션,종영,16531,33564,119,3654,118,34.3,149,8,2024-02-12,2024-04-07,애니메이션,일본,(주)라이크콘텐츠
중경삼림,2024-02-14,1995-09-02,재개봉/구작,실사 외화,종영,16102,6776,53,1390,53,11.3,111,14,2024-02-12,2024-05-19,드라마,홍콩,(주)디스테이션
해피 투게더,2023-03-30,1998-08-22,재개봉/구작,실사 외화,종영,15835,36350,140,7147,129,42.1,186,5,2023-03-27,2023-04-30,"드라마,멜로/로맨스",홍콩,(주)디스테이션
히어,2025-02-19,2025-02-19,신작,실사 외화,종영,15435,50640,144,3227,112,44.2,212,6,2025-02-10,2025-03-23,드라마,미국,"메가박스중앙(주),(주)이놀미디어"
영웅: 라이브 인 시네마,2024-08-21,2024-08-21,신작,공연·실황,종영,15141,6291,21,803,98,24.5,154,18,2024-08-12,2024-12-15,"공연,뮤지컬",한국,"(주)위즈온센,메가박스중앙(주)"
철도원,2026-01-07,2000-02-04,재개봉/구작,실사 외화,종영,14997,24542,127,1289,123,53.5,147,5,2026-01-05,2026-02-08,"가족,드라마",일본,와이드 릴리즈(주)
엑소시스트: 더 바티칸,2023-05-10,2023-05-10,신작,실사 외화,종영,14639,43011,129,2373,127,54.2,224,5,2023-05-01,2023-06-04,공포(호러),미국,소니픽쳐스엔터테인먼트코리아주식회사극장배급지점
슈퍼소닉,2025-08-29,2016-11-24,재개봉/구작,실사 외화,종영,14607,25786,124,3774,93,39.8,158,6,2025-08-18,2025-09-28,다큐멘터리,영국,"(주)레드아이스 엔터테인먼트,주식회사 씨네룩스"
커미션,2025-07-16,2025-07-16,신작,실사 한국,종영,14415,22780,127,2688,126,49.1,142,5,2025-07-07,2025-08-10,"미스터리,스릴러",한국,"(주)팬엔터테인먼트,(주)미디어캐슬"
씰벤져스 : 용감한 바다특공대,2023-09-27,2023-09-27,신작,애니메이션,종영,14209,10144,79,608,109,35.0,145,8,2023-09-18,2023-11-12,"애니메이션,액션,코미디,어드벤처",미국,(주)무비다이브
오피셜히게단디즘 라이브 앳 스타디움 2025,2026-04-02,2026-04-02,신작,공연·실황,종영,13842,14556,58,3178,58,19.2,195,8,2026-03-30,2026-05-24,공연,일본,(주)영화사 그램
크리스마스에 기적을 만날 확률,2024-12-11,2007-12-12,재개봉/구작,애니메이션,종영,13312,21229,117,1827,110,35.6,139,7,2024-12-09,2025-01-26,"애니메이션,드라마,액션",일본,"(주)팝엔터테인먼트,롯데쇼핑㈜롯데엔터테인먼트"
극장판 오버로드 성왕국편,2024-11-14,2024-11-14,신작,애니메이션,종영,12788,13324,78,2040,78,33.9,130,7,2024-11-11,2024-12-29,애니메이션,일본,(주)애니플러스
그리드맨 유니버스,2025-05-21,2025-05-21,신작,애니메이션,종영,12510,22581,102,1608,101,31.8,148,8,2025-05-12,2025-07-06,애니메이션,일본,(주)미디어캐슬
킹 오브 프리즘 -드라마틱 프리즘.1-,2024-08-16,2024-08-16,신작,애니메이션,종영,12396,10626,59,734,59,7.6,172,22,2024-08-12,2025-01-12,"애니메이션,드라마",일본,동우에이앤이(주)
극장판 고래와 나,2024-10-30,2024-10-30,신작,실사 한국,종영,11814,21040,118,1021,81,27.2,145,9,2024-10-14,2024-12-15,다큐멘터리,한국,주식회사 썬더필름
나의 행복한 결혼,2023-10-11,2023-10-11,신작,실사 외화,종영,11795,35254,107,2460,106,37.8,211,6,2023-10-09,2023-11-19,"판타지,멜로/로맨스",일본,(주)디스테이션
언젠틀 오퍼레이션,2025-03-19,2025-03-19,신작,실사 외화,종영,10987,35148,134,1606,133,47.1,184,6,2025-03-10,2025-04-20,"액션,코미디",영국,메가박스중앙(주)
영화 러브 라이브! 니지가사키 학원 스쿨 아이돌 동호회 완결편 제1장,2025-02-06,2025-02-06,신작,애니메이션,종영,10914,26756,110,1620,110,26.0,160,11,2025-02-03,2025-04-20,애니메이션,일본,(주)애니플러스
택시 드라이버,2025-04-09,1989-02-17,재개봉/구작,실사 외화,종영,10856,20556,82,2006,83,61.7,164,4,2025-04-07,2025-05-04,"드라마,스릴러",미국,
몽키맨,2024-06-19,2024-06-19,신작,실사 외화,종영,10490,35002,146,1196,75,34.6,186,5,2024-06-10,2024-07-14,"액션,스릴러",미국,유니버설픽쳐스인터내셔널 코리아(유)
에드워드 호퍼,2024-11-27,2024-11-27,신작,실사 외화,종영,10471,15473,111,1422,77,30.8,125,5,2024-11-25,2024-12-29,다큐멘터리,영국,영화사빅
대결! 애니메이션,2024-03-06,2024-03-06,신작,실사 외화,종영,10118,21316,103,2122,102,25.8,157,9,2024-02-19,2024-04-21,드라마,일본,"(주)빌리언스플러스,(주)블루라벨픽쳐스"
금지된 장난,2024-06-05,2024-06-05,신작,실사 외화,종영,10064,26902,118,2228,74,42.5,172,4,2024-06-03,2024-06-30,공포(호러),일본,와이드 릴리즈(주)
레옹,2024-04-22,1995-02-18,재개봉/구작,실사 외화,종영,10030,18828,94,1129,88,20.9,140,5,2024-04-22,2024-05-26,"액션,범죄",프랑스,"와이드 릴리즈(주),(주)제이앤씨미디어그룹,(주)팝파트너스"
좀비 랜드 사가: 유메긴가 파라다이스,2026-03-04,2026-03-04,신작,애니메이션,종영,9851,15447,104,804,100,25.4,118,11,2026-03-02,2026-05-17,애니메이션,일본,메가박스중앙(주)
그랜드 부다페스트 호텔,2026-04-08,2014-03-20,재개봉/구작,실사 외화,종영,9624,20307,81,3077,81,23.8,190,5,2026-04-06,2026-05-10,"미스터리,어드벤처",미국,"(주)피터팬픽쳐스,이십세기폭스코리아(주),월트디즈니컴퍼니코리아 유한책임회사"
라이프 오브 파이,2026-03-25,2013-01-01,재개봉/구작,실사 외화,종영,9540,16920,58,3065,58,26.0,214,4,2026-03-23,2026-04-19,"어드벤처,드라마",미국,"월트디즈니컴퍼니코리아 유한책임회사,주식회사 해리슨앤컴퍼니,이십세기폭스코리아(주)"
극장판 다이노맨: 공룡산의 비밀,2025-07-25,2025-07-25,신작,애니메이션,종영,9288,8031,64,875,81,13.6,113,11,2025-07-07,2025-09-21,애니메이션,한국,(주)엠디에스스피어
366일,2025-06-11,,재개봉/구작,실사 외화,종영,9120,25550,134,1138,133,43.9,151,5,2025-06-09,2025-07-13,멜로/로맨스,몽고,
"자우림, 더 원더랜드",2023-06-07,2023-06-07,신작,실사 한국,종영,8951,16218,84,682,89,20.7,148,8,2023-05-29,2023-07-23,다큐멘터리,한국,"메가박스중앙(주),써티세븐스디그리(주)"
영화 러브 라이브! 니지가사키 학원 스쿨 아이돌 동호회 완결편 제2장,2026-02-18,2026-02-18,신작,애니메이션,종영,8913,14883,107,2220,106,19.9,132,9,2026-02-16,2026-04-19,애니메이션,일본,(주)애니플러스
"극장판 뱅드림! 잇츠 마이고!!!!! 후편: 노래하자, 우리가 될 수 있는 노래 & 필름 라이브",2025-06-19,2025-06-19,신작,애니메이션,종영,8870,16334,76,3418,76,21.9,148,6,2025-06-16,2025-07-27,애니메이션,일본,(주)애니플러스
코넬의 상자,2025-01-08,2025-01-08,신작,실사 한국,종영,8421,8793,54,843,53,43.3,128,3,2025-01-06,2025-01-26,"미스터리,스릴러",한국,와이드 릴리즈(주)
미야자키 하야오의 그대들은 어떻게 살 것인가,2026-04-15,2026-04-15,신작,실사 외화,종영,8404,12149,72,1414,70,19.0,137,9,2026-03-30,2026-05-31,다큐멘터리,일본,(주)디스테이션
굿 보이,2025-10-22,2025-10-22,신작,실사 외화,종영,8338,23600,140,1402,139,47.0,147,5,2025-10-20,2025-11-23,"스릴러,공포(호러)",미국,"찬란,주식회사 로아앤코홀딩스"
우마무스메 프리티 더비 로드 투 더 탑,2024-06-27,,재개봉/구작,애니메이션,종영,8135,13305,64,2741,64,44.2,161,3,2024-06-24,2024-07-14,애니메이션,일본,(주)애니플러스
광장,2026-01-15,2026-01-15,신작,애니메이션,종영,8107,22388,125,1272,70,39.0,134,6,2026-01-05,2026-02-15,애니메이션,한국,(주)스튜디오디에이치엘
"극장판 뱅드림! 잇츠 마이고!!!!! 전편: 봄의 양지, 방황하는 고양이",2025-04-24,2025-04-24,신작,애니메이션,종영,7898,17986,77,1518,77,36.7,162,4,2025-04-21,2025-05-18,애니메이션,일본,(주)애니플러스
마작,2025-10-15,2025-10-15,신작,실사 외화,종영,7363,18072,108,613,95,26.6,126,9,2025-09-29,2025-11-30,드라마,대만,(주)디스테이션
뱀파이어 헌터 D,2025-11-12,2025-11-12,신작,애니메이션,종영,7168,9160,54,694,54,21.2,138,7,2025-11-03,2025-12-21,애니메이션,일본,(주)엠디에스스피어
#진상을 말씀드립니다,2025-09-24,2025-09-24,신작,실사 외화,종영,7002,14526,106,895,103,23.6,132,9,2025-09-08,2025-11-09,"미스터리,스릴러,드라마",일본,"주식회사 로아앤코홀딩스,(주)영화사 안다미로"
파이널 피스,2026-05-27,2026-05-27,신작,실사 외화,종영,6982,7759,66,204,65,30.9,124,4,2026-05-18,2026-06-14,"미스터리,드라마",일본,(주)디스테이션
스타 이즈 본,2023-11-29,2018-10-09,재개봉/구작,실사 외화,종영,6925,19370,52,1766,53,27.9,242,3,2023-11-27,2023-12-17,"드라마,멜로/로맨스",미국,워너브러더스 코리아(주)
기괴도,2024-06-12,2024-06-12,신작,실사 외화,종영,6912,18104,104,1682,83,36.5,149,4,2024-06-10,2024-07-07,공포(호러),일본,와이드 릴리즈(주)
화양연화,2024-02-14,2000-10-20,재개봉/구작,실사 외화,종영,6706,6629,50,1232,50,38.1,129,3,2024-02-12,2024-03-03,"드라마,멜로/로맨스",홍콩,(주)디스테이션
카우보이 비밥-천국의문,2025-04-25,2003-10-03,재개봉/구작,애니메이션,종영,6705,20774,89,1473,89,43.7,144,5,2025-04-21,2025-05-25,"애니메이션,액션",일본,콜럼비아트라이스타㈜
장난을 잘 치는 타카기 양,2025-03-05,2025-03-05,신작,실사 외화,종영,6595,29660,127,1036,86,39.3,164,6,2025-02-24,2025-04-06,"멜로/로맨스,코미디",일본,TCO(주)더콘텐츠온
극장판 : 기븐_히이라기 믹스,2024-08-28,2024-08-28,신작,애니메이션,종영,6593,20436,108,1245,104,16.0,149,12,2024-08-26,2024-11-17,애니메이션,일본,(주)팝엔터테인먼트
단다단: 사안,2025-06-05,,재개봉/구작,애니메이션,종영,6504,12363,66,1419,65,39.2,137,4,2025-06-02,2025-06-29,애니메이션,일본,(주)애니플러스
헤드윅,2023-12-06,2002-08-09,재개봉/구작,공연·실황,종영,6280,11909,59,2552,59,45.4,157,3,2023-12-04,2023-12-24,뮤지컬,미국,"워너브러더스 코리아(주),(주)엣나인필름,(주)씨네월드"
피어스,2026-05-13,2026-05-13,신작,실사 외화,종영,6142,15665,96,988,91,20.1,123,6,2026-05-04,2026-06-14,"드라마,스릴러",싱가포르,(주)영화특별시에스엠씨
극장판 프리큐어 올스타즈 F,2024-07-31,2024-07-31,신작,애니메이션,종영,6007,17526,104,1013,103,21.2,145,8,2024-07-22,2024-09-15,애니메이션,일본,(주)디스테이션
칸다하,2023-09-20,2023-09-20,신작,실사 외화,종영,5949,17605,78,1203,78,31.9,190,3,2023-09-18,2023-10-08,"스릴러,액션",미국,(주)누리픽쳐스
아이언맨,2024-10-09,2008-04-30,재개봉/구작,실사 외화,종영,5944,18444,88,2924,88,50.4,173,3,2024-10-07,2024-10-27,"SF,드라마,액션",미국,씨제이엔터테인먼트
누룩,2026-04-15,2026-04-15,신작,실사 한국,종영,5911,9887,76,1190,74,27.8,124,4,2026-04-06,2026-05-03,"가족,미스터리,드라마",한국,(주)로드쇼플러스
5등분의 신부 스페셜,2023-10-12,,재개봉/구작,애니메이션,종영,5854,13124,69,833,69,36.7,155,4,2023-10-09,2023-11-05,애니메이션,일본,
극장판 기븐 – 바다로,2026-08-26,2026-08-26,신작,애니메이션,상영중(잠정),5572,15251,110,1646,110,96.3,114,2,2026-08-24,2026-09-06,애니메이션,일본,(주)미디어캐슬
지리멸렬,2025-08-27,,재개봉/구작,실사 한국,종영,5268,11813,88,783,87,45.2,123,5,2025-08-25,2025-09-28,코미디,한국,㈜인디스토리
2017 방탄소년단 라이브 트릴로지 에피소드 3 윙스 투어 더 파이널 리마스터링,2025-09-23,2025-09-23,신작,공연·실황,종영,5209,285,1,150,57,29.0,152,5,2025-09-22,2025-10-26,공연,한국,메가박스중앙(주)
기빗올: 우리들의 썸머,2025-06-18,2025-06-18,신작,애니메이션,종영,5190,23212,107,1152,105,38.9,148,5,2025-06-09,2025-07-13,애니메이션,일본,찬란
기쿠지로의 여름,2024-07-03,2002-08-30,재개봉/구작,실사 외화,종영,5186,8163,59,1024,59,18.8,131,5,2024-07-01,2024-08-04,코미디,일본,"(주)영화사 진진,(주)튜브엔터테인먼트"
2019 방탄소년단 월드 투어 '러브 유어셀프 : 스피크 유어셀프' 런던 리마스터링,2025-09-23,2025-09-23,신작,공연·실황,종영,5163,285,1,150,80,26.9,126,5,2025-09-22,2025-10-26,공연,한국,메가박스중앙(주)
렛 미 인,2025-01-15,2010-11-18,재개봉/구작,실사 외화,종영,5160,24909,116,682,112,28.5,171,6,2025-01-06,2025-02-16,"드라마,판타지,공포(호러),미스터리",영국,롯데쇼핑㈜롯데엔터테인먼트
영웅본색,2024-03-27,1987-05-23,재개봉/구작,실사 외화,종영,5154,8172,61,911,61,23.6,135,5,2024-03-25,2024-04-28,"액션,범죄",홍콩,"(주)제이앤씨미디어그룹,와이드 릴리즈(주),(유)조이앤시네마"
클래식,2024-07-03,2003-01-30,재개봉/구작,실사 한국,종영,5098,7339,53,1065,53,11.0,127,7,2024-07-01,2024-08-18,드라마,한국,"(주)시네마서비스,(주)씨제이이엔엠"
극장판 울려라! 유포니엄: 앙상블 콘테스트,2024-04-17,2024-04-17,신작,애니메이션,종영,4843,17157,99,466,98,22.9,142,7,2024-04-15,2024-06-02,애니메이션,일본,(주)스튜디오디에이치엘
아이언맨 3,2024-10-09,2013-04-25,재개봉/구작,실사 외화,종영,4494,16028,88,1009,88,49.0,166,3,2024-10-07,2024-10-27,"액션,어드벤처,SF",미국,소니픽쳐스릴리징월트디즈니스튜디오스코리아(주)
8월의 크리스마스,2024-04-17,1998-01-24,재개봉/구작,실사 한국,종영,4426,8260,59,433,70,21.4,145,5,2024-04-15,2024-05-19,"멜로/로맨스,드라마",한국,"한국영상투자개발(주),(주)싸이더스"
킹덤4: 대장군의 귀환,2024-11-20,2024-11-20,신작,실사 외화,종영,4380,12227,88,862,88,32.1,126,5,2024-11-11,2024-12-15,"액션,전쟁",일본,"와이드 릴리즈(주),(주)엠디에스스피어"
여덟 번째 감각,2023-03-29,2023-03-29,신작,실사 한국,종영,4156,15830,80,1126,79,23.0,160,6,2023-03-20,2023-04-30,"멜로/로맨스,드라마",한국,"(주)엠디에스스피어,(주)영화특별시에스엠씨"
뒤주,2024-03-28,2024-03-28,신작,실사 한국,종영,3855,6846,52,999,52,14.8,129,4,2024-03-25,2024-04-21,"공포(호러),미스터리,스릴러",한국,(주)파이브데이
라라랜드,2023-04-18,2016-12-07,재개봉/구작,공연·실황,종영,3751,7811,50,875,50,19.2,167,4,2023-04-03,2023-04-30,"드라마,뮤지컬,멜로/로맨스",미국,판씨네마(주)
인디펜던스 나이트,2023-12-13,2023-12-13,신작,실사 외화,종영,3688,7381,59,778,55,30.1,130,2,2023-12-11,2023-12-24,"범죄,액션",미국,(주)디스테이션
시애틀의 잠 못이루는 밤,2024-12-11,1993-12-18,재개봉/구작,실사 외화,종영,3521,7134,58,672,57,42.7,111,3,2024-12-09,2024-12-29,"드라마,멜로/로맨스",미국,(주)디스테이션
2021 방탄소년단 머스터 소우주 리마스터링,2025-09-23,2025-09-23,신작,공연·실황,종영,3404,285,1,150,74,24.1,126,5,2025-09-22,2025-10-26,공연,한국,메가박스중앙(주)
새비지 맨,2023-01-26,2023-01-26,신작,실사 외화,종영,3227,6277,50,1314,50,8.5,133,3,2023-01-23,2023-02-12,"액션,스릴러",미국,주식회사 디에스이이디
숀더쉽 더 무비: 꼬마 외계인 룰라!,2024-02-08,2020-02-19,재개봉/구작,애니메이션,종영,3210,5400,43,143,50,23.0,115,3,2024-02-05,2024-02-25,"애니메이션,어드벤처,코미디",영국,TCO(주)더콘텐츠온
언더닌자,2026-02-05,2026-02-05,신작,실사 외화,종영,3191,8792,65,853,65,19.3,123,4,2026-02-02,2026-03-01,"드라마,코미디,액션",일본,"메가박스중앙(주),㈜T-JOY"
원 웨이,2023-02-09,2023-02-09,신작,실사 외화,종영,3176,6823,50,1372,50,8.2,135,3,2023-02-06,2023-02-26,액션,미국,주식회사 블루필름웍스
울프 하운드,2023-02-09,2023-02-09,신작,실사 외화,종영,3043,6545,50,1286,50,10.7,132,4,2023-02-06,2023-03-05,"액션,전쟁",미국,주식회사 풍경소리
잠자는 바보,2025-09-10,2025-09-10,신작,실사 외화,종영,3043,21549,110,540,110,30.5,145,5,2025-09-01,2025-10-05,드라마,일본,메가박스중앙(주)
아이언맨 2,2024-10-09,2010-04-29,재개봉/구작,실사 외화,종영,2935,16210,81,893,81,40.1,175,3,2024-10-07,2024-10-27,"SF,액션,어드벤처",미국,씨제이엔터테인먼트
가을의 전설,2024-11-27,1995-03-18,재개봉/구작,실사 외화,종영,2609,12181,66,548,65,45.9,145,3,2024-11-25,2024-12-15,멜로/로맨스,미국,워터홀컴퍼니(주)
퓨리,2024-12-11,2014-11-20,재개봉/구작,실사 외화,종영,2538,7118,53,477,53,42.4,121,3,2024-12-09,2024-12-29,"액션,드라마,전쟁",미국,소니픽쳐스릴리징월트디즈니스튜디오스코리아(주)
아이들,2025-12-17,,재개봉/구작,실사 한국,종영,2195,8572,69,306,69,30.4,112,5,2025-12-15,2026-01-18,드라마,한국,㈜인디스토리
10일간의 애인,2023-01-12,2023-01-12,신작,실사 한국,종영,2118,6364,50,826,50,8.2,138,3,2023-01-09,2023-01-29,멜로/로맨스,한국,(주)그노스
안경,2025-06-11,2007-11-29,재개봉/구작,실사 외화,종영,2098,8418,50,296,50,18.6,134,6,2025-06-09,2025-07-20,"드라마,코미디",일본,"(주)디스테이션,스폰지"
파라노이드 키드,2025-06-11,,재개봉/구작,애니메이션,종영,2098,8418,50,296,50,18.6,134,6,2025-06-09,2025-07-20,애니메이션,한국,
울브스 오브 워,2023-01-26,2023-01-26,신작,실사 외화,종영,2025,6401,50,757,50,8.2,138,3,2023-01-23,2023-02-12,"액션,스릴러,전쟁",영국,(주)누리픽쳐스
열화청춘 리마스터링,2025-03-31,2025-03-31,신작,실사 외화,종영,1932,6528,52,369,52,21.7,120,4,2025-03-31,2025-04-27,"드라마,멜로/로맨스",홍콩,(주)디스테이션
지옥: 두개의 삶,2025-09-17,,재개봉/구작,애니메이션,종영,1860,8610,64,341,64,26.5,118,5,2025-09-15,2025-10-19,"애니메이션,판타지,공포(호러)",한국,㈜인디스토리
나만의 비밀,2026-01-21,2026-01-21,신작,실사 외화,종영,1821,13065,80,311,78,28.8,130,5,2026-01-19,2026-02-22,드라마,일본,(주)누리픽쳐스
신 울트라맨,2023-12-06,2023-12-06,신작,실사 외화,종영,1721,7283,53,269,53,24.9,122,3,2023-12-04,2023-12-24,"SF,액션",일본,와이드 릴리즈(주)
톰보이,2024-11-06,2020-05-14,재개봉/구작,실사 외화,종영,1629,10037,62,187,60,18.5,145,4,2024-11-04,2024-12-01,드라마,프랑스,"(주)블루라벨픽쳐스,TCO(주)더콘텐츠온,(주)영화특별시에스엠씨"
극장판 나와 로보코,2025-11-26,2025-11-26,신작,애니메이션,종영,933,10564,74,181,74,26.0,122,3,2025-11-24,2025-12-14,애니메이션,일본,에스엠지홀딩스 주식회사
나나미 : 마지막 한방울까지 짜내는 무삭제,2023-06-13,,재개봉/구작,실사 외화,종영,220,9224,55,220,55,55.0,168,1,2023-06-12,2023-06-18,성인물(에로),일본,(주)영화사 사계절
