영화명,영화코드,제작연도,제작국가
귀향: 언니야 이제 집에 가자,20264910,2016,한국
드로스테 저편의 우리들,20210403,2020,일본
악마가 이사왔다,20210546,2022,한국
거룩한 밤: 데몬 헌터스,20218800,2021,한국
스트리밍,20216726,2021,한국
브로큰,20216476,2020,한국
사흘,20190353,2020,한국
드라이브,20218459,2022,한국
경멸,20148709,1963,이탈리아
회로,20050194,2001,일본
뱀의 길,19988770,1998,일본
오 마이 갓,20219274,2021,한국
퍼시픽션,20228650,2022,프랑스
이미 맛본 가랑이 다시 찾아온 변태 상사,20245773,2022,일본
새끈한 여상사의 남사원 공략법,20246096,2022,일본
마사지사 아찔한 손길에 녹아버린 유부녀,20246208,2022,일본
신이내린 거유 - 새엄마 히카리,20211995,2020,일본
변태소년,20263871,2018,한국
혼숙여관-새엄마랑 씻고 다 했어,20263863,2022,일본
옆집 채무녀 지리는 육체상환,20263862,2022,일본
유부녀 안전한 날 싸지른 이웃총각,20263864,2022,일본
울프 토템,20156645,2015,중국
아네모네,20226638,2022,한국
검은 소년,20246953,2022,한국
란제리 유부녀의 속옷유혹,20212867,2020,일본
카드캡터 체리 극장판,20263521,1999,일본
유레카,20001301,2000,일본
더 파이터: 리벤지,20263432,2022,중국
시간 멈춰 남직원 물뽑는 아카리,20263582,2022,일본
고양이키스 : 당신에게 마음을 여는 순간,20228573,2022,한국
소개팅 앱 섹파투어 G컵녀 하즈키,20263560,2022,일본
친구 엄마 섹파 만들기,20240665,2022,일본
돌싱 친구 엄마 욕정 길들이기,20249838,2021,일본
노처녀 상사 아랫도리 달래주기,20249163,2022,일본
출장 중 상사가 다리 벌린 유부녀 사원,20249164,2022,일본
얌전한 여자가 남자에 눈뜰 때,20248549,2021,일본
시아버지에게 중독된 며느리 5,20248526,2022,일본
상사 아내 섹파 만들기,20248657,2021,일본
친구 엄마의 꿀 바디 온몸 간병,20247653,2022,일본
엄마의 감춰진 본능 3,20247454,2022,일본
시아버지에게 중독된 며느리 4,20247612,2022,일본
마사지사가 된 발정 난 유부녀,20247895,2022,일본
출장 중 상사에게 다리 벌린 여사원,20247354,2022,일본
출장 중 봇물 터진 욕망 유부녀 상사,20236778,2021,일본
유부녀 상사의 아랫도리 상담,20247353,2022,일본
시아버지에게 중독된 며느리 3,20247033,2021,일본
출장 중 상사에게 털린 애인,20236318,2022,일본
엄마의 감춰진 본능 2,20236562,2022,일본
엄마의 감춰진 본능 1,20236509,2021,일본
내 신부는 친구 엄마,20236387,2022,일본
최강육덕 나호의 성레슨,20211645,2020,일본
초절정 슬로우 피스톨 - 레이짱,20211789,2020,일본
일본의 야한 밤이야기,20211805,2020,일본
아이스맨,20259635,2018,독일
줄무늬 파자마를 입은 소년,20088147,2008,영국(1)
기동전사 건담: 섬광의 하사웨이,20263094,2021,일본
류이치 사카모토: 도쿄 멜로디,20262204,1985,프랑스
우리는 천국에 갈 순 없지만 사랑은 할 수 있겠지,20232205,2022,한국
마사지 받다 삽입까지 허락,20262910,2022,일본
마사지 맛에 활짝 열린 가랑이,20262933,2022,일본
외로운 구멍 열어준 새엄마와 형수,20262912,2022,일본
기동전사 건담 역습의 샤아,20244971,1988,일본
로마의 휴일,20110026,1953,미국(1)
모래그릇,20256103,1974,일본
"컷, 다시 갈게요",20230137,2022,한국
친구엄마 리노의 개미허리,20211924,2020,일본
남편이 절대모를 집안불륜,20211803,2020,일본
거친플레이의 새엄마 유미짱,20211644,2020,일본
명탐정 코난: 세기말의 마술사,20261906,1999,일본
연지구 디 오리지널 4K,19868242,1987,홍콩
I컵 거유여대생 쫄깃한 떡감,20262347,2022,일본
라파엘로. 예술의 군주,20240413,2017,이탈리아
엉덩이 큰 여대생 절륜 박음질,20262346,2022,일본
잘 대주는 일본 여사친,20262128,2022,일본
욕정 미친 글램녀와 노천섹스,20262112,2022,일본
돌기 솟은 여친 꼭지 공략,20262111,2022,일본
금단의 육체! 그녀는 나의 정액 저장소,20250105,2022,일본
친구엄마 히토미의 누드쇼,20211908,2020,일본
다 마셔버린 부장와이프,20211909,2020,일본
남쪽,20193176,1983,스페인(1)
안녕하세요,20112344,1959,일본
굿 포 낫씽,20250562,2010,일본
드림 홈,20250543,2010,홍콩
마사지 받다 다리 벌리는 간호사,20261425,2022,일본
동호회 유부녀:분홍구멍,20261441,2022,일본
젖큰 수영강사 수영복 사이로 삽입,20261271,2022,일본
비키니 여대생 조개 수집,20261273,2022,일본
배란일에 씨받는 여대생 메이드,20250865,2022,일본
혓바닥이 긴 시아버지,20219167,2020,일본
새엄마 마오가 3초만 기다리는 이유,20210720,2020,일본
배신불륜녀가 엄마라니 - 사쿠라,20211511,2020,일본
풍속점의 새엄마와 엉망진창 놀이,20210499,2020,일본
푹 절은 D컵 자위녀 온천 판타지,20261248,2022,일본
스무살 여대생 두번째 AV경험,20261267,2022,일본
해상화,19988804,1998,일본
떡에 환장하는 여대생과의 속궁합,20261032,2022,일본
네 멋대로 해라,19600042,1960,프랑스
색다른 체위에 무너진 여대생,20250614,2022,일본
보티첼리. 피렌체와 메디치,20249504,2021,이탈리아
화양연화 특별판,20259893,2000,홍콩
언니 유정,20236566,2022,한국
젊은 양기를 듬뿍 받은 아유미,20210498,2020,일본
쾌락전철 - 치한사냥 노조미,20217912,2020,일본
이게 마지막이라던 새엄마,20219144,2020,일본
올라탄 F컵 새엄마 시오리,20217909,2020,일본
란제리 부인의 카터벨트,20218654,2020,일본
노노의 새엄마 유혹 - 샤워후에,20217472,2020,일본
너무 놀란 풍속점의 새엄마,20217695,2020,일본
거유음란처 더블F컵 유즈키,20218455,2020,일본
영생인,20213014,2022,한국
"파리, 밤의 여행자들",20258951,2022,프랑스
담뽀뽀,20151621,1985,일본
석류의 빛깔,20125316,1969,소련
육체 가정부-잘 닦고 잘 빤다 무삭제판,20250263,2022,일본
자매의 신메뉴-자매덮밥,20250262,2022,일본
말할 수 없는 비밀,20223819,2021,한국
죄의 목소리,20259018,2020,일본
귀여운 섹파 유노와의 짜릿한 하룻밤,20259477,2022,일본
섹스미션:유부녀를 벌려라,20259474,2022,일본
낮엔 풀장여신 밤엔 섹스여왕,20259459,2022,일본
동에 번쩍 서에 번쩍,20227521,2022,한국
보통의 가족,20227979,2022,한국
지리는 여대생:가슴이 성감대,20259763,2022,일본
여사친의 맛:삽입까지 가능해,20259753,2022,일본
여대생의 정기 : 오빠 건강하시네요,20259571,2022,일본
엔드 오브 에반게리온,20124315,1997,일본
뱀파이어 헌터 D,20001036,2000,일본
성 베드로 대성당과 로마의 교황청 대성당들,20249892,2016,이탈리아
왕가슴 미녀와 야외온천 쾌락섹스,20259153,2022,일본
거친 떡질-점장님 거친맛에 떡실신 무삭제판,20259135,2022,일본
타타르인의 사막,20258563,1976,이탈리아
헬스녀들-아랫 입 단련 하는 날,20259138,2022,일본
아마추어-지리는 AV 첫촬영,20259159,2022,일본
새내기 여대생들의 섹스 버라이어티 비디오,20258684,2022,일본
외간 남자 마사지 손길에 흥분한 유부녀,20235768,2022,일본
시아버지에게 중독된 며느리 2,20235494,2022,일본
친구 엄마의 위험한 욕정,20235095,2022,일본
울산의 별,20227570,2022,한국
며느리 욕정에 사로잡힌 시아버지 2,20235096,2021,일본
시아버지에게 중독된 며느리,20234334,2022,일본
며느리 욕정에 사로잡힌 시아버지,20234255,2022,일본
발정 난 사위 담당은 농염한 장모,20232829,2022,일본
농염한 장모님의 흠뻑 젖은 그곳,20234276,2022,일본
욕구 불만 사위와 온몸으로 말하는 장모,20232736,2021,일본
시아버지 쾌락의 포로가 된 며느리,20232737,2021,일본
음기 충만 핵바디 며느리,20231284,2022,일본
색녀 상사와 황홀해서 아침까지,20232699,2022,일본
여친 엄마와 음란한 삼각관계,20239774,2021,일본
부적절한 관계 : 아버지의 여자,20230326,2021,일본
디바 야누스,20227228,2022,한국
부산포니아,20175301,2021,한국
여대생 섹스 파트너 끝없는 사정 기록,20258459,2022,일본
MZ 스폰녀 아재 맛에 젖다,20258468,2022,일본
마작,19968703,1996,대만
질 좋은 MZ녀-콜하면 벌려요,20258294,2022,일본
바디체인지 무삭제판,20258268,2022,일본
새엄마가 곧추세운 날 무삭제판,20258299,2022,일본
포제션,19818111,1981,프랑스
근본주의자,20192905,2019,한국
엄마의 욕정은 딜레마,20224393,2020,일본
애인이 돼버린 미녀 마사지사,20226581,2020,일본
새엄마의 성교육,20219251,2019,일본
몸으로 열어준 투자설명회,20217378,2019,일본
돌아온 여상사의 음란 출장,20217396,2019,일본
남의 아내가 더 좋은 이유 7가지,20217377,2019,일본
클림트와 쉴레. 에로스와 프시케,20257846,2018,이탈리아
수줍은 여대생의 출장안마 첫 체험,20257589,2022,일본
초흥분 MZ녀:질질 싸는건 처음,20258026,2022,일본
씨물 맛에 빠진 간호사 처제의 유혹,20258025,2022,일본
태풍 클럽,20180106,1985,일본
데드 포 어 달러,20246553,2022,미국
"프란체스코, 신의 어릿광대",19508014,1950,이탈리아
엄마없는 하늘아래,20175206,2017,한국
AV배우 출신 여자친구의 오르가즘,20257435,2022,일본
스탑 메이킹 센스,20186343,1984,미국
온천에서 외간남자와 물빼는 유부녀,20257448,2022,일본
마더테레사 앤드 미,20257434,2022,스위스(2)
후배위한 여선배,20224996,2022,일본
창바라기 창문에 반한,20224968,2022,일본
욕정 취중 섹녀,20225139,2022,일본
맛 불륜,20224966,2022,일본
남편보다 남편같은 친구,20224967,2022,일본
한 번 더 요구하는 음탕 며느리,20233635,2022,일본
욕정 폭발한 친구 엄마,20234514,2022,일본
온천에서 넘쳐흐르는 장모님의 욕정,20247154,2022,일본
시아버지 아랫도리에 범벅된 며느리,20233654,2022,일본
새아빠와 엉큼한 동거,20227140,2020,일본
도예가 시아버지의 뮤즈는 농염한 며느리,20234516,2021,일본
남편 대신 유부녀 음욕 채워주는 제자,20234515,2022,일본
형 대신 꽂은 형수님,20226081,2020,일본
친구 엄마의 욕망,20247155,2022,일본
친구 엄마 빤스 벗겨 결혼까지,20249573,2022,일본
온몸으로 효도하는 며느리,20235695,2022,일본
쉿! 소리 내지 마,20219248,2019,일본
며느리 몸 색녀 만들기,20233634,2022,일본
전복 따는 시아버지1,20219225,2019,일본
시아빠한테 당하는 꿀 바디 며느리,20232664,2022,일본
버섯 따는 장모님2,20224692,2020,일본
버섯 따는 장모님1,20223485,2019,일본
며느리 몸을 빼앗은 시아버지,20233292,2022,일본
딸 친구 길들이기,20217381,2019,일본
타히티의 고갱. 잃어버린 낙원,20256793,2019,이탈리아
맘마 로마,20155809,1962,이탈리아
815사수작전,20191104,2022,한국
여름정원,20180110,1994,일본
반 고흐. 밀밭과 구름 낀 하늘,20255559,2018,이탈리아
하이큐!! 리에프 등장! &amp; VS&#034;낙제점&#034;,20256165,2015,일본
탐스러운 빚쟁이 무삭제판,20232414,2022,일본
자지러지는 장모님 무삭제판,20232182,2022,일본
이불속 욕정해결사,20233760,2022,일본
욕정녀의 젖은 속옷,20233761,2022,일본
아내의 맛,20233688,2022,일본
성스러운 며느리,20233689,2022,일본
지하돌 렌카의 AV배우 데뷔기,20256146,2022,일본
색기 넘치는 그녀의 섹파 홀리기,20256129,2022,일본
왓 리메인즈,20255294,2022,미국
유부녀 섹파 투어-남편 몰래 윗방에서 떡치는 유부녀,20256336,2022,일본
유부녀 섹파 투어-27세 전직 간호사 리나,20256359,2022,일본
옆집 유부녀에게 정기 다 털린 썰 무삭제판,20256358,2022,일본
유부녀 섹파 투어-28세 마야,20256355,2022,일본
이사,20180109,1993,일본
8과 1/2,19638041,1963,이탈리아
귀멸의 칼날: 환락의 거리 잠입편,20256081,2021,일본
귀멸의 칼날: 환락의 거리 결전편,20256082,2021,일본
1승,20212352,2021,한국
내가 누워있을 때,20224492,2022,한국
세븐틴 월드 투어 &#039;비 더 선&#039;,20255645,2022,한국
방탄소년단 &#039;맵 오브 더 소울 : 원&#039;,20255663,2020,한국
적극적인 카호의 AV첫경험,20255921,2022,일본
질 좋은 여대생 열린 꽃잎,20255577,2022,일본
구멍관계-이모의 맛 무삭제판,20255578,2022,일본
불임치료-정자가 필요해 무삭제판,20255557,2022,일본
가난한 여대생의 떨리는 그 곳,20255487,2022,일본
모네의 수련. 물과 빛의 마법,20255492,2018,이탈리아
네이키드 런치,19918257,1991,캐나다(1)
어네스트와 셀레스틴: 멜로디 소동,20254684,2022,프랑스
초상화의 이면. 아카데미아 카라라의 보물들,20254371,2019,이탈리아
극장판 블리치 : 페이드 투 블랙,20135178,2008,일본
미치광이 피에로,19658081,1965,프랑스(1)
아마데우스 오리지널 리마스터링,20253094,1984,미국
후배 아내 물이 참 많더라 무삭제판,20254969,2022,일본
적극적인 영계 나츠의 AV체험기,20254952,2022,일본
욕정 여상사의 회사생활 무삭제판,20254951,2022,일본
매일 새아들을 세우고 있어요 무삭제판,20254953,2022,일본
로데오,20235793,2022,프랑스
복수는 나의것,19798147,1979,일본
극장판 블리치 : 다이아몬드 더스트 리벨리온,20135179,2007,일본
기동전사 건담 F91,20244996,1991,일본
극장판 블리치 : 메모리즈 오브 노바디,20135180,2006,일본
왕큰 의사쌤 왕진 서비스 무삭제판,20254234,2022,일본
씨받는 여선배들,20254212,2022,일본
씨 굵고 잘 넣는 새아빠,20254236,2022,일본
수컷냄새만 나면 발딱 서버려요 무삭제판,20254231,2022,일본
동경엄마-새엄마의 란제리,20254209,2022,일본
내 아내가 다른 남자와 싸고 있습니다 무삭제판,20254230,2022,일본
레드브릿지-나쁜 녀석들 더 비기닝,20251753,2022,일본
레드브릿지-나쁜 녀석들,20251752,2022,일본
괴담-도시전설,20251754,2021,일본
출동! 왕엉덩이 히어로: 털복숭이 꼬리도적단 소탕작전,20235544,2020,호주
블랙 워런트,20253198,2022,미국
헌팅-길거리 여자들2,20253743,2022,일본
남편 옆에서 사장님 씨를 잔뜩 품었다 무삭제판,20253735,2022,일본
스폰서와 의붓아들의 새엄마,20253727,2022,일본
행복의 노란 손수건,20246254,1977,일본
열화청춘 리마스터링,20253235,1982,홍콩
농익은 그녀의 화끈한 출장서비스,20253153,2022,일본
크래쉬: 디렉터스컷,20253234,1996,캐나다
마이 스위트 크레이지 시스터,20253199,2020,미국
와일드 투어,20216383,2019,일본
카라바조. 영혼과 피,20252362,2018,이탈리아
헌팅-길거리 여자들,20253014,2022,일본
하이퍼 프로젝션 연극 하이큐!! 쓰레기장의 결전,20253002,2020,일본
설계자,20234045,2022,한국
하이퍼 프로젝션 연극 하이큐!! 최강의 팀,20252623,2018,일본
두 사람,20212430,2022,한국
명탐정 코난: 14번째 표적,19988717,1998,일본
헤픈 엄마-새엄마가 뒷문 열어준 날 무삭제판,20249795,2022,일본
하이퍼 프로젝션 연극 하이큐!!,20251714,2015,일본
카라바조의 그림자,20249343,2022,이탈리아
하이퍼 프로젝션 연극 하이큐!! 승자와 패자,20252242,2017,일본
MZ가 아재와의 섹스를 좋아하는 이유 무삭제판,20251976,2022,일본
1944 레지스탕스,20251715,2021,러시아
벌집의 정령,20113795,1973,스페인
극장판 포켓몬스터 AG: 뮤와 파동의 용사 루카리오,20051060,2005,일본
"결혼, 하겠나?",20232137,2021,한국
마이 러브돌,20246924,2020,태국
방콕 범죄도시,20246899,2020,태국
스틸 미씽,20246926,2020,태국
인비저블 캅,20246898,2020,태국
시크릿 웨폰,20246925,2021,태국
호리아,20247683,2022,프랑스
오랜만이다,20204422,2022,한국
미생: 더할 나위 없었다,20249171,2014,한국
블랙 나이트 퍼레이드,20246593,2022,일본
리바이벌 69’,20247504,2022,미국
4분 44초,20245399,2022,한국
니자리,20225967,2021,한국
새엄마가 내 친구와 해버렸다-나도 싸게 해줘 무삭제판,20246568,2022,일본
전장의 크리스마스,20142159,1983,영국
씨앗의 시간,20212407,2022,한국
괴도 퀸은 서커스를 좋아해,20245955,2022,일본
세상 참 예쁜 오드리,20239574,2022,한국
빌리와 용감한 녀석들: 스노우 베어 구조대,20242170,2022,멕시코
프리다. 삶이여 영원하라,20245610,2019,이탈리아
새아들의 아이가 내 안에 자라고 있습니다 무삭제판,20245608,2022,일본
더러운 돈에 손대지 마라,20185249,2019,한국
달의 차고 기움,20244689,2022,일본
남편 상사의 물받이가 된 새댁,20244842,2022,일본
호두까기 인형과 마술피리,20244257,2022,러시아
"줄리엣, 네이키드",20232671,2018,미국
동경의 황혼,20112341,1957,일본
내 아내 뒷문 열어재낀 과장님 무삭제판,20245261,2022,일본
새아들 떡맛-조금 맛 봐줄게,20245170,2022,일본
빚가리,20232140,2022,한국
닥터 코토 진료소,20244487,2022,일본
쑤저우강,20241177,2022,중국
국외자들,20140008,1964,프랑스
영웅들의 눈물,20235383,2022,한국
명탐정 코난: 시한장치의 마천루,2022B512,1997,일본
독립시대,19948826,1994,대만
톤비,20244209,2022,일본
남편 몰래 건물주와 섹스하고 있어요 무삭제판,20244740,2022,일본
매장 아가씨 손님 따먹기 무삭제판,20243813,2022,일본
티치아노. 색채의 제국,20244709,2022,이탈리아
산이 부른다,20242641,2022,프랑스
며느리와 하룻밤은 괜찮아,20244261,2022,일본
러브 달바,20231404,2022,프랑스
21 파라다이스,20242236,2022,스페인
서치: 데스게임,2023C791,2021,러시아
정크 헤드,20243693,2017,일본
물받이 된 선배 와이프,20242770,2022,일본
한 밤의 판타지아,20223572,2021,한국
터커 &amp; 데일 Vs 이블,20135195,2010,미국
"뭉크. 사랑, 영혼 그리고 뱀파이어 여인",20243255,2022,이탈리아
영화 xxx홀릭,20242474,2022,일본
거친섹스:남편 상사의 욕정받는 날 무삭제판,20243284,2022,일본
새엄마가 곧추세운 날,20243289,2022,일본
디베르티멘토,20242245,2022,프랑스
똥 싸는 소리,20229299,2022,한국
더 원더스,20158948,2014,이탈리아
남편보다 더 큰 의붓아들이 더 좋아,20242063,2022,일본
최악의 허니문,20241427,2022,영국
길들여진 새댁의 무릎사이 무삭제판,20241523,2022,일본
형수가 시동생 앞에서 팬티를 벗었다,20242016,2022,일본
파편들의 집,20233496,2022,덴마크(3)
진주의 진주,20225866,2022,한국
참젖 유부녀-감독님 손맛에 홍수터졌네,20242133,2022,일본
동생 몰래 잔뜩 맛본 제부의 맛 무삭제판,20242117,2022,일본
첫경험은 새엄마랑 해야지,20242134,2022,일본
그리고 바통은 넘겨졌다,20248880,2021,일본
젖은장모-사위 대물에 눈 뒤집히네,20242116,2022,일본
점장님 팬티 내릴게요 눈감아 주세요,20242132,2022,일본
미래의 범죄들,20235635,2021,캐나다
그랑블루 오리지날 리마스터링,20241488,1988,프랑스
과부의 맛-나도 싸고싶어,20242114,2022,일본
육체 가정부-잘 닦고 잘 빤다,20242110,2022,일본
굿바이 크루얼 월드,20241094,2022,일본
MZ가 아재와의 섹스를 좋아하는 이유,20242112,2022,일본
사다코 디엑스,20240341,2022,일본
따뜻하고 따뜻하고 뜨겁고,20233173,2022,일본
아사다 가족,20218453,2020,일본
백만엔걸 스즈코,20114923,2008,일본
엄청난 폭유녀 성욕 터진 날,20249595,2022,일본
여행에서 찾은 사랑 로맨스 일탈,20233193,2022,일본
목중무인 : 안하무인,20249956,2022,중국
리틀 블루,20236886,2022,대만
피렌체와 우피치 미술관,20241181,2015,이탈리아
카브리올레,20225823,2021,한국
의붓아들 떡맛에 길들여진 새엄마,20241241,2022,일본
치욕의 네토-거근에 중독된 아내,20241061,2022,일본
거북의 등딱지는 갈비뼈,20240310,2022,일본
뺑소니: 최고로 최악의 날,20240411,2019,일본
남편 직장상사를 세워줬습니다,20240921,2022,일본
마이 스몰 랜드,20234225,2022,일본
유코의 평형추,20249394,2020,일본
헤픈 엄마-새엄마가 뒷문 열어준 날,20241030,2022,일본
생츄어리,20212353,2022,한국
퀸 엘리자베스,20240388,2022,영국
바커스: 슈퍼스타가 될 거야,20247860,2022,러시아
당신이 잠든 사이,20247933,2021,한국
늦더위,20228558,2022,한국
친구가 내 남편 팬티 내려주는걸 목격했다,20240368,2022,일본
아침이 오면 공허해진다,20249403,2022,일본
세틀러스,20236171,2021,남아프리카공화국
질퍽한 E컵 풍속녀 무삭제판,20240075,2022,일본
새엄마가 내 친구와 해버렸다-나도 싸게 해줘,20240321,2022,일본
거친 떡질-점장님 거친맛에 떡실신,20240551,2022,일본
아픈 아내 앞에서 윗집 여자와 구멍 공유,20240365,2022,일본
비행사의 아내,19808083,1981,프랑스
그레이트 칸,20249844,2022,카자흐스탄
베어헌터,20248728,2022,러시아
더 초즌: 선택받은 자,20240194,2017,미국
타이거스 네스트: 호랑이의 보디가드,20247503,2022,이탈리아
아내가 낯선남자와 침대에 누워있는걸 목격했다,20240221,2022,일본
"낸 골딘, 모든 아름다움과 유혈사태",20249303,2022,미국
이어지는 땅,20227650,2022,한국
할리우드 살인사건,20240102,2021,영국
아내가 부장님 떡맛에 길들여졌다,20240016,2022,일본
"포켓몬스터: 성도지방 이야기, 최종장",20249313,2001,일본
새아들의 아이가 내 안에 자라고 있습니다,20240012,2022,일본
내 아내 뒷문 열어재낀 과장님,20240029,2022,일본
후배 아내 물이 참 많더라,20240027,2022,일본
차이콥스키의 아내,20231416,2022,러시아
힙노시스: LP 커버의 전설,20235921,2022,영국
남편 대신 옆집남자와 임신을 꿈꾸고 있다,20249772,2022,일본
합의금 대신 몸으로 위로를 드릴게요,20249711,2022,일본
남편 대신 몸으로 죗값 받는 아내,20249713,2022,일본
날마다 씨받는 온천 여사장,20249712,2022,일본
가정부 다리 사이가 절경:신이주신 선물,20249714,2022,일본
남편 직장동료에게 단백질 선물 받은 아내,20249405,2022,일본
너무 야한 거유 형수,20248673,2022,일본
갓랜드,20234731,2022,덴마크(3)
돌들이 말할 때까지,20227657,2022,한국
사랑은 빛,20248655,2022,일본
상사와 지방출장-착즙당한 여사원,20249200,2022,일본
카니펙스: 죽음의 숲,20249220,2022,호주
남편 몰래 건물주와 섹스하고 있어요,20249197,2022,일본
과부새엄마 욕정 되살린 의붓아들,20249198,2022,일본
네토의 시작과 끝-남편 상사 씨받기,20249191,2022,일본
내 아내가 다른 남자와 싸고 있습니다,20249213,2022,일본
시민덕희,20206946,2021,한국
언더 유어 베드,20246982,2019,일본
이모 저 목욕 시켜주세요,20248547,2022,일본
의붓여동생이랑 해버렸어요,20248525,2022,일본
직장상사를 꼬셨는데 그의 아내와 눈이 맞다,20248763,2022,일본
섹꼽친구 : 속궁합이 아주 잘 맞아,20248748,2021,일본
드림쏭3,20248100,2022,미국
내 아내는 인사부장의 1지명,20248762,2022,일본
남편 대신 옆집 남자 : 제가 세워드릴게요,20248764,2022,일본
검치호,20225870,2022,한국
탐정 말로,20231459,2022,아일랜드(1)
쇼킹 마사지 샵 무삭제판,20248124,2022,일본
래빗스쿨 2: 부활절 대소동,20247497,2022,독일
다운폴,20048703,2013,독일
그날이 와버렸네,20225313,2022,한국
왓츠 러브,20247573,2022,영국
공백,20234034,2021,일본
생츄어리 2 : 쿼카가 너무해,20234808,2020,호주
누나 친구의 손기술-아!잇쿠!,20248359,2022,일본
극장판 츠루네: 시작의 한 발,20234641,2022,일본
젊은 새엄마-나이차도 안 나는데 뭐,20248356,2022,일본
유부녀 몸수발-맛있어 계속 찾네,20248344,2022,일본
시간 멈춰 단백질 몽땅 뽑아낸 간호사,20248331,2022,일본
벙커 게임,20247810,2022,이탈리아
대결! 애니메이션,20230614,2022,일본
구멍관계-이모의 맛,20248343,2022,일본
엄친아 : 저 이제 아줌마 없이 못살아요,20247814,2022,일본
임신한 아내 대신 옆집 유부녀가 물 빼줬다,20248357,2022,일본
유부녀의 맛,20248345,2022,일본
옆집여자는 취하면 찾아와 팬티를 내린다,20248355,2022,일본
과장님 아내의 속사정,20248358,2022,일본
2대1 나눠먹기 무삭제,20229301,2022,한국
크게 잘 세워버린 새엄마,20248330,2022,일본
옆집여자의 약점을 잡았다-물 빼주면 되죠?,20248329,2022,일본
사모님 봇물 터졌네-부장님이 허락했어요,20248328,2022,일본
아이엠 티라노,20247473,2022,중국
극장판 후르츠 바스켓: 프렐류드,20247547,2022,일본
우견니,20247227,2022,중국
우주전함 야마토,20247705,2010,일본
아내의 직업 2: 텐프로,20231941,2022,한국
매장 아가씨 손님 따먹기,20247605,2022,일본
쾌락 빠진 유부녀 무삭제판,20236416,2022,일본
여기는 아미코,20247373,2022,일본
형 와이프의 젖은 손길 무삭제판,20235039,2022,일본
젖어버린 속살 무삭제판,20232157,2022,일본
술 마시고 오늘은 꼭 싸는거야,20247813,2022,일본
며늘아 그동안 많이 쌓였구나,20247807,2022,일본
거유 오피스 : 선배님 저랑 해주세요,20247808,2022,일본
서바이벌 택틱스,20211547,2021,한국
K스쿨,20210707,2022,한국
숙모 삼촌한테는 비밀이야,20247217,2022,일본
길들여진 새댁의 무릎사이,20246995,2022,일본
"타르콥스키, 기도하는 영혼",20247229,2019,이탈리아
극장판 오드 택시 인 더 우즈,20246993,2022,일본
의붓아들에게 수컷의 향기가 난다,20247596,2022,일본
씨받고 싶은 사모님의 질 좋은 구멍,20247595,2020,일본
특수요원S,20228972,2019,인도
플랜 75,20235904,2022,일본
영화 스미코구라시 - 푸른 달밤의 마법의 아이,20235910,2019,일본
썬 오브 람세스,20236701,2022,프랑스
빚 독촉에 뒷문 열어준 유부녀,20247406,2022,일본
발정난 새엄마가 날 세워버렸다,20247443,2022,일본
돈 훔치다 걸리니 즙 짜준 알바녀,20247407,2022,일본
구멍 하나 버섯 둘,20247421,2022,일본
호기심에 꽉 물어버린 새엄마,20247422,2022,일본
집주인 버섯 맛에 길들여진 가사도우미,20247424,2022,일본
아내의 몸테크-육체봉사 가정부,20247423,2022,일본
구멍공유-새엄마와 두 아들,20247408,2022,일본
옆집 유부녀에게 정기 다 털린 썰,20247433,2022,일본
아빠가 출장가면 난 새엄마의 남편이 된다,20247434,2022,일본
불임치료-정자가 필요해,20247426,2022,일본
말 할 수 없는 비밀-날 세워준 새엄마,20247409,2022,일본
두 세계 사이에서,20234807,2020,프랑스
탐나는 부하직원의 아내-남편을 위해 벌려라,20247410,2022,일본
젖은 과외쌤-비에 젖은 K컵은 못참지,20247411,2022,일본
아톰 새로운 시작,20236694,2009,미국
아녜스 V에 의한 제인 B,20120920,1988,프랑스
새엄마의 립서비스-남편 몰래 매일 세웠다,20247412,2022,일본
새엄마가 뒷문을 열어줬다,20247425,2022,일본
스즈메의 문단속: 다녀왔어,20236557,2022,일본
제수씨 내 마누라가 되어줘,20247218,2022,일본
쉿! 장모님 아내에게는 비밀이에요,20247197,2022,일본
어느날 남편의 상사가 들어왔다,20247216,2021,일본
일 부코,20224367,2021,이탈리아(2)
영화 스미코구라시 - 튀어나오는 그림책과 비밀의 아이,20235933,2019,일본
어서와 장모는 처음이지,20236902,2022,일본
내 아내는 내조왕 : 남편 몰래 섹스 내조,20236903,2022,일본
흠뻑 젖은 장모님과 대리섹스,20246990,2022,일본
헤픈 새엄마 물찬 새아들,20236625,2022,일본
욕정 여상사의 회사생활,20236644,2022,일본
동창회의 목적-화장실에 퍼진 아내의 신음소리,20236643,2022,일본
남성전용 비뇨기과-참 잘 세우네,20236626,2022,일본
마사지사의 질좋은 허리돌림,20236640,2022,일본
남편 옆에서 사장님 씨를 잔뜩 품었다,20236639,2022,일본
매일 새아들을 세우고 있어요,20236642,2022,일본
끝까지 세운다 오늘 꼭 싸는거야,20236624,2022,일본
허니문 먹고 하고 싸고,20236638,2022,일본
처형:우리 제부 해보고 싶은거 다 해,20236623,2022,일본
옆집 영계냄새에 발딱 선 내 아내,20236622,2022,일본
수컷냄새만 나면 발딱 서버려요,20236641,2022,일본
파라다이스 시티,20236693,2022,캐나다
라이즈,20235073,2022,프랑스(1)
사랑하는 기생충,20236433,2021,일본
히즈,20209574,2020,일본
노 베어스,20236108,2022,이란
즙 잘 뽑는 가정부,20236773,2022,일본
새아들 정력 미쳤다,20236769,2022,일본
시간 멈춰 단백질 뽑아대는 아오이,20236768,2022,일본
내 아내 맛이 어때,20236752,2022,일본
"그리고, 살아간다",20214842,2019,일본
