movie_id,director,leads
FS20183782,봉준호,송강호(기택)|이선균(동익)|조여정(연교)
FS20136803,크리스 벅,이디나 멘젤(엘사 목소리 )|크리스틴 벨(안나 목소리 )|조나단 그로프(크리스토프 목소리 )
FS20172742,강윤성,마동석(마석도)|윤계상(장첸)|조재윤
FS20182530,이병헌,류승룡(고반장)|이하늬(장형사)|진선규(마형사)
FS20150976,김용화,하정우(강림)|차태현(자홍)|주지훈(해원맥)
FS20204548,이상용,마동석(마석도)|손석구(강해상)|최귀화(전일만)
FS20174061,톰 맥그라스,알렉 볼드윈|리사 쿠드로|스티브 부세미
FS20226411,이상용,마동석(마석도)|마동석|이준혁(주성철)
FS20148048,류승완,황정민(서도철)|유아인(조태오)|유해진(최 상무)
FS20140194,나홍진,곽도원(종구)|황정민(일광)|쿠니무라 준(외지인)
FS20124401,박훈정,이정재(이자성)|최민식(강과장)|황정민(정청)
FS20185341,박훈정,김다미(자윤)|조민수(닥터 백)|박희순(미스터 최)
FS20177478,안소니 루소,로버트 다우니 주니어|조슈 브롤린|마크 러팔로
FS20126091,한재림,송강호(내경)|이정재(수양대군)|백윤식(김종서)
FS20113533,김대승,조여정(화연)|김동욱(성원대군)|김민준(권유)
FS20124034,최동훈,김윤석(마카오박)|김혜수(팹시)|이정재(뽀빠이)
FS20153444,이계벽,유해진|이준(재성)|조윤희
FS20165443,론 클레멘츠,드웨인 존슨(마우이 목소리 역)|아우이 크라발호(모아나 목소리 역)|알란 터딕
FS20129370,김한민,최민식(이순신 )|류승룡(구루지마 )|조진웅(와키자카 )
FS20234675,장재현,최민식(김상덕)|김고은(이화림)|유해진(고영근)
FS20124079,추창민,이병헌(광해/하선)|류승룡(허균)|한효주(중전)
FS20148851,최동훈,전지현(안옥윤)|이정재(염석진)|하정우(하와이 피스톨)
FS20127593,이환경,류승룡(용구)|박신혜(큰 예승)|갈소원(어린 예승)
FS20155501,바이론 하워드,지니퍼 굿윈|제이슨 베이트먼|샤키라
FS20145507,이일형,황정민(변재욱)|강동원(한치원)
FS20156564,연상호,공유|정유미(성경)|마동석
FS20124721,조스 웨던,로버트 다우니 주니어(토니 스타크/ 아이언 맨)|스칼렛 요한슨(나타샤 로마노프/블랙 위도우)|크리스 헴스워스(토르)
FS20186202,김용화,하정우(강림)|주지훈(해원맥)|김향기(덕춘)
FS20228797,허명행,김무열(백창기)|박지환(장이수)|이동휘(장동철)
FS20197803,크리스 벅,크리스틴 벨|이디나 멘젤|조시 게드
FS20184621,이상근,조정석(용남)|임윤아(의주)|고두심(현옥)
FS20098169,콜린 트레보로우,크리스 프랫|주디 그리어|브라이스 달라스 하워드
FS20188941,이원태,마동석(장동수)|김무열(태석)|김성규(강경호)
FS20177538,이재규,유해진|조진웅(석호)|이서진(준모)
FS20113557,윤종빈,최민식(최익현 )|하정우(최형배 )
FS20131102,황동혁,심은경(오두리)|나문희(오말순)|박인환(박씨)
FS20145361,피에르 꼬팽,산드라 블록|존 햄|마이클 키튼
FS20137048,윤제균,황정민(덕수)|김윤진(영자)|오달수(달구)
FS20162442,김주환,박서준(기준)|강하늘(희열)|성동일
FS20150025,우민호,이병헌(안상구)|조승우(우장훈)|백윤식
FS20140110,매튜 본,콜린 퍼스|태런 에저튼|사무엘 L. 잭슨
FS20162869,장훈,송강호(김만섭)|토마스 크레취만(위르겐 힌츠페터(피터))|류준열(구재식)
FS20137044,곽경택,유오성|주진모|김우빈(최성훈)
FS20179383,이해영,조진웅(원호)|류준열(락)|김주혁(하림)
FS20192206,이해준,이병헌(리준평)|하정우(조인창)|마동석(강봉래)
FS20010291,크리스 콜럼버스,다니엘 래드클리프(해리 포터)|엠마 왓슨(헤르미온느 그레인저)|루퍼트 그린트(론 위즐리)
FS20142402,민규동,주지훈|김강우|천호진
FS20179985,리 언크리치,가엘 가르시아 베르날|앤서니 곤잘레스|벤자민 브랫
FS20197922,홍원찬,황정민(인남)|이정재(레이)|박정민(유이)
FS20183867,가이 리치,메나 마수드|윌 스미스|나오미 스콧
FS20170402,양우석,정우성|곽도원
FS20144444,박찬욱,김민희(아가씨)|김태리(숙희)|하정우(백작)
FS20184481,김민호,마동석|송지효|김성오
FS20156807,박영균,이선(뽀로로)|이미자(크롱)|함수정(에디)
FS20100215,한상호,이형석|신용우|구자형
FS20179086,후안 안토니오 바요나,크리스 프랫|브라이스 달라스 하워드|제프 골드블럼
FS20151225,피트 닥터,다이안 레인|에이미 포엘러|카일 맥라클란
FS20170590,장준환,김윤석|하정우|유해진
FS20134803,양우석,송강호(송우석)|김영애(최순애)|오달수(박동호)
FS20124074,이용주,엄태웅(현재 승민 )|한가인(현재 서연 )|이제훈(과거 승민)
FS20153443,김성수,정우성(한도경)|황정민(박성배)|주지훈(문선모)
FS20163181,스콧 데릭슨,베네딕트 컴버배치|레이첼 맥아담스|틸다 스윈튼
FS20153781,팀 밀러,라이언 레이놀즈|모레나 바카린|에드 스크레인
FS20151229,한재림,조인성(박태수)|정우성(한강식)|배성우(양동철)
FS20165748,장창원,현빈|유지태(박희수 검사)
FS20136064,이석훈,김남길|손예진|신정근
FS20162181,나현,한석규(정익호)|김래원(송유건)
FS20199816,강대규,성동일(두석)|하지원(성인 승이)|김희원(종배)
FS20134798,김학순,김무열(윤영하)|진구(한상국)|이현우(박동혁)
FS20242837,장항준,유해진|박지훈|유지태
FS20134804,강형철,최승현(함대길)|신세경(허미나)|곽도원(장동식)
FS20179189,김태균,김윤석(김형민)|주지훈|문정희
FS20212866,김성수,황정민(전두광)|정우성(이태신)|이성민(참모총장 정상호)
FS20188750,손용호,마동석(박웅철)|김상중(오구탁)|김아중(곽노순)
FS20176122,김광식,조인성(양만춘)|남주혁(사물)|박성웅(당태종 이세민)
FS20020222,크리스 콜럼버스,다니엘 래드클리프|엠마 왓슨|루퍼트 그린트
FS20215601,이석훈,현빈|유해진|임윤아
FS20148846,이준익,송강호|유아인|문근영(혜경궁 홍씨 )
FS20175222,매튜 본,콜린 퍼스|줄리안 무어|태런 에저튼
FS20170561,라이언 쿠글러,채드윅 보스만(티찰라 / 블랙 팬서 역)
FS20133322,김대우,송승헌|설유진(5호네)|임지연
FS20167303,존 왓츠,톰 홀랜드|로버트 다우니 주니어|마이클 키튼
FS20192193,박정배,이제훈|조우진|신혜선
FS20175121,타이카 와이티티,크리스 헴스워스|톰 히들스턴|케이트 블란쳇
FS20177221,루벤 플레셔,톰 하디|미쉘 윌리엄스|리즈 아메드
FS20139201,조범구,정우성|안성기|이범수
FS20176104,최성현,이병헌(김조하)|윤여정|박정민(오진태)
FS20167904,데이미언 셔젤,엠마 스톤|라이언 고슬링|핀 위트록
FS20124066,정지우,박해일(이적요)|김무열(서지우)|김고은(한은교)
FS20124935,조진규,박신양(광호)|김정태(태주)|엄지원(명보살)
FS20184462,원신연,유해진(황해철)|류준열(이장하)|조우진(마병구)
FS20124083,류승완,하정우(표종성)|한석규(정진수)|류승범(동명수)
FS20198414,최정열,마동석(거석이형)|박정민(고택일)|정해인(우상필)
FS20224882,박훈정,신시아(소녀)|박은빈(경희)|서은수(조현)
FS20161725,조의석,이병헌(진회장)|강동원(김재명)|김우빈(박장군)
FS20166488,알렉스 커츠먼,톰 크루즈|소피아 부텔라|애나벨 월리스
FS20154910,김성훈,하정우|배두나|오달수
FS20151383,리들리 스콧,맷 데이먼|제시카 차스테인|제프 다니엘스
FS20199883,이철하,엄정화(이미영)|박성웅(오석환)|이상윤(리철승)
FS20113554,민규동,임수정(정인)|이선균(두현)|류승룡(성기)
FS20148493,조스 웨던,로버트 다우니 주니어|크리스 헴스워스|마크 러팔로
FS20180939,우민호,이병헌(김규평)|이성민(박통)|곽도원(박용각)
FS20180290,제임스 완,제이슨 모모아|앰버 허드|니콜 키드먼
FS20148855,곽경택,김윤석(공길용)|유해진(김중산)
FS20121621,쉐인 블랙,로버트 다우니 주니어(토니 스타크)|기네스 팰트로우(페퍼 포츠)|벤 킹슬리(만다린)
FS20149314,우민호,이병헌(안상구)|조승우(우장훈)|백윤식(이강희)
FS20181181,크리스토퍼 맥쿼리,톰 크루즈|레베카 퍼거슨|바네사 커비
FS20181434,리건,권상우(귀수)|김희원(똥선생)|김성균(허일도)
FS20123681,박영균,이선(뽀로로)
FS20193321,장유정,라미란(주상숙)|김무열(박희철)|나문희(김옥희)
FS20139183,이재규,현빈(정조)|정재영|조정석
FS20177552,최국희,김혜수(한시현)|유아인|허준호
FS20140431,웨스 볼,딜런 오브라이언|카야 스코델라리오|윌 폴터
FS20176251,강효진,박성웅(판수)|진영(동현)|라미란(미선)
FS20159646,김지운,송강호|공유
FS20135428,리차드 커티스,레이첼 맥아담스(메리)|도널 글리슨(팀)|빌 나이
FS20126469,빌 콘돈,크리스틴 스튜어트|로버트 패틴슨|테일러 로트너
FS20184572,권오광,박정민(도일출)|류승범(애꾸)|최유화(마돈나)
FS20145503,장재현,김윤석|강동원
FS20122089,크리스 리노드,알 파치노|스티브 카렐|미란다 코스그로브
FS20192101,최원섭,권상우(준)|정준호(덕규)|황우슬혜(미나)
FS20194376,조셉 코신스키,톰 크루즈|마일즈 텔러|제니퍼 코넬리
FS20161481,류승완,황정민(이강옥)|소지섭(최칠성)|송중기(박무영)
FS20152022,낸시 마이어스,앤 해서웨이|로버트 드 니로|르네 루소
FS20178161,이언희,권상우(강대만)|성동일(노태수)|김수영(손담비 대역)
FS20122122,마크 포스터,브래드 피트(제리 레인)|미레유 에노스(카린 레인)|매튜 폭스
FS20040598,알폰소 쿠아론,다니엘 래드클리프|엠마 왓슨|루퍼트 그린트
FS20126674,봉준호,크리스 에반스|송강호|에드 해리스
FS20156557,김정훈,권상우|성동일
FS20196270,김지훈,차승원(정만수)|김성균(박동원)|이광수(김승현)
FS20179101,윤종빈,황정민|이성민(리명운)|조진웅(학성)
FS20174846,김현호,이선(뽀로로 목소리 )|이미자(크롱 목소리 )|함수정(에디 목소리 )
FS20126672,장철수,김수현(원류환)|박기웅(리해랑)|이현우(리해진)
FS20123501,윤종빈,하정우|강동원|조진웅(이태기)
FS20138881,루이스 리테리어,제시 아이젠버그(마이클 아틀라스)|마크 러팔로(딜런 홉스)|우디 해럴슨(메리트 오스본)
FS20112695,이한,김윤석(동주 )|유아인
FS20193450,연상호,강동원(한정석)|이정현(민정)
FS20149120,크리스토퍼 놀란,매튜 매커너히|앤 해서웨이|마이클 케인
FS20122783,조의석,설경구(황반장)|정우성(제임스)|한효주(하윤주)
FS20180868,한준희,공효진(시연)|류준열(민재)|조정석(재철)
FS20136049,허정,손현주|문정희|전미선(민지)
FS20159364,안소니 루소,크리스 에반스|로버트 다우니 주니어|스칼렛 요한슨
FS20143580,제임스 완,빈 디젤|폴 워커|드웨인 존슨
FS20184082,정다원,라미란(박미영)|이성경(조지혜 역)|윤상현(조지철)
FS20163603,제임스 건,크리스 프랫|조 샐다나|데이브 바티스타
FS20158621,폴 페이그,주드 로|제이슨 스타뎀|멜리사 맥카시
FS20124937,김성수,장혁(지구)|수애(인혜)|박민하(미르)
FS20136068,이석훈,황정민|정우
FS20198453,강윤성,김래원(장세출)|원진아(강소현)|진선규(조광춘)
FS20189783,김용완,마동석|권율(박진기)|한예리(이수진)
FS20185485,브라이언 싱어,라미 말렉|조셉 마젤로|마이크 마이어스
FS20162365,데이빗 예이츠,에디 레드메인|콜린 파렐|캐서린 워터스턴
FS20218541,류승완,김혜수(조춘자)|염정아(엄진숙)|조인성(권 상사)
FS20151803,여인영,잭 블랙(포)|안젤리나 졸리(타이그리스)|더스틴 호프만(시푸)
FS20050310,마이크 뉴웰,다니엘 래드클리프(해리 포터)|루퍼트 그린트(론 위즐리)|엠마 왓슨(헤르미온느 그레인저)
FS20149951,돈 홀,라이언 포터|스콧 애짓|다니엘 헤니
FS20149317,제임스 건,크리스 프랫|조 샐다나|데이브 바티스타
FS20124054,조성희,송중기(늑대소년)|박보영(소녀)
FS20130442,김성훈,이선균(고건수 )|조진웅(박창민 )
FS20157881,크리스토퍼 맥쿼리,톰 크루즈|제레미 레너|사이먼 페그
FS20168773,우민호,송강호(이두삼)|조정석(김인구)|배두나(김정아)
FS20124938,원신연,공유(지동철)|박희순(민세훈)|조성하(김석호)
FS20184483,용수,설경구(장수)|조진웅(영기)|허준호(범도)
FS20125333,강우석,황정민(덕규)|유준상|이요원(홍규민)
FS20171909,제이크 캐스단,드웨인 존슨|잭 블랙|케빈 하트
FS20134181,조셉 코신스키,톰 크루즈|모건 프리먼|올가 쿠릴렌코
FS20173403,피에르 꼬팽,스티브 카렐|크리스틴 위그|트레이 파커
FS20165450,황동혁,이병헌(최명길)|김윤석|박해일(인조)
FS20204117,류승완,김윤석(한신성 대사)|조인성(강대진 참사관)|허준호(림용수 대사)
FS20176103,박누리,류준열(조일현)|유지태(번호표)|조우진(한지철)
FS20144641,박정우,김남길|김영애|문정희
FS20110905,빌 콘돈,로버트 패틴슨|크리스틴 스튜어트
FS20176848,데이빗 레이치,라이언 레이놀즈|조슈 브롤린|재지 비츠
FS20170513,임진순,마동석(역기철)|김새론(강유진)|이상엽(지성)
FS20167542,F. 게리 그레이,빈 디젤|드웨인 존슨|샤를리즈 테론
FS20154661,권수경,조정석|도경수|박신혜(이수현)
FS20070063,데이빗 예이츠,다니엘 래드클리프|루퍼트 그린트
FS20193069,조일형,유아인(오준우)|박신혜(김유빈)
FS20090834,제임스 카메론,샘 워싱턴|조 샐다나|시고니 위버
FS20124062,박정우,김명민(재혁)|문정희(경순)|김동완(재필)
FS20124064,임상수,김강우(주영작)|백윤식(윤회장)|윤여정(백금옥)
FS20180804,정범식,위하준(하준)|박지현(지현)|오아연(아연)
FS20161872,신카이 마코토,카미키 류노스케(타치바나 타키 역)|카미시라이시 모네(미야미즈 미츠하 역)|나가사와 마사미(오쿠데라 미키 역)
FS20162722,김형주,이성민(대호)|조진웅(종진)|김성균(덕만)
FS20111009,데이빗 예이츠,다니엘 래드클리프(해리 포터 )|엠마 왓슨(헤르미온느)|루퍼트 그린트(론 웨슬리)
FS20179462,마이클 그레이시,휴 잭맨|잭 에프런|미쉘 윌리엄스
FS20210028,존 왓츠,톰 홀랜드(피터 파커/스파이더맨)|젠데이아 콜먼(MJ)|베네딕트 컴버배치(닥터 스트레인지)
FS20199950,토드 필립스,호아킨 피닉스|재지 비츠|로버트 드 니로
FS20090379,데이빗 예이츠,다니엘 래드클리프(해리 포터)|엠마 왓슨(헤르미온느)|루퍼트 그린트(론 위즐리)
FS20205144,정이삭,스티븐 연|한예리|윤여정
FS20149265,김홍선,김우빈(지혁)|김영철(조 사장)|고창석
FS20150622,웨스 볼,딜런 오브라이언|토마스 생스터|카야 스코델라리오
FS20101395,네이슨 그레노,제커리 리바이(플린 라이더)|맨디 무어(라푼젤)
FS20156250,이재한,이정재(장학수)|이범수(림계진)|리암 니슨(더글러스 맥아더)
FS20196271,양우석,정우성(한 대통령)|유연석(북 위원장)|곽도원(호위총국장)
FS20175262,조던 필,다니엘 칼루야|앨리슨 윌리암스|브래들리 휘트포드
FS20143572,백종열,한효주(홍이수)|김대명(우진1)|도지한(우진18)
FS20196655,채드 스타헬스키,키아누 리브스|할리 베리|로렌스 피쉬번
FS20162025,가스 제닝스,매튜 매커너히|리즈 위더스푼|스칼렛 요한슨
FS20112207,브래드 버드,톰 크루즈|제레미 레너
FS20147613,샘 테일러-존슨,제이미 도넌|다코타 존슨|제니퍼 엘
FS20124127,게리 로스,제니퍼 로렌스(캣니스 에버딘)|조쉬 허처슨(피타 멜라크)|리암 헴스워스(게일 호손)
FS20141384,앨런 테일러,아놀드 슈왈제네거|제이슨 클락|에밀리아 클라크
FS20136052,김병우,하정우(윤영화)|이경영(차대은)|전혜진(박정민)
FS20128274,톰 후퍼,휴 잭맨|러셀 크로우|앤 해서웨이
FS20196850,데이빗 레이치,드웨인 존슨|제이슨 스타뎀|이드리스 엘바
FS20149629,존 카니,키이라 나이틀리|마크 러팔로|애덤 리바인
FS20143513,강효진,엄정화(이연우)|송승헌|김상호(이소장)
FS20156082,크리스 리노드,스티브 쿠건|엘리 켐퍼|레이크 벨
FS20164844,변성현,설경구|임시완
FS20131381,제임스 완,베라 파미가(로레인 워렌)|패트릭 윌슨(에드 워렌)|릴리 테일러(캐롤린 페론)
FS20150964,박광현,지창욱(권유)|심은경(여울)|안재홍(데몰리션)
FS20172603,장유정,마동석(석봉)|이동휘|이하늬(오로라)
FS20131248,딘 데블로이스,제이 바루첼|제라드 버틀러|케이트 블란쳇
FS20125920,김휘,김윤진(송경희)|마동석|천호진
FS20124063,김홍선,임창정(영규)|최다니엘(상호)|오달수(경재)
FS20191029,김도영,정유미(지영)|공유(대현)|김국희(수빈엄마)
FS20124067,김주호,차태현(이덕무)|오지호(백동수)|민효린(백수련)
FS20161726,문현성,이선균(예종)|안재홍(윤이서)
FS20177308,이종석,현빈(민태구)|손예진(하채윤)
FS20126077,마크 웹,앤드류 가필드|엠마 스톤|마틴 쉰
FS20170670,조규장,이성민(상훈)|김상호|진경(수진)
FS20176917,브래드 페이튼,드웨인 존슨|제프리 딘 모건|나오미 해리스
FS20239670,류승완,황정민|정해인
FS20181788,존 크래신스키,에밀리 블런트|존 크래신스키|노아 주프
FS20135656,뤽 베송,스칼렛 요한슨|모건 프리먼|최민식
FS20113886,임상윤,소지섭(지형도)|이미연(유미연)
FS20166101,채드 스타헬스키,키아누 리브스|이안 맥쉐인|루비 로즈
FS20122021,마이클 베이,마크 월버그|니콜라 펠츠|잭 레이너
FS20171962,패트릭 휴즈,라이언 레이놀즈(마이클 브라이스 )|사무엘 L. 잭슨(다리우스 킨케이드)|셀마 헤이엑(소니아 킨케이드)
FS20100312,크리스토퍼 놀란,레오나르도 디카프리오(코브)
FS20155826,신재호,임창정|최다니엘(조유민)|나현정(큐레이터)
FS20138355,앨런 테일러,크리스 헴스워스(토르)|톰 히들스턴(로키)|나탈리 포트만(제인 포스터)
FS20228930,피터 손,
FS20030072,앤드류 스탠튼,엘렌 드제너스|알버트 브룩스
FS20155702,페이튼 리드,폴 러드|마이클 더글라스|에반젤린 릴리
FS20112175,스티븐 소더버그,기네스 팰트로우(베쓰 엠호프 )|맷 데이먼(토마스 엠호프 )
FS20189463,리치 무어,존 C. 라일리|사라 실버맨|맨디 무어
FS20150972,김태곤,김혜수(주연)|마동석(평구)|김현수(단지)
FS20199882,이규만,조진웅(박강윤)|최우식(최민재)|박희순(감찰계장)
FS20195002,정지영,조진웅(양민혁)|이하늬(김나리)
FS20143642,올리비에 메가턴,리암 니슨|팜케 얀센|매기 그레이스
FS20164721,빌 콘돈,엠마 왓슨|댄 스티븐스|루크 에반스
FS20144741,조지 밀러,톰 하디|샤를리즈 테론|니콜라스 홀트
FS20185046,아니쉬 차간티,존 조|데브라 메싱
FS20150523,브라이언 싱어,제임스 맥어보이|마이클 패스벤더|제니퍼 로렌스
FS20161907,폴 그린그래스,맷 데이먼|줄리아 스타일즈|토미 리 존스
FS20184482,김봉한,곽도원(홍병수)|김대명(황만철)|김희원(패트릭)
FS20218052,앤디 서키스,톰 하디|미쉘 윌리엄스|나오미 해리스
FS20196309,존 왓츠,톰 홀랜드|사무엘 L. 잭슨|젠데이아 콜먼
FS20124936,변성현,지성(현승)|김아중(윤정)
FS20195920,김한결,김래원(재훈)|공효진(선영)
FS20206061,콜린 트레보로우,크리스 프랫|브라이스 달라스 하워드|드완다 와이즈
FS20181877,애너 보든,브리 라슨|사무엘 L. 잭슨|벤 멘델슨
FS20162343,정병길,김옥빈(숙희)|신하균(중상)|성준(현수)
FS20134591,박상준,이민기|박성웅(정상하)|이태임(연수)
FS20179901,맷 리브스,앤디 서키스|우디 해럴슨(콜로넬 역)|스티브 잔
FS20172204,박희곤,조승우(박재상)|지성(흥선대원군)|김성균(김병기)
FS20124032,김형준,박희순|박희순(강선우)|박시연(김수진)
FS20227762,안태진,류준열(천경수)|유해진(인조)|최무성(이형익)
FS20203286,윤영빈,유오성(김길석)|장혁(이민석)|박성근(조방현)
FS20154242,젠디 타타코브스키,아담 샌들러(드라큘라 목소리)|셀레나 고메즈(마비스 목소리)|케빈 제임스(프랑켄슈타인 목소리)
FS20145171,박훈정,최민식
FS20167903,조원희,마동석|김영광|이유영
FS20101224,데이빗 예이츠,다니엘 래드클리프(해리 포터)|엠마 왓슨(헤르미온느)|루퍼트 그린트(론 웨슬리)
FS20217826,박규태,고경표(박천우)|이이경(리용호)|음문석(강은표)
FS20148973,맷 리브스,앤디 서키스|게리 올드만|제이슨 클락
FS20166967,마이클 베이,마크 월버그|안소니 홉킨스|로라 하드독
FS20178401,최재훈,장혁(태율)|김현수(태옥)|조 타슬림(구루타이)
FS20159644,박대민,유승호(김인홍)|조재현(성대련)|고창석(보원)
FS20150203,존 추,제시 아이젠버그|마크 러팔로|우디 해럴슨
FS20140694,데이비드 에이어,브래드 피트|로건 레먼|샤이아 라보프
FS20124075,정병길,정재영(최형구)|박시후(이두석)
FS20183361,브래드 버드,크레이그 T. 넬슨|사무엘 L. 잭슨|홀리 헌터
FS20124086,이승준,설경구(철수)|문소리(영희)|다니엘 헤니
FS20113887,신정원,김수로(박선생)|강예원(찬영)|이제훈(석현)
FS20174142,김현석,나문희|이제훈(민재)
FS20124039,김지훈,설경구(강영기 )|손예진(서윤희 )|김상경(이대호 )
FS20157464,김봉주,손현주|엄지원|배성우
FS20128447,올리비에 메가턴,리암 니슨|매기 그레이스|팜케 얀센
FS20154001,알레한드로 곤잘레스 이냐리투,레오나르도 디카프리오|톰 하디
FS20174602,이창재,노무현
FS20147669,브라이언 싱어,휴 잭맨|제임스 맥어보이|마이클 패스벤더
FS20149570,김석윤,김명민|오달수|이연희
FS20168261,팻티 젠킨스,갤 가돗|로빈 라이트|크리스 파인
FS20123383,장준환,여진구(화이)|김윤석(석태)|조진웅(기태)
FS20168183,조던 복트-로버츠,톰 히들스턴|브리 라슨|사무엘 L. 잭슨
FS20175054,웨스 볼,딜런 오브라이언|토마스 생스터|카야 스코델라리오
FS20180522,페이튼 리드,폴 러드|에반젤린 릴리|마이클 더글라스
FS20081056,크리스토퍼 놀란,크리스찬 베일(브루스 웨인/ 배트맨)|마이클 케인(알프레드)|히스 레저(조커)
FS20205041,저스틴 린,빈 디젤|존 시나|성 강
FS20149569,백운학,손현주|마동석|최다니엘(김진규)
FS20124399,정기훈,고수(강일)|한효주(미수)
FS20113972,존 추,이병헌(스톰 쉐도우)|브루스 윌리스(조 콜튼)|드웨인 존슨(로드블럭)
FS20166363,에드워드 즈윅,톰 크루즈|코비 스멀더스
FS20152963,데이비드 에이어,윌 스미스|자레드 레토|마고 로비
FS20129156,젠디 타타코브스키,아담 샌들러|스티브 부세미|프란 드레셔
FS20122784,정근섭,엄정화(하경)|김상경(청호)|송영창(한철)
FS20173694,딘 데블린,캐서린 윈닉|제라드 버틀러|짐 스터게스
FS20112134,피터 버그,리암 니슨(셰인)|테일러 키취(알렉스 하퍼)|알렉산더 스카스가드(스톤 하퍼)
FS20179205,김석윤,김명민|오달수|김지원(영월)
FS20192696,김창주,조우진(이성규)|이재인(이혜인)|진경(반영희)
FS20191951,케이트 쇼트랜드,스칼렛 요한슨|플로렌스 퓨|레이첼 와이즈
FS20197121,이종필,고아성|이솜|박혜수(심보람)
FS20041417,김현호,이선
FS20159058,앤드류 스탠튼,엘렌 드제너스|알버트 브룩스|다이안 키튼
FS20196939,안톤 후쿠아,덴젤 워싱턴|페드로 파스칼|빌 풀만
FS20149266,한준희,김혜수(엄마)|김고은(일영)
FS20210087,드니 빌뇌브,티모시 샬라메|레베카 퍼거슨|오스카 아이삭
FS20164501,팀 버튼,에바 그린|사무엘 L. 잭슨|에이사 버터필드
FS20155422,피터 손,
FS20211792,이정재,이정재(박평호)|정우성(김정도)|전혜진(방주경)
FS20139164,창,류승룡(여훈 )|유준상(송반장 )|이진욱(태준 )
FS20174981,김성훈,현빈|장동건
FS20139881,이연우,박보영(박영숙)|이종석(강종길)|이세영(최소희)
FS20124050,변영주,이선균(문호 )|김민희(선영)|조성하(종근 )
FS20113743,이석훈,황정민|엄정화(엄정화)
FS20184802,젠디 타타코브스키,아담 샌들러|셀레나 고메즈|앤디 샘버그
FS20204261,존 크래신스키,에밀리 블런트|킬리언 머피|노아 주프
FS20128687,정용기,정준호(박대서)|김민정(효정)|유동근(장인태)
FS20197846,이정범,이선균(조필호 역)|전소니|박해준(권태주)
FS20141111,진모영,조병만|강계열
FS20147790,조 루소,크리스 에반스|스칼렛 요한슨|사무엘 L. 잭슨
FS20090822,이성한,정우(짱구)|권재현(강석찬)|황정음(주희)
FS20161827,제임스 맨골드,휴 잭맨|패트릭 스튜어트|보이드 홀브룩
FS20112703,크리스토퍼 놀란,크리스찬 베일(브루스 웨인/배트맨)|게리 올드만(짐 고든)|앤 해서웨이(셀리나 카일)
FS20183813,박상현,신혜선(정인)|배종옥(화자)|허준호(추시장)
FS20148845,이병헌,김우빈(치호)|이준호(동우)|강하늘(경재)
FS20185985,김주호,조진웅(덕호)|손현주(한명회)|박희순(세조)
FS19920389,크리스 콜럼버스,맥컬리 컬킨|조 페시|다니엘 스턴
FS20124400,우민호,김명민(김 과장)|염정아(강 대리)|유해진(최 부장)
FS20208446,최동훈,류준열(무륵)|김우빈(가드/썬더)|김태리(이안)
FS20171122,스티븐 스필버그,마크 라이런스|사이먼 페그|올리비아 쿡
FS20185881,이한,정우성(순호)|김향기(지우)
FS20138544,프란시스 로렌스,제니퍼 로렌스(캣니스 에버딘)|조쉬 허처슨(피타 멜라크)|리암 헴스워스(게일 호손)
FS20090927,김대우,김주혁(방자)|류승범(이몽룡)|조여정(춘향)
FS20135221,저스틴 린,빈 디젤|드웨인 존슨|폴 워커
FS20170841,임순례,김태리(혜원)|류준열(재하 )|문소리
FS20100190,딘 데블로이스,제이 바루첼(히컵)|제라드 버틀러(스토이크)
FS20135001,댄 스캔론,빌리 크리스탈|존 굿맨|스티브 부세미
FS20135661,마크 웹,앤드류 가필드|엠마 스톤|제이미 폭스
FS20129388,리치 무어,존 C. 라일리|잭 맥브레이어|제인 린치
FS20120426,송해성,박해일(인모)|윤제문(한모)|공효진(미연)
FS20140425,데이빗 핀처,벤 애플렉|로자먼드 파이크|닐 패트릭 해리스
FS20142855,허종호,이선균|김고은(진선민)|임원희
FS20125427,마스이 소이치,야지마 아키코(노하라 신노스케(짱구))|나라하시 미키(노하라 미사에(짱구 엄마))|후지와라 케이지(노하라 히로시(짱구 아빠))
FS20127634,마크 앤드류스,켈리 맥도날드(메리다 공주)|빌리 코놀리(퍼거스 왕)|엠마 톰슨(엘리노 여왕)
FS20143253,채드 스타헬스키,키아누 리브스|로렌스 피쉬번|이안 맥쉐인
FS20225061,제임스 카메론,조 샐다나|샘 워싱턴|시고니 위버
FS20216492,일리야 나이슐러,봅 오덴커크
FS20148807,더그 라이만,톰 크루즈|에밀리 블런트|빌 팩스톤
FS20183584,존 터틀타웁,제이슨 스타뎀|리빙빙
FS20184047,조시 쿨리,톰 행크스|팀 알렌|애니 팟츠
FS20177539,장재현,이정재(박목사)|박정민(정나한)|이재인
FS20218256,클로이 자오,안젤리나 졸리(테나)|마동석(길가메시)|리처드 매든(이카리스)
FS20127401,폴 W.S. 앤더슨,밀라 요보비치(엘리스)|미셸 로드리게즈|리빙빙
FS20000069,존 라세터,톰 행크스(우디)|팀 알렌(버즈 보안관)|조앤 쿠삭(제시)
FS20137043,한동욱,황정민|한혜진|곽도원
FS20129368,윤종찬,한석규(나상진)|이제훈(이장호)
FS20088506,조근현,진구(곽진배)|한혜진(심미진)|임슬옹(권정혁)
FS20218391,톰 맥그라스,알렉 볼드윈|에이미 세다리스|제임스 마스던(팀 역)
FS20112534,황동혁,정유미(서유진)|공유
FS20127494,호소다 마모루,미야자키 아오이|오사와 타카오
FS20179382,리들리 스콧,마이클 패스벤더|캐서린 워터스턴|제임스 프랭코
FS20134582,이준익,설경구(임동훈)|엄지원(김미희)|이레(소원)
FS20184105,엄유나,유해진(김판수)|윤계상(류정환)|차준서(시옷 여학생)
FS20197721,릭 로먼 워,제라드 버틀러|모건 프리먼
FS20186501,최신규,이지현(차탄 목소리)|김용준(아빠/스톰 목소리)|양정화(장군/엄마/M라인 목소리)
FS20122192,타케모토 노보루,치바 유다이
FS20177537,변혁,박해일(장태준)|수애(오수연)
FS20150782,롤랜드 에머리히,빌 풀만|리암 헴스워스|제프 골드블럼
FS20154909,원신연,설경구(병수)|김남길(태주)|설현(은희)
FS20212855,샘 레이미,베네딕트 컴버배치(닥터 스트레인지)|엘리자베스 올슨(완다 막시모프/스칼렛 위치)|베네딕트 웡(웡)
FS20180442,김주환,박서준(용후)|안성기(안신부)|우도환(지신)
FS20148383,로버트 스트롬버그,안젤리나 졸리|엘 패닝
FS20163215,테아 샤록,에밀리아 클라크|샘 클라플린|매튜 루이스
FS20080396,존 파브로,로버트 다우니 주니어(토니 스타크 / 아이언 맨)|테렌스 하워드(제임스 로드 )|제프 브리지스(오베디아 스탠 )
FS20136888,유하,이민호(종대)|김래원(용기)|정진영(길수)
FS20090933,존 파브로,로버트 다우니 주니어|기네스 팰트로우|돈 치들
FS20158150,던칸 존스,트래비스 핌멜|벤 포스터|폴라 패튼
FS20196272,롤랜드 에머리히,에드 스크레인|패트릭 윌슨|우디 해럴슨
FS20205262,엽위신,견자단|오월|오건호
FS20144682,브래드 페이튼,드웨인 존슨|알렉산드라 다드다리오
FS20112173,숀 레비,휴 잭맨
FS20159645,권종관,김명민(최필재)|김상호(권순태)|성동일(김판수)
FS20227890,,크리스 프랫(슈퍼 마리오)|안야 테일러 조이(피치 공주)|잭 블랙(쿠파)
FS20192083,팀 밀러,맥켄지 데이비스|아놀드 슈왈제네거|린다 해밀턴
FS20198183,김현호,이선(뽀로로 목소리)|이미자(크롱 목소리)|김현지(에디 목소리)
FS20168221,잭 스나이더,벤 애플렉(브루스 웨인 / 베트맨)|갤 가돗(다이아나 프린스 / 원더 우먼)|제이슨 모모아(아쿠아맨 / 아서 커리)
FS20205106,임진순,마동석(강대국)|정경호(박지우)|오나라(오미정)
FS20111987,타셈 싱,미키 루크(하이페리온 왕 )|헨리 카빌(테세우스 )|프리다 핀토(페드라 )
FS20169348,정윤철,이정재|여진구(광해)|김무열(곡수)
FS20192354,,
FS19940256,로저 알러스,매튜 브로데릭|모이라 켈리|조나단 테일러 토마스
FS20188282,로버트 로드리게즈,크리스토프 왈츠|에드 스크레인
FS20208245,남동협,이성민(재필)|이희준(상구)|공승연(미나)
FS20178395,니콜라이 퓰시,크리스 헴스워스|마이클 섀넌|마이클 페나
FS20100377,리 언크리치,톰 행크스|조앤 쿠삭
FS20100814,피에르 꼬팽,미란다 코스그로브(마고)|스티브 카렐(그루)|태연
FS20185081,아비 콘,에이미 슈머|미쉘 윌리엄스
FS20136961,기예르모 델 토로,찰리 허냄(롤리 안트로버스 )|론 펄먼(한니발 펜테코스트 )|이드리스 엘바(스탁커 펜테코스트 )
FS20124080,장규성,주지훈(충녕/덕칠)|백윤식(황희)|변희봉(신익)
FS20110193,강형철,유호정(나미)|심은경(어린 나미)|강소라(어린 춘화)
FS20190815,김선,변요한(서준)|김무열(곽프로)|김희원(이규호)
FS20209654,박찬욱,박해일(해준)|탕웨이(서래)|이정현(정안)
FS20070582,이안,탕웨이|양조위
FS20126581,이수성,곽현화|하나경|오성태
FS20125048,피터 잭슨,마틴 프리먼(빌보 배긴스)|이안 맥켈런(간달프)|리차드 아미티지
FS20113805,박헌수,김영호|김혜선|김산호
FS20124057,방은진,류승범(석고)|이요원(화선)|조진웅(민범)
FS20148841,신한솔,김수미|정만식(승현)|김정태
FS20186281,트래비스 나이트,헤일리 스테인펠드|파멜라 애들론|존 시나
FS20176814,데이빗 예이츠,에디 레드메인|캐서린 워터스턴|앨리슨 수돌
FS20150979,허진호,손예진(덕혜옹주)|박해일(김장한)
FS20179230,이권,공효진(조경민)|김성오(이형사)
FS20133701,코디 카메론,빌 헤이더(플린트 록우드)|안나 패리스(샘 스파스)|닐 패트릭 해리스(스티브)
FS20161762,김홍선,백윤식(심덕수)|성동일(박평달)
FS20235253,최동훈,류준열|김태리|김우빈
FS20212932,이종필,이제훈(임규남)|구교환(리현상)|홍사빈(감동혁)
FS20140402,프란시스 로렌스,제니퍼 로렌스|조쉬 허처슨|리암 헴스워스
FS20137811,닐 블롬캠프,맷 데이먼(맥스 드 코스타)|조디 포스터(로데스)|샬토 코플리(크루거)
FS20180962,김용훈,전도연(연희)|정우성(태영)|배성우(중만)
FS20128690,노덕,이민기|김민희
FS20113461,샘 멘데스,다니엘 크레이그|하비에르 바르뎀|주디 덴치
FS20123641,브라이언 싱어,니콜라스 홀트|이완 맥그리거|엘리너 톰린슨
FS20174603,스티븐 S. 드나이트,존 보예가|스콧 이스트우드|케일리 스패니
FS20201122,크리스토퍼 놀란,존 데이비드 워싱턴|로버트 패틴슨|엘리자베스 데비키
FS20191061,캐리 후쿠나가,다니엘 크레이그(제임스 본드)|라미 말렉(사핀)|라샤냐 린치(노미)
FS20151227,김형협,윤제문|정소민
FS20113885,배리 소넨필드,윌 스미스(제이)|토미 리 존스(케이)|조슈 브롤린(젊은 케이)
FS20124055,정승구,송새벽(동식)|성동일(혀고수)|김성령(예지)
FS20175771,존 파브로,도날드 글로버|비욘세 놀즈|제임스 얼 존스
FS20113745,루퍼트 샌더스,샤를리즈 테론(이블 퀸)|크리스틴 스튜어트(스노우 화이트 )|크리스 헴스워스(헌츠맨 )
FS20137426,M. 나이트 샤말란,윌 스미스|제이든 스미스
FS20186261,딘 데블로이스,제이 바루첼|아메리카 페레라|케이트 블란쳇
FS20113535,정지영,안성기(김경호)|박원상(박준)|나영희(김경호부인)
FS20161744,마이크 미첼,안나 켄드릭(파피 역)|저스틴 팀버레이크(브랜치 역)|주이 디샤넬(브리짓 역)
FS20145502,이윤기,전도연(상민)|공유
FS20040734,닉 카사베츠,레이첼 맥아담스|라이언 고슬링
FS20050225,팀 버튼,프레디 하이모어|조니 뎁
FS20198374,변영규,김영은(하리)|김채하(두리)|신용우(강림)
FS20232631,크리스토퍼 맥쿼리,톰 크루즈|헤일리 앳웰|빙 라메스
FS20184903,게리 로스,산드라 블록|케이트 블란쳇|앤 해서웨이
FS20124348,김용한,유선(유림)|남보라(은아)|유오성
FS20153741,이언희,엄지원|공효진(한매)
FS20224517,박진표,신혜선|이준영
FS20177946,토미 위르콜라,누미 라파스|글렌 클로즈|윌렘 데포
FS20193601,곽경택,김명민(이명준 대위)|최민호(최성필)|김성철(기하륜)
FS20215850,아담 윈가드,알렉산더 스카스가드|밀리 바비 브라운|레베카 홀
FS20161364,조정래,손숙(영옥(영희))|강하나(정민)|최리(은경)
FS20163137,프랭키 첸,송운화|왕대륙
FS20090893,모로타 사토시,후루하라 야스히사(고온 레드)|카타오카 신와(고온 블루)|아이자와 리나(고온 옐로우)
FS20241941,필감성,조정석|이정은|조여정
FS20126090,박제현,하지원(진옥)|강예원(홍단)|가인(가비)
FS20159162,알렉스 프로야스,제라드 버틀러|니콜라이 코스터 왈도|코트니 이튼
FS20148844,김광태,류승룡|이성민(촌장)|천우희(미숙 )
FS20040745,브래드 버드,홀리 헌터|크레이그 T. 넬슨|사무엘 L. 잭슨
FS20208686,크리스 샌더스,해리슨 포드|오마 사이|카렌 길런
FS20147299,자움 콜렛 세라,리암 니슨|줄리안 무어|미쉘 독커리
FS20183002,손재곤,안재홍(강태수)|강소라(한소원)|박영규(서 원장)
FS20157465,윤준형,주원(장우)|유해진(민약국)|이유영
FS20192399,샘 멘데스,조지 맥케이|딘-찰스 채프먼|콜린 퍼스
FS19970306,존 머스커,
FS20232394,황병국,강하늘(이강수)|유해진(구관희)|박해준(오상재)
FS20126745,닐 버거,브래들리 쿠퍼|애비 코니시|로버트 드 니로
FS20147907,경석호,유다은|정현우
FS20169643,정지우,최민식|박신혜(최희정)|류준열(김동명 )
FS20151964,시즈노 코분,타카야마 미나미(에도가와 코난 (목소리))|야마자키 와카나(모리 란 (목소리))|코야마 리키야(모리 코고로 (목소리))
FS20163661,데이빗 예이츠,알렉산더 스카스가드|마고 로비|크리스토프 왈츠
FS20231089,채드 스타헬스키,키아누 리브스|로렌스 피쉬번|이안 맥쉐인
FS20163580,장예모,맷 데이먼|페드로 파스칼|윌렘 데포
FS20126409,토니 길로이,제레미 레너|레이첼 와이즈|에드워드 노튼
FS20178581,케네스 브래너,케네스 브래너|페넬로페 크루즈|윌렘 데포
FS20203702,김한민,김윤석(이순신)|백윤식(시마즈)|정재영(진린)
FS20080653,마크 오스본,더스틴 호프만|루시 리우|잭 블랙
FS20189067,이지원,한지민(백상아)|김시아(김지은 )|이희준(장섭)
FS20162871,박인제,최민식|곽도원|심은경
FS20216362,크레이그 질레스피,엠마 스톤|엠마 톰슨|마크 스트롱
FS20139221,알폰소 쿠아론,산드라 블록|조지 클루니
FS20159185,유하,김래원|이민호
FS19910355,크리스 콜럼버스,맥컬리 컬킨|조 페시|다니엘 스톤
FS20181983,이환경,정우(대권)|오달수(의식)|김희원(김실장)
FS20217651,가이 리치,제이슨 스타뎀|스콧 이스트우드|조쉬 하트넷
FS20184865,마이클 도허티,밀리 바비 브라운|베라 파미가|카일 챈들러
FS20178982,이준익,이제훈(박열)|최희서|김인우(미즈노)
FS20143639,김현호,이선|함수정|홍소영
FS20180564,로아 우타우,알리시아 비칸데르|크리스틴 스콧 토마스|월튼 고긴스
FS20134123,방은진,전도연(송정연)|고수(김종배)
FS20177181,요하네스 로버츠,맨디 무어|클레어 홀트|매튜 모딘
FS20113381,황인호,손예진(강여리)|이민기(마조구)|신동훈(구급대원)
FS20149401,폴 티비트,안토니오 반데라스|클랜시 브라운|톰 케니
FS20113260,박희곤,조승우(최동원)|양동근(선동열 )|최정원
FS20110881,이덕희,임창정(창수)|안내상(도석)|정성화(상태)
FS20170241,M. 나이트 샤말란,제임스 맥어보이|안야 테일러 조이|헤일리 루 리차드슨
FS20218764,가스 제닝스,매튜 매커너히|리즈 위더스푼|스칼렛 요한슨
FS20126573,이인항,견자단|조미|홍금보
FS20166421,김태윤,정우|강하늘(조현우)|김해숙
FS20204008,릭 로먼 워,제라드 버틀러|모레나 바카린
FS20219628,장유정,라미란(주상숙)|김무열(박희철)|윤경호(봉만식)
FS20127108,오키우라 히로유키,미야마 카렌(모모)|유카(이쿠코 미야우라)|이선( 이선 모모 (한국어 목소리))
FS20147176,이원석,한석규(돌석)|고수(공진)|박신혜(왕비)
FS20124717,조나단 리브스만,샘 워싱턴(페르세우스 )|리암 니슨(제우스 )|랄프 파인즈(하데스 )
FS20123387,존 무어,브루스 윌리스(존 맥클레인)|제이 코트니|메리 엘리자베스 윈스티드(루시 맥클레인)
FS20135362,커크 드 미코,니콜라스 케이지|라이언 레이놀즈|엠마 스톤
FS20135974,존 머스커,스콧 웨인저(알라딘)|로빈 윌리엄스(지니 )|린다 라킨(쟈스민 공주)
FS20136219,바즈 루어만,레오나르도 디카프리오|캐리 멀리건|토비 맥과이어
FS20157432,샘 멘데스,다니엘 크레이그|레아 세이두|크리스토프 왈츠
FS20192567,팻티 젠킨스,갤 가돗(다이애나 프린스/원더우먼)|크리스 파인(스티브 트레버)|크리스틴 위그(바바라 미네르바/치타)
FS20161630,마이클 베이,존 크래신스키|파블로 쉬레이버|토비 스티븐스
FS20134082,심성보,김윤석|박유천(동식)|한예리(홍매)
FS20100214,이정범,원빈(차태식)|김새론(소미)
FS20030086,봉만대,김서형|김성수|이상희(미나 역 )
FS20143510,권형진,마동석|조한선(준식)|김민경(소연)
FS20209287,데이브 윌슨,빈 디젤|에이사 곤잘레스|가이 피어스
FS20167363,데오도르 멜피,타라지 P. 헨슨|옥타비아 스펜서|케빈 코스트너
FS20210864,바이론 하워드,스테파니 비트리즈|마리아 세실리아 보테로|윌머 발더라마
FS20134587,호세 파딜라,조엘 킨나만|사무엘 L. 잭슨|게리 올드만
FS20110896,루퍼트 와이어트,브라이언 콕스|프리다 핀토(캐롤라인)|제임스 프랭코(윌 로드만 )
FS20194456,이성태,박해수(이찬우)|서예지(성은영)|김상호(박기헌)
FS20153446,이석근,박보영|김영광
FS19980074,제임스 카메론,레오나르도 디카프리오|케이트 윈슬렛
FS20150969,홍창표,심은경(송화옹주)|이승기(서도윤)
FS20156841,케네스 브래너,릴리 제임스|리처드 매든|케이트 블란쳇
FS20136812,마틴 스콜세지,레오나르도 디카프리오(조단 벨포트)|매튜 매커너히|조나 힐
FS19950366,,
FS20200703,소토자키 하루오,하나에 나츠키|키토 아카리|시모노 히로
FS20137961,잭 스나이더,헨리 카빌|에이미 아담스|러셀 크로우
FS20124065,신태라,강지환(차철수)|성유리(고영재)|이수혁(김선호)
FS20184574,피터 패럴리,비고 모텐슨|마허샬라 알리
FS20180523,브래들리 쿠퍼,브래들리 쿠퍼|레이디 가가
FS20151884,바박 나자피,제라드 버틀러|아론 에크하트|모건 프리먼
FS20161084,모튼 틸덤,크리스 프랫|제니퍼 로렌스|마이클 쉰
FS20231592,루이스 리테리어,빈 디젤|제이슨 모모아|제이슨 스타뎀
FS20137963,안톤 후쿠아,제라드 버틀러|모건 프리먼|아론 에크하트
FS20248465,김성한,하정우(태인)|여진구(용대)|성동일(규식)
FS20124021,조 카나한,리암 니슨|더못 멀로니
FS20159647,이사랑,김수현(장태영)|성동일(조원근)|이성민(최진기)
FS20147971,하시모토 마사카즈,박영남(짱구 목소리)|오세홍(아빠 목소리)
FS20167716,D.J. 카루소,빈 디젤(샌더 케이지 역)|사무엘 L. 잭슨(오거스터스 기븐스 역)|루비 로즈
FS20127306,시즈노 코분,김선혜(코난 (한국어 목소리))|강수진(남도일 (한국어 목소리))|이정구(유명한 (한국어 목소리))
FS20128386,이안,수라즈 샤르마|이르판 칸|라프 스팰
FS20131262,하정우,하정우(허삼관)|하지원
FS20183844,크리스 리노드,패튼 오스왈트(맥스 목소리)|케빈 하트(스노우볼 목소리)|에릭 스톤스트릿(듀크 목소리)
FS20081169,필리다 로이드,아만다 사이프리드|메릴 스트립|콜린 퍼스
FS20211791,강형철,이재인|안재홍
FS20110279,오성윤,문소리(잎싹)|박철민(달수)|최민식(나그네)
FS20173581,장항준,강하늘(진석)|김무열(유석)|문성근
FS20196657,F. 게리 그레이,크리스 헴스워스|테사 톰슨|리암 니슨
FS20147283,닐 버거,쉐일린 우들리|케이트 윈슬렛|테오 제임스
FS20163194,루퍼트 샌더스,스칼렛 요한슨|마이클 피트|마이클 윈코트
FS20168891,클린트 이스트우드,톰 행크스|아론 에크하트|로라 린니
FS19870150,토니 스콧,톰 크루즈|켈리 맥길리스|발 킬머
FS20136863,임필성,정우성|이솜
FS20147609,레니 할린,켈란 루츠
FS20110511,여인영,"더스틴 호프만(렛서팬더/사부, 시푸 )|잭 블랙(팬더곰, 포)|안젤리나 졸리(호랑이, 타이그리스 목소리 )"
FS20167261,데니스 간젤,제이슨 스타뎀(비숍)|제시카 알바(지나)|토미 리 존스
FS20224666,김한결,조정석(한정우)|이주명(윤슬기)|한선화(한정미)
FS20161141,제임스 폴리,제이미 도넌|다코타 존슨
FS20198323,홍성호,클로이 모레츠(Snow White)|샘 클라플린(Merlin)|지나 거손(Regina)
FS20100301,김지운,이병헌(김수현)|최민식(경철)
FS20184543,김홍선,배성우(중수(삼촌))|성동일(박강구)|장영남(명주(엄마))
FS20204264,엄태화,이병헌|박서준|박보영
FS20170942,김지운,강동원(임중경)|한효주(이윤희)|윤호림(시위대)
FS20136063,안상훈,신하균|장혁|강한나
FS20174622,크리스토퍼 랜던,제시카 로테|이스라엘 브로우사드
FS20156554,허종호,김명민(윤겸)|김인권(성한)|이혜리(명)
FS20113862,크리스 밀러,안토니오 반데라스|셀마 헤이엑|자크 갈리피아나키스
FS20205402,월트 도른,안나 켄드릭|저스틴 팀버레이크
FS20112911,김한민,박해일(남이)|류승룡|김무열(서군)
FS20252527,가렛 에드워즈,스칼렛 요한슨|마허샬라 알리|조나단 베일리
FS20050082,미셸 공드리,짐 캐리|케이트 윈슬렛|커스틴 던스트
FS20167902,김봉한,손현주|장혁
FS20192194,,
FS20129606,국동석,손예진(다은)|김갑수(순만 )|임형준
FS20142406,조성희,이제훈(홍길동)|김성균(강성일)
FS20162967,존 파브로,닐 세티|빌 머레이|스칼렛 요한슨
FS20134983,나가미네 타츠야,타나카 마유미|나카이 카즈야
FS20187322,이계벽,차승원(철수 )|엄채영(샛별 )|박해준(영수)
FS20185784,육상효,신하균(세하)|이광수(동구)|이솜(미현)
FS20048799,야마모토 야스이치로,김선혜|강수진|이정구
FS20128143,사이먼 웨스트,실베스터 스탤론|브루스 윌리스|아놀드 슈왈제네거
FS20131304,장철수,김수현(원류환)|박기웅(리해랑)|이현우(리해진)
FS20124934,김기덕,조민수(미선)|이정진(강도)
FS20198681,제이크 캐스단,드웨인 존슨|잭 블랙|케빈 하트
FS20140842,리들리 스콧,크리스찬 베일|조엘 에저튼|시고니 위버
FS20068659,야마모토 야스이치로,타카야마 미나미|야마자키 와카나
FS20134590,최호,이정재(최익호)|신하균(에이스)|이성민(최영호)
FS20113532,박철관,고현정(천수로)|유해진(빨간구두)|성동일(성반장)
FS20226270,신카이 마코토,하라 나노카|마츠무라 호쿠토
FS20148842,장진,김성균|조진웅(상연)|윤진이
FS20183288,도노반 마시,제라드 버틀러|게리 올드만
FS20200142,곽경택,주원|곽도원|유재명(인기)
FS20148188,김현석,김윤석|정우|한효주(젊은 민지영)
FS20148648,카메가키 하지메,강수진(루팡 3세 목소리 )|김선혜(코난 목소리 )
FS20168361,다라 오코넬,
FS20182421,스콧 모시어,베네딕트 컴버배치
FS20137815,롤랜드 에머리히,채닝 테이텀|제이미 폭스|매기 질렌할
FS20170669,이장훈,소지섭(우진)|손예진(수아)|김선웅(우진 무술 대역)
FS20136741,마스이 소이치,
FS20156207,퍼갈 레일리,
FS20164621,크리스토퍼 놀란,톰 하디|마크 라이런스|케네스 브래너
FS20113883,이인항,여명(유방)|유역비(우희 )|풍소봉(항우 )
FS20060149,존 라세터,오웬 윌슨(맥퀸)|폴 뉴먼(닥 허드슨)
FS20228532,김한민,김효주(기생10)|박해일(이순신)|변요한(와키자카 야스하루)
FS20168323,연상호,류승룡(신석헌)|심은경(신루미)
FS20150501,타카하시 시게하루,
FS20130021,박흥식,이병헌(유백)|전도연(월소)|김고은(홍이)
FS20123333,크리스토퍼 맥쿼리,톰 크루즈|로자먼드 파이크|로버트 듀발
FS20252432,재러드 부시,지니퍼 굿윈|제이슨 베이트먼|키 호이 콴
FS20232025,스티븐 카플 주니어,안소니 라모스|피터 딘클리지
FS20149859,에릭 다넬,베네딕트 컴버배치|존 말코비치|톰 맥그라스
FS20124045,문현성,하지원(현정화)|배두나(리분희)
FS20155761,야마모토 야스이치로,
FS20191589,요아킴 뢰닝,안젤리나 졸리|엘 패닝|미셀 파이퍼
FS20070264,브래드 버드,패튼 오스왈트|루 로마노|피터 손(에밀)
FS20130566,오승욱,김남길|전도연(김혜경)|박성웅(박준길)
FS20170982,요아킴 뢰닝,조니 뎁|카야 스코델라리오|올랜도 블룸
FS20181443,로슨 마샬 터버,드웨인 존슨|파블로 쉬레이버|니브 캠벨
FS20125647,렌 와이즈먼,콜린 파렐(더그 퀘이드)|케이트 베킨세일(로리)|제시카 비엘
FS20010292,피터 닥터,존 굿맨|빌리 크리스탈
FS20168688,폴 W.S. 앤더슨,밀라 요보비치|알리 라터|이아인 글렌
FS20185478,최신규,"이지현(차탄 목소리)|김용준(차산, 코어)|김용준(차산/코어 목소리)"
FS20134267,피터 잭슨,마틴 프리먼|베네딕트 컴버배치|케이트 블란쳇
FS20207443,피트 닥터,제이미 폭스|티나 페이
FS20121549,이종필,김인권|류현경|김수미
FS20125086,리들리 스콧,누미 라파스|마이클 패스벤더|샤를리즈 테론
FS20228819,남대중,강하늘(노정열)|정소민(홍나라)|조민수(도보배)
FS20137121,제임스 맨골드,휴 잭맨(울버린)|사나다 히로유키(야시다 신겐)|윌 윤 리(하라다 /실버 사무라이)
FS20193666,정세교,나문희(오문희)|이희준(두원)|김예은(한재숙)
FS20246489,크리스토퍼 맥쿼리,톰 크루즈|헤일리 앳웰|빙 라메스
FS20124142,올리비에르 나카체,프랑수아 클뤼제(필립)|오마 사이(드리스)
FS20199500,천명관,정우(희수)|김갑수(손영감)|최무성(용강)
FS20131221,공자관,이은미|지나(화영)
FS20184187,임경택,이시영(박인애)|박세완(박은혜)|이준혁(한정우)
FS20183238,밥 퍼시케티,샤메익 무어(마일스 모랄레스)|헤일리 스테인펠드(스파이더 그웬)|니콜라스 케이지(스파이더맨 누아르)
FS20137549,데이빗 소렌,라이언 레이놀즈(터보)|폴 지아마티(체트)|마이클 페나(티토)
FS20127595,박홍수,최승현(명훈)|한예리(혜인)
FS20140193,천성일,설경구|여진구
FS20153447,이병헌,이성민(석근)|신하균|송지효
FS20183073,라세 할스트롬,조시 게드|데니스 퀘이드|브릿 로버트슨
FS20145141,데이미언 셔젤,마일즈 텔러(앤드류)|J.K. 시몬스(플레쳐)
FS20176947,스티븐 크보스키,줄리아 로버츠(이사벨)|오웬 윌슨(네이트)|제이콥 트렘블레이(어기)
FS20185242,김병갑,조현정(신비 목소리)|김영은(하리 목소리)|김채하(두리 목소리)
FS20177005,김대웅,유해진|이성경|김민재(성웅)
FS20123201,최승호,마동석|이승연|민지현
FS19930176,스티븐 스필버그,샘 닐(앨런 그랜트 박사)|로라 던(엘리 새틀러 박사)|제프 골드블럼(이안 말콤 박사)
FS20235974,켈시 만,에이미 포엘러|토니 헤일
FS20161561,다라 오코넬,하성용(바나클)|정재헌(콰지)|엄상현(페이소)
FS20180542,제임스 폴리,다코타 존슨|제이미 도넌
FS20185352,조던 필,루피타 뇽오|윈스턴 듀크|엘리자베스 모스
FS20124082,김용화,서교|성동일
FS20147930,임찬상,조정석|신민아
FS20149811,스티븐 쿼일,리차드 아미티지|사라 웨인 콜리스|제레미 섬터
FS20184891,제프 파울러,제임스 마스던(톰 와코우스키)|짐 캐리(닥터 아이보 로보트닉)|벤 슈왈츠(소닉 더 헤지혹)
FS20155423,드니 빌뇌브,에밀리 블런트|베니시오 델 토로|조슈 브롤린
FS20136962,딘 패리소트,브루스 윌리스(프랭크 모세)|존 말코비치(마빈 보그스)|메리-루이스 파커(사라 로즈)
FS20110906,황병국,엄태웅(김성범)|주원(김호룡)|정진영(황두수)
FS20189663,신재호,정려원|임창정(규철)|정상훈(민욱)
FS20130561,권칠인,엄정화(정신혜)|문소리|조민수
FS20193822,니키 카로,유역비|이연걸|공리
FS20140226,피터 잭슨,마틴 프리먼|이안 맥켈런|리차드 아미티지
FS20164174,박훈정,장동건|김명민|박희순
FS20217335,잭 스나이더,벤 애플렉|헨리 카빌|갤 가돗
FS20188421,김태윤,이성민(주태주)|이성민(모기1)|김서형(민수희)
FS20142407,박진표,이승기|문채원
FS20199448,장규성,이동휘(정엽)|유선(지숙)|최명빈(다빈)
FS20147247,노암 머로,레나 헤디|에바 그린|설리반 스탭플턴
FS20141261,개리 쇼어,루크 에반스|도미닉 쿠퍼
FS20162941,제임스 완,베라 파미가|패트릭 윌슨|프란카 포텐테
FS20111113,조 존스톤,"휴고 위빙(요한 슈미트, 레드 스컬 )|헤일리 앳웰(페기 카터 )|크리스 에반스(스티브 로저스, 캡틴 아메리카 )"
FS20162002,시즈노 코분,
FS20134046,벤 스틸러,벤 스틸러|크리스틴 위그|숀 펜
FS20170124,시즈노 코분,
FS20170658,김병우,하정우(에이헵)|이선균
FS20196478,윤제균,정성화(안중근)|김고은(설희)|나문희(조마리아)
FS20123381,안권태,유아인(강철)|김해숙(순이)|정유미(수지)
FS20133602,대런 아로노프스키,러셀 크로우|엠마 왓슨|로건 레먼
FS20254121,이상민,김혜윤|이종원|김준한
FS20154908,추창민,류승룡(최현수)|장동건(오영제)|송새벽(안승환)
FS20113916,전계수,하정우(주월/마형사)|공효진(희진/혜영)|김재화(주희)
FS20058720,야마모토 야스이치로,타카야마 미나미|야마자키 와카나|카미야 아키라(모리 코고로)
FS20112621,가이 리치,로버트 다우니 주니어|주드 로
FS20149062,김아론,오지호|강예원(길신설)
FS20212618,제프 파울러,제임스 마스던|짐 캐리|벤 슈왈츠
FS20135241,조나단 레빈,니콜라스 홀트(R)|테레사 팔머(줄리)|존 말코비치(그리지오)
FS20199842,리 워넬,엘리자베스 모스
FS20183479,타카하시 와타루,박영남(짱구 (한국어 목소리))|강희선(엄마/맹구 (한국어 목소리))|김환진(아빠 (한국어 목소리))
FS20111249,존 라세터,오웬 윌슨(라이트닝 맥퀸 )|마이클 케인(핀 맥미사일 )
FS20148461,손용호,김상경|김성균|박성웅(조강천)
FS20218800,임대희,마동석(바우)|서현(샤론)|이다윗(김군)
FS20168250,노동석,강동원(건우)|김의성(민씨)|한효주(전선영)
FS20131246,개빈 후드,해리슨 포드|에이사 버터필드|헤일리 스테인펠드
FS20179281,드니 빌뇌브,에이미 아담스|제레미 레너|포레스트 휘테커
FS20136761,라자 고스넬,박명수|닐 패트릭 해리스|크리스티나 리치
FS20207893,,다니엘 래드클리프|이안 하트
FS20214981,폴 W.S. 앤더슨,밀라 요보비치|토니 자
FS20124136,에릭 다넬,벤 스틸러(알렉스)|크리스 록(마티)|데이빗 쉼머(멜먼)
FS20110659,마이클 베이,조쉬 더하멜(Lt. 코널 윌리엄 레녹스)|존 말코비치(브루스 )|로지 헌팅턴-휘틀리(칼리 )
FS20211937,박훈정,김선호|강태주|김강우
FS20147947,정범식,조여정(백보희)|클라라|김태우(구강성)
FS20197434,이준익,설경구(정약전)|변요한(창대)|이미은(뱃사공2)
FS20070061,마이클 베이,샤이아 라보프(샘 윗윅키)|메간 폭스
FS20137562,쏘어 프류덴탈,로건 레먼(퍼시 잭슨)|알렉산드라 다드다리오(아나베스 체이스)|브랜든 T. 잭슨(그로버 언더우드)
FS20184571,허진호,최민식(장영실)|한석규(세종)
FS20198430,라이언 존슨,다니엘 크레이그|크리스 에반스|아나 디 아르마스
FS20198598,롭 레터맨,라이언 레이놀즈|저스티스 스미스|캐서린 뉴튼
FS20205986,정가영,전종서(자영)|손석구(우리)
FS19920231,게리 트러스데일,페이지 오하라|로비 벤슨
FS20192401,제임스 맨골드,맷 데이먼|크리스찬 베일
FS20123329,J.J. 에이브럼스,크리스 파인|칼 어번|조 샐다나
FS20100188,임상수,"전도연(하녀, 은이)|이정재(주인남자, 훈)|윤여정(하녀, 병식)"
FS20113653,브래드 페이튼,드웨인 존슨|마이클 케인|조쉬 허처슨
FS20143754,클린트 이스트우드,브래들리 쿠퍼|시에나 밀러
FS20151003,허정,염정아|박혁권
FS20152782,이철하,강예원(강수아)|이상윤(나남수)|최진호(장원장)
FS20134028,폴 W.S. 앤더슨,킷 해링턴|에밀리 브라우닝|키퍼 서덜랜드
FS20111540,라자 고스넬,닐 패트릭 해리스|행크 아자리아|이하늬(스머페트 한국어 더빙)
FS20158984,세딕 니콜라스 트로얀,크리스 헴스워스|샤를리즈 테론|에밀리 블런트
FS20235735,제임스 완,제이슨 모모아|패트릭 윌슨|야히아 압둘 마틴 2세
FS20129787,이정호,정재영|이성민(장억관)
FS20126686,우디 앨런,오웬 윌슨|마리옹 꼬띠아르|레이첼 맥아담스
FS20100213,류승완,황정민(최철기)|류승범(주양)|천호진(강국장)
FS20110249,유하,송강호(조상길)|이나영(차은영)
FS20136057,김성제,윤계상(진원)|유해진|김옥빈
FS20136062,장진,차승원(윤지욱)|오정세(허곤)|이솜(장미)
FS20154907,곽경택,김래원|김해숙|성동일
FS20228988,라희찬,조우진|정경호|박지환
FS20165201,자움 콜렛 세라,블레이크 라이블리|오스카 제나다
FS20233006,최원섭,권상우|정준호|이이경
FS20161781,엽위신,견자단|마이크 타이슨|슝다이린
FS20224662,타이카 와이티티,타이카 와이티티|크리스 헴스워스|나탈리 포트만
FS20167922,멜 깁슨,앤드류 가필드|샘 워싱턴|휴고 위빙
FS20161745,J 블레이크슨,클로이 모레츠|닉 로빈슨|알렉스 로
FS20132824,데이빗 토히,빈 디젤|칼 어번|케이티 색호프
FS20158482,이준익,강하늘(윤동주)|박정민(송몽규)
FS20178321,하시모토 마사카즈,박영남(짱구 목소리)|양정화(덩덩이 목소리)
FS20156007,론 하워드,톰 행크스|펠리시티 존스|벤 포스터
FS20143511,홍원찬,고아성|박성웅(최종훈)
FS20145041,안톤 후쿠아,덴젤 워싱턴|클로이 모레츠|마튼 초카스
FS20010083,피터 잭슨,일라이저 우드(프로도)|이안 맥켈런(간달프)|비고 모텐슨(아라곤)
FS20188441,변성현,설경구(김운범)|이선균(서창대)
FS20141281,사카모토 코이치,
FS20196264,윤재근,윤계상(강이안)|박용우(박실장)|임지연(문진아)
FS20199541,김형주,김영광(우수한)|이선빈(유다희)
FS20110211,케네스 브래너,스텔란 스카스가드|스튜어트 타운젠드|나탈리 포트만
FS20206946,박영주,라미란|공명|염혜란
FS20205362,카일 발다,피에르 꼬팽(밥/케빈/스튜어트/미니언즈)|스티브 카렐(그루)|타라지 P. 헨슨(벨 바텀)
FS20158241,크리스 콜럼버스,아담 샌들러|케빈 제임스|미셸 모나한
FS20134801,정연식,김선아|마동석|정인기(철민)
FS20129114,김용균,이시영(지윤 )|엄기준(이기철 )
FS20090455,자움 콜렛 세라,베라 파미가(케이트 콜맨 )|이사벨 퍼만(에스더)
FS20124049,김동원,정지훈(정태훈)|유준상(이철희)|신세경(유세영)
FS20124944,서극,이연걸|저우쉰|천쿤
FS20202341,로드 루리,스콧 이스트우드|케일럽 랜드리 존스|올랜도 블룸
FS20163201,다라 오코넬,하성용(바나클)|정재헌(콰지)|엄상현(페이소)
FS20127266,쿠스바 고조,미즈타 와사비|오오하라 메구미|카카즈 유미
FS20163294,안톤 후쿠아,덴젤 워싱턴|크리스 프랫|이병헌(빌리 락스)
FS20226886,자움 콜렛 세라,드웨인 존슨(블랙 아담)|노아 센티네오(아톰 스매셔)|피어스 브로스넌(닥터 페이트)
FS20254722,,김규리(윤명자/윤지희)|안내상(정현수)
FS20218567,조나단 헨스라이,리암 니슨|로렌스 피쉬번|홀트 맥칼라니
FS20126667,스티브 마티노,존 레귀자모(시드)|레이 로마노(매니)|데니스 리어리(디에고)
FS20182447,김광빈,하정우(상원)|김남길(경훈)|허율(이나)
FS20140081,김인규,유라성
FS20242248,리들리 스콧,폴 메스칼|페드로 파스칼|덴젤 워싱턴
FS20125426,타셈 싱,줄리아 로버츠(왕비)|릴리 콜린스(백설공주)|아미 해머(왕자)
FS20122785,하정우,정경호(마준규)|한수현(기장 한기범)|최규환(김현기 기자)
FS19378001,데이비드 핸드,
FS20112589,송일곤,소지섭(철민)|한효주(정화)
FS20151481,프란시스 로렌스,제니퍼 로렌스|조쉬 허처슨|리암 헴스워스
FS20124629,앤드류 스탠튼,테일러 키취|린 콜린스|윌렘 데포
FS20159199,아담 맥케이,크리스찬 베일|스티브 카렐|라이언 고슬링
FS20199581,스티븐 개건,로버트 다우니 주니어|톰 홀랜드|라미 말렉
FS20256396,,
FS20110250,시기노 아키라,야지마 아키코|나라하시 미키
FS20173961,가이 리치,찰리 허냄|주드 로|에릭 바나
FS20110295,강제규,장동건|오다기리 죠|판빙빙
FS20193879,김성훈,하정우(민준)|주지훈(판수)
FS20189362,리 워넬,로건 마샬-그린|해리슨 길벗슨
FS20122654,양백견,조문탁(당운룡)|번소황(슈헤이)|두우항(베이롱)
FS20194403,매튜 본,랄프 파인즈(옥스포드 공작)|해리스 디킨슨(콘래드)
FS20143512,김진영,진세연(박영희)|홍종현|김응수(박만춘)
FS20147727,웨스 앤더슨,랄프 파인즈|틸다 스윈튼|주드 로
FS20150566,류정우,
FS20112704,앤드류 니콜,킬리언 머피|저스틴 팀버레이크|아만다 사이프리드
FS20182585,이정호,이성민|유재명(한민태)|전혜진(춘배)
FS20192240,그레타 거윅,시얼샤 로넌|엠마 왓슨|플로렌스 퓨
FS20128247,유야마 쿠니히코,마츠모토 리카|오오타니 이쿠에|미야노 마모루
FS20151230,양경모,임시완(민재)|진구(석구)|박병은(지원)
FS20134984,베리 쿡,배한성(알렉스)|이광수(파치)
FS20150971,이수연,조진웅(승훈)|신구(정노인)|김대명(성근)
FS20141224,이해영,박보영(차주란)|엄지원(교장)|박소담(연덕)
FS20254501,조셉 코신스키,브래드 피트|하비에르 바르뎀|케리 콘든
FS20233052,벤 휘틀리,제이슨 스타뎀|오경
FS20136445,필 로드,윌 페렐|리암 니슨
FS20162704,손석우,여민정|양정화
FS20236180,폴 킹,티모시 샬라메|칼라 레인|올리비아 콜맨
FS20148698,노성수,차순형|소윤|이하루
FS20145396,모홍진,심은경(희주)|윤제문(대영)|김성오
FS20168885,샤론 맥과이어,르네 젤위거|콜린 퍼스|패트릭 뎀시
FS20171381,다니엘 에스피노사,제이크 질렌할|레베카 퍼거슨|라이언 레이놀즈
FS20181942,올 파커,아만다 사이프리드|릴리 제임스|메릴 스트립
FS20199428,알렉산더 아야,카야 스코델라리오|배리 페퍼
FS20178781,이창희,김상경|김강우|김희애(설희)
FS20129166,세스 맥팔레인,마크 월버그(존)|세스 맥팔레인(테드)|밀라 쿠니스(로리)
FS20010040,곽경택,유오성(준석)|장동건(동수)|서태화(상택)
FS20185576,한스 페터 몰란트,리암 니슨|톰 베이트먼|윌리엄 포사이스
FS20110911,시즈노 코분,타카야마 미나미(에도가와 코난 )|야마자키 와카나(모리 란)|김선혜(코난 (한국어목소리))
FS20197863,손원평,송지효(유진 )|김무열(서진)|김무열(서진 )
FS20139401,김광식,김강우|고창석|박성웅(차성주)
FS20164421,저스틴 커젤,마이클 패스벤더|마리옹 꼬띠아르|아리안 라베드
FS20188042,이해영,조진웅(원호)|류준열(락)|김주혁
FS20060353,강석범,김래원|김해숙(양덕자)|허이재
FS20200263,돈 홀,켈리 마리 트란|아콰피나|산드라 오
FS20060264,데이빗 프랭클,메릴 스트립(미란다 )|앤 해서웨이(앤디 삭스)
FS20152781,잭 스나이더,헨리 카빌|벤 애플렉|에이미 아담스
FS20225186,최재훈,장혁(의강)|이승준(이형사)
FS20227410,김성식,강동원(천 박사)|허준호(범천)|이솜(유경)
FS20141113,존 R. 레오네티,애나벨 월리스|워드 호튼|알프레 우다드
FS20136860,가네다 오사무,이노우에 마사히로|오자와 료타
FS19990220,로저 미첼,줄리아 로버츠(안나 스코트)|휴 그랜트(윌리엄 대커)
FS20143509,조근식,차태현|빅토리아|배성우
FS20163521,최국희,유지태(철종)|이정현(주희진)|이다윗
FS20135657,제임스 완,로즈 번|패트릭 윌슨|린 샤예
FS20162382,미야모토 히로아키,타나카 마유미|나카이 카즈야|오카무라 아케미
FS20126448,스콧 스피어,라이언 구즈만|캐서린 맥코믹
FS20236653,조지 밀러,안야 테일러 조이|크리스 헴스워스|톰 버크
FS20191183,이안,윌 스미스|메리 엘리자베스 윈스티드|클라이브 오웬
FS20134122,이수진,천우희(한공주)|정인선|김소영(화옥)
FS20124609,마이크 맥코이,로셀린 산체즈|네스토르 세라노
FS20158461,타카하시 와타루,
FS20243561,박찬욱,이병헌|손예진|박희순
FS20206257,고레에다 히로카즈,송강호(상현)|강동원(동수)|배두나(수진)
FS20144322,야마자키 타카시,미즈타 와사비|오오하라 메구미
FS20168161,홍기선,김상경|김옥빈|최무성(현석)
FS20225184,김대우,송승헌(성진)|조여정(수연)|박지현(미주)
FS20236295,드니 빌뇌브,티모시 샬라메|젠데이아 콜먼|레베카 퍼거슨
FS20161681,이안규,김혜수(현정)|이선균
FS20155601,니키 팰런,하성용|정재헌|엄상현
FS20157042,더글라스 맥키넌,베네딕트 컴버배치|마틴 프리먼
FS20171090,에드가 라이트,안셀 엘고트(베이비)|케빈 스페이시(박사)|릴리 제임스(데보라)
FS20193665,요하네스 로버츠,소피 넬리스(미아)|코린 폭스(샤샤)|브리안느 쥬(알렉사)
FS20126306,쿠엔틴 타란티노,레오나르도 디카프리오|제이미 폭스|크리스토프 왈츠
FS20127446,제임스 완,패트릭 윌슨|로즈 번|바바라 허쉬
FS20100211,최윤석,멜라니 그리피스|제인 린치|윌리엄 볼드윈
FS20128588,구파도,가진동(커징텅)|첸옌시(션자이)|언승우
FS20152371,홍지영,김윤석(수현)|변요한(젊은 수현)|채서진(젊은 연아)
FS20156748,정기훈,정재영(하재관)|박보영(도라희)
FS20240941,켈리 마르셀,톰 하디
FS20178825,크리스찬 리버스,헤라 힐마(헤스터 쇼)|로버트 시한(톰 내츠워디)|휴고 위빙(테데우스 발렌타인)
FS20125990,임순례,김윤석(최해갑)|오연수(안봉희)|한예리(최민주)
FS20173547,알렉산더 페인,맷 데이먼(폴 사프라넥)|크리스틴 위그(오드리 사프라넥)|크리스토프 왈츠(두샨 미르코비치)
FS20126671,조동오,신하균(종우)|이태리(기혁)|김상호(상기)
FS20101109,정윤수,문소연(시상식시상자)|정준호|심이영(최수지)
FS20164424,이원태,조진웅(김창수 )|송승헌(강형식 )|정만식(마상구 )
FS20212725,데이빗 예이츠,에디 레드메인(뉴트)|주드 로(덤블도어)|매즈 미켈슨(그린델왈드)
FS20158047,뤽 베송,데인 드한|카라 델러비인|리한나
FS20129626,허진호,장동건(셰이판)|장쯔이(뚜펀위)|장백지(모지에위)
FS20208006,장철수,연우진|지안|조성하
FS20179696,안드레스 무시에티,빌 스카스가드|핀 울프하드|하비에르 보텟
FS20147953,피터 버그,마크 월버그|테일러 키취|에밀 허쉬
FS20183785,한상호,박희순(점박이 목소리)|라미란(송곳니 목소리)|김성균(싸이 목소리)
FS20101007,주경중,이성재(황준혁)|김지훈(장민우)|박현진(오미란)
FS20126087,이원석,이시영(최보나)|오정세(이승재)|이원종(육봉아감독)
FS20212352,신연식,송강호(김우진)|박정민(강정원)|박명훈(반단장)
FS20120021,조림산,주윤발|유역비|타마키 히로시
FS20248496,아담 윈가드,댄 스티븐스|레베카 홀|브라이언 타이리 헨리
FS20148748,스파이크 존즈,호아킨 피닉스|스칼렛 요한슨|에이미 아담스
FS20174169,이민재,정재영(준걸)|김남길(민걸)|엄지원(남주)
FS20167481,페데 알바레즈,제인 레비|딜런 미네트|스티븐 랭
FS20182387,사이먼 킨버그,제임스 맥어보이|마이클 패스벤더|제니퍼 로렌스
FS20144461,로베르트 슈벤트케,쉐일린 우들리|테오 제임스|케이트 윈슬렛
FS20211200,루벤 플레셔,톰 홀랜드(네이선)|마크 월버그(설리)|안토니오 반데라스
FS20160472,이성태,마동석|최민호(진일)
FS20139981,이현종,김아중(윤진숙)|주원(이호태)
FS20124746,만스 말린드,케이트 베킨세일|테오 제임스|인디아 아이슬리
FS20202281,하시모토 마사카즈,박영남(짱구(한국어목소리))|김환진(짱구 아빠(한국어목소리))|강희선(짱구 엄마(한국어목소리))
FS20136866,스티브 맥퀸,치웨텔 에지오포(솔로몬 노섭)|마이클 패스벤더(에드윈 엡스)|베네딕트 컴버배치(포드)
FS20197283,애덤 로비텔,테일러 러셀|로건 밀러|제이 엘리스
FS20161723,이주영,이병헌(강재훈)|공효진(이수진)|안소희(지나(유진아))
FS20154906,이우철,"안성기(문기성)|조진웅(박동근,박명근)|한예리(김양순)"
FS20168282,드니 빌뇌브,라이언 고슬링(K)|해리슨 포드(릭 데카드)|아나 디 아르마스(조이)
FS20156559,창,윤여정|김고은(혜지)|김희원(석호)
FS20228796,우민호,현빈|박정민|조우진
FS20196670,아딜 엘 아르비,윌 스미스|마틴 로렌스|바네사 허진스
FS20240737,데이브 데릭 주니어,아우이 크라발호|드웨인 존슨
FS20190808,임순례,황정민(재호)|현빈(대식)|강기영(카심)
FS20132482,이정범,장동건|김민희
FS20253280,자레드 헤스,제이슨 모모아|잭 블랙
FS20178230,자움 콜렛 세라,리암 니슨|베라 파미가|패트릭 윌슨
FS20134244,하야토 다테,타케우치 준코(우즈마키 나루토)|나카무라 치에(하루노 사쿠라)|모리카와 토시유키(나미카제 미나토 )
FS20136061,홍지영,김강우|김효진(주영 )|주지훈
FS20193859,정진영,조진웅(형구)|배수빈(김수혁)|정해균(정해균)
FS20138226,이한,김희애(현숙)|고아성|김유정
FS19508001,윌프레드 잭슨,
FS20150024,하시모토 마사카즈,
FS20123384,김제영,천정명|김민정(희주)
FS20139383,테라모토 유키요,미즈타 와사비(도라에몽)|오오하라 메구미(노비타)
FS20208911,김태곤,이선균(차정원)|주지훈(조박)|김희원(양박사)
FS20090683,마크 웹,조셉 고든 레빗(톰)|주이 디샤넬(썸머)
FS20217742,데스틴 다니엘 크리튼,양조위|아콰피나|양자경
FS20173202,이창동,유아인|스티븐 연|전종서
FS20198844,피에르 모렐,제니퍼 가너|존 갤러거 주니어
FS20133981,토미 위르콜라,제레미 레너(헨젤 )|젬마 아터튼(그레텔)|팜케 얀센
FS20158481,김휘,김성균|유선|천호진
FS20135370,미카엘 하프스트롬,실베스터 스탤론(레이 브레스린)|아놀드 슈왈제네거(에밀 로트마이어)|제임스 카비젤(홉스)
FS20020302,더그 라이만,프란카 포텐테|맷 데이먼
FS20078561,야마모토 야스이치로,김선혜(코난 한국어 더빙)|강수진(남도일 한국어 더빙)|이현진(유미란 한국어 더빙)
FS20124070,육상효,김인권|유다인(서예린)|조정석
FS20124051,우선호,이범수(백현철)|류승범(안진오)|김옥빈(한동화)
FS20209161,윌리엄 유뱅크,크리스틴 스튜어트(노라)|뱅상 카셀(캡틴)
FS20149568,브렛 래트너,드웨인 존슨|존 허트|이안 맥쉐인
FS20060277,최동훈,조승우(고니)|김혜수(정 마담)|백윤식(평경장)
FS20050112,크리스토퍼 놀란,리암 니슨|크리스찬 베일|마이클 케인
FS20070056,샘 레이미,토비 맥과이어|커스틴 던스트
FS20110302,김한민,박해일(남이)|류승룡(쥬신타)|김무열(서군)
FS20148132,조나단 리브스만,메간 폭스|윌리엄 피츠너|앨런 리치슨
FS20133601,롭 민코프,티 버렐(미스터 피바디)|맥스 찰스(셔먼)|아리엘 윈터(페니)
FS20124946,제임스 매더스,가이 피어스(스노우)|매기 그레이스(에밀리 워녹)|조셉 길건(하이델)
FS20081697,캐서린 하드윅,크리스틴 스튜어트|로버트 패틴슨(에드워드 컬렌)
FS20140704,이경미,손예진(연홍 )|김주혁(종찬 )
FS20234045,이요섭,강동원(영일)|이무생(이치현)|이미숙(재키)
FS20185353,남대중,이준호(허색)|정소민|최귀화
FS20090391,피트 닥터,에드워드 애스너(칼 프레드릭슨)|밥 피터슨(더그)|이순재(칼 프레드릭슨 (한국어 목소리))
FS20153385,알렉산더 바흐,루퍼트 프렌드|재커리 퀸토|한나 웨어
FS20247783,웨스 볼,오웬 티그|프레이아 앨런|케빈 두런드
FS20249733,김수훈,이지현(로미)|조경이(하츄핑)|최낙윤(하트킹/몬스터트러핑)
FS20081716,유하,"조인성(호위무사, 홍림 )|주진모(고려 왕)|송지효(왕후)"
FS20211472,김홍선,서인국(박종두)|장동윤(이도일)|최귀화(알파)
FS20247450,권혁재,송혜교(강성애 유니아 수녀)|전여빈(이수영 미카엘라 수녀)|이진욱(박형곤 바오로 신부)
FS20111928,김병곤,장근석|김하늘
FS20128691,정익환,최강희|봉태규
FS20162968,제임스 보빈,조니 뎁|앤 해서웨이|미아 와시코브스카
FS20110185,저스틴 린,드웨인 존슨(홉스)|폴 워커(브라이언 오코너)|빈 디젤(도미닉 토레토)
FS20038776,코다마 켄지,타카야마 미나미|야마자키 와카나|카미야 아키라
FS20130574,김성호,김혜자|이레(지소)|최민수
FS20233057,김창주,류승룡|진선규|이고르 페드로소
FS19960126,리차드 링클레이터,에단 호크(제시)|줄리 델피(셀린)
FS20010223,조 존스톤,샘 닐|윌리엄 H. 머시|테이어 레오니
FS20141962,모튼 틸덤,베네딕트 컴버배치|키이라 나이틀리|매튜 구드
FS20216685,엔리코 카사로사,제이콥 트렘블레이|잭 딜런 그레이저|엠마 버만
FS20160203,게빈 오코너,벤 애플렉|안나 켄드릭|J.K. 시몬스
FS20126407,피터 램지,크리스 파인(잭 프로스트)|알렉 볼드윈(놀스)|휴 잭맨(버니)
FS20153702,유야마 쿠니히코,
FS20185161,김승우,이영애(정연)|유재명(홍경장)|이원근(승현)
FS20194384,뤽 베송,사샤 루스|킬리언 머피|루크 에반스
FS20226500,이한,유해진(치호)|김희선(일영)|차인표(석호)
FS20123421,블라드 바르베,박보영(겔다)|이수근(트롤)|최수민(눈의여왕)
FS20193821,최신규,"이지현(차탄, 모나, 폭포의 눈물 목소리)|김용준(차산 목소리)|양정화(전다해, 장군 목소리)"
FS20081057,앤드류 스탠튼,엘리사 나이트|벤 버트
FS20070422,폴 그린그래스,맷 데이먼|줄리아 스타일즈
FS20128270,라이언 존슨,조셉 고든 레빗|브루스 윌리스|에밀리 블런트
FS20231496,제임스 건,크리스 프랫|조 샐다나|데이브 바티스타
FS20217905,황인호,김래원(강도영)|정상훈(오대오)|이종석(전태성)
FS20156241,코바야시 츠네오,
FS20150977,박현진,이미연|최지우|김주혁
FS20112272,정태원,김수미|신현준|임형준
FS20183084,윌 글럭,도널 글리슨|로즈 번|샘 닐
FS19980173,베리 쿡,
FS20136802,부지영,염정아(선희)|문정희|김영애
FS20071066,주걸륜,주걸륜(상륜 )|계륜미(샤오위 )|황추생(샹륜 아버지 )
FS20129790,벤 애플렉,벤 애플렉|존 굿맨
FS20124738,나가이시 다카오,치바 유다이(미라클 레드 미르 )|사토 리카(미라클 핑트 에리 )|오노 켄토(미라클 블루 하이드 )
FS20164521,타카하시 시게하루,토마츠 하루카|유키 아오이|세키 토모카즈
FS20202185,김용완,엄지원(임진희)|정지소(백소진)|정문성(정성준)
FS20111774,장윤현,주진모(일리치)|김소연(따냐)|박희순(고종)
FS20199584,알버트 휴즈,코디 스밋 맥피
FS20100103,마틴 스콜세지,마크 러팔로|레오나르도 디카프리오
FS20191601,히라야마 미호,김은아(엉덩이탐정 목소리)|소연(브라운 목소리)|홍진욱(말티즈 서장 목소리)
FS20112651,폴 W.S. 앤더슨,로건 레먼|올랜도 블룸|밀라 요보비치
FS20020011,스티븐 스필버그,톰 행크스|레오나르도 디카프리오
FS20132262,서극,안젤라 베이비(루이지)|조우정|김범(위안전)
FS20208962,이원태,조진웅(전해웅)|이성민(권순태)|김무열(김필도)
FS20090828,크리스 웨이츠,로버트 패틴슨(에드워드 컬렌)|크리스틴 스튜어트(벨라 스완)
FS20010218,비키 젠슨,마이크 마이어스(슈렉)|카메론 디아즈(피오나)|에디 머피
FS20168381,로버트 저메키스,브래드 피트(맥스)|마리옹 꼬띠아르(매리앤)|리지 캐플란(브리짓)
FS19820019,김태용,현빈(훈)|탕웨이(애나)
FS20145506,박흥식,한효주(정소율)|유연석|천우희(서연희)
FS20190299,박동훈,최민식(이학성)|김동휘(힌지우)|박해준(안기철)
FS20177541,더그 라이만,톰 크루즈|도널 글리슨|사라 라이트
FS20177104,카를로스 살다나,존 시나|케이트 맥키넌|데이비드 테넌트
FS20214823,이해영,설경구|이하늬|박소담
FS20167905,김덕수,강예원(장영실)|한채아(나정안)
FS20100361,데이빗 슬레이드,크리스틴 스튜어트(벨라 스완)|로버트 패틴슨(에드워드 컬렌)|테일러 로트너(제이콥 블랙)
FS20030316,피터 잭슨,비고 모텐슨(아라곤)|일라이저 우드(프로도)|이안 맥켈런(간달프)
FS20138421,로베르트 슈벤트케,라이언 레이놀즈(닉 워커)|제프 브리지스(로이 펄시퍼)|케빈 베이컨(바비 헤이즈)
FS20124349,정범식,김현수|노강민|진태현
FS20136337,케네스 브래너,케네스 브래너|크리스 파인|키이라 나이틀리
FS20174369,이준익,박정민(학수)|김고은(선미)
FS20113671,권칠인,이민정(신진아)|이정진(이재혁)|이광수(대근)
FS20130522,월리 피스터,조니 뎁|레베카 홀|모건 프리먼
FS20147968,크리스토퍼 스펜서,디오고 모르가도|세바스찬 냅|다윈 쇼
FS20140703,강제규,박근형|윤여정(금님)|윤여정
FS20151421,발타자르 코루마쿠르,제이슨 클락|조슈 브롤린|키이라 나이틀리
FS20134362,자코 아키후미,성완경(토리코 (한국어 목소리))|양정화(마츠 (한국어 목소리))|구자형(코코 (한국어 목소리))
FS20142856,임상수,류승범|고준희|류현경
FS20111101,후지모리 마사야,
FS20194424,홍의정,유아인(태인)|유재명(창복)
FS20134592,유야마 쿠니히코,이선호(지우 목소리 )|장경희(아이리스 목소리 )|남도형(덴트 목소리 )
FS20196244,데이비드 F. 샌드버그,제커리 리바이|애셔 앤젤|잭 딜런 그레이저
FS20134589,임순례,박해일(윤민철 PD)|유연석(심민호)|이경영(이장환 박사)
FS20147096,스튜어트 베티,아론 에크하트|빌 나이|미란다 오토
FS20150567,저스틴 린,크리스 파인|사이먼 페그|조 샐다나
FS20155022,야마무로 타다요시,김환진(손오공 목소리 )|최한(베지터 목소리 )|최문자(프리저 목소리 )
FS20113636,정용주,엄태웅(강동주)|정려원(오송경)|유선
FS19980175,라자 고스넬,알렉스 D. 린즈|케빈 킬너
FS20175547,강형철,도경수|박혜수(양판래)|자레드 그라임스
FS20137403,시기노 아키라,야지마 아키코(짱구 목소리 역)|나라하시 미키(짱구엄마 목소리 역)
FS20144481,마이클 스피어리그,에단 호크|노아 테일러|사라 스누크
FS20020234,피터 잭슨,일라이저 우드(프로도)|이안 맥켈런(간달프)|비고 모텐슨(아라곤)
FS20110899,라즈쿠마르 히라니,아미르 칸(란초 )|마드하반(파르한 )|셔먼 조쉬(라주 )
FS20196136,애드리언 그런버그,실베스터 스탤론|파즈 베가|세르지오 페리스-멘체타
FS20119515,장훈,신하균(강은표)|고수(김수혁)|이제훈(신일영)
FS20157096,야마시타 히로유키,산페이 유코|키쿠치 코코로|타케우치 준코
FS20149567,시즈노 코분,
FS20135386,김영탁,차태현(여장부)|남상미(봉수미)
FS20187427,타치카와 유즈루,타카야마 미나미|야마자키 와카나|코야마 리키야
FS20151951,안상훈,신하균|장혁|강한나
FS20142421,크리스티안 디터,릴리 콜린스|샘 클라플린
FS20147568,고경아,김선영|변준석
FS20202703,당계례,성룡|양양
FS20142621,곽재용,임수정(윤정/소은)|조정석(지환)|이진욱(건우)
FS20050228,스티븐 힐렌버그,톰 케니
FS20167644,에릭 섬머,엘 패닝|데인 드한
FS20156441,이영준,엄상현|전태열|신용우
FS20165281,스티븐 스필버그,마크 라이런스|레베카 홀|빌 헤이더
FS20226777,타카하시 와타루,
FS20173693,마이클 쿠에스타,딜런 오브라이언|테일러 키취|마이클 키튼
FS20167839,티무르 베크맘베토브,잭 휴스턴|토비 켑벨|모건 프리먼
FS19780066,로버트 와이즈,줄리 앤드류스|크리스토퍼 플러머
FS20134585,김태균,장혁|조보아|선우선(서연)
FS20161081,데이비드 F. 샌드버그,스테파니 시그만|알리시아 벨라 베일리|미란다 오토
FS20188462,허인무,나문희(말순)|김수안(공주)
FS20184721,스테파노 솔리마,조슈 브롤린|베니시오 델 토로|캐서린 키너
FS20158203,공자관,김영삼|아리
FS20139072,왕가위,양조위(엽문)|장쯔이(궁이)|송혜교(장영성)
FS20020168,미야자키 하야오,이리노 미유
FS20173945,오리올 파울로,마리오 카사스|안나 와게너
FS20150741,리 워넬,스테파니 스콧|더못 멀로니|린 샤예
FS20215162,로버트 저메키스,앤 해서웨이|옥타비아 스펜서
FS20122786,신재호,양동근|주상욱|이태임(지희)
FS20121550,조병옥,김무열(상근)|진선규(충모)|서동갑
FS20050017,김지운,이병헌(선우)|김영철(강 사장)|신민아(희수)
FS20187981,홍승완,문소리(재판장 김준겸)|박형식(권남우)
FS20120103,김성홍,김창완(인범)|배소은(순정)|하은설
FS20141561,한동호,윤설희|엄다혜
FS20176767,미키 타카히로,후쿠시 소타|고마츠 나나|히가시데 마사히로
FS20162572,로아 우타우,크리스토퍼 조너|아네 달 토프|조나스 호프 오프테브로
FS20151782,홍상수,정재영|김민희(윤희정)
FS20111250,강형철,고수희|김민영|김선경
FS20196601,조민호,고아성(유관순)|김새벽(김향화)|정하담(이옥이)
FS20140524,스콧 프랭크,리암 니슨|보이드 홀브룩
FS20112311,베넷 밀러,조나 힐(피터 브랜드 )|브래드 피트(빌리 빈)
FS19940343,로버트 저메키스,톰 행크스|로빈 라이트|게리 시나이즈
FS20110613,손영성,박희순|장혁|하정우
FS20157197,브렉 에이즈너,빈 디젤|일라이저 우드|로즈 레슬리
FS20228555,이노우에 다케히코,
FS20113391,구자홍,윤제문(한대희)|송하윤(미선)|성준(민기)
FS20226254,라이언 쿠글러,레티티아 라이트|루피타 뇽오|다네이 거라이라
FS20136060,황인호,이민기|김고은(복순)|김뢰하(의상)
FS20140241,최경석,엄상현|시영준|안장혁
FS20134407,권호영,김강우(양춘동 / 형사)|김범(김 준)|박혁권(기 우)
FS20161605,안나 포에스터,케이트 베킨세일|테오 제임스|찰스 댄스
FS20185384,앤소니 마라스,데브 파텔|아미 해머|나자닌 보니아디
FS20112561,론 쉐르픽,앤 해서웨이|짐 스터게스
FS20090024,데이빗 핀처,브래드 피트(벤자민 버튼)|케이트 블란쳇(데이시)
FS20140609,존 파브로,존 파브로|엠제이 안소니|소피아 베르가라
FS20215301,마크 윌리엄스,리암 니슨(톰)|케이트 월쉬|제이 코트니
FS20204431,다니엘 에스피노사,자레드 레토(모비우스)|맷 스미스(마일로)|아드리아 아르호나(마르틴)
FS20217736,마이클 차베즈,베라 파미가|패트릭 윌슨
FS20090718,필 로드,"빌 헤이더(젊은 발명가, 플린트 록우드 목소리 )|제임스 칸(팀 록우드 목소리 )|앤디 샘버그(바비 브렌트 목소리)"
FS20100165,존 리 행콕,산드라 블록
FS20030350,박찬욱,최민식(오대수)|유지태(이우진)|강혜정(미도)
FS20201785,최상훈,오지호(성준)|신소율(보미)|정의욱(진수)
FS19970180,스티븐 스필버그,제프 골드블럼|줄리안 무어|리차드 아텐보로
FS20187657,피터 버그,마크 월버그|로렌 코핸|이코 우웨이스
FS20192300,닉 브루노,윌 스미스|톰 홀랜드
FS20124204,무라타 마사히코,타케우치 준코
FS20208261,강태호,이시후(신입)|이설구(범털)|유상재(정태수)
FS20112762,김정환,한예슬(구홍실)|송중기(천지웅)
FS20173436,기예르모 델 토로,샐리 호킨스|마이클 섀넌|리차드 젠킨스
FS20113307,엘리어트 레스터,제이슨 스타뎀|패디 콘시딘(포터 내쉬)
FS20138224,성시흡,정재영|한지민(유소정)
FS20080071,조엘 코엔,토미 리 존스(에드 톰 벨)|하비에르 바르뎀(안톤 시거 )|조슈 브롤린( 를르윈 모스 )
FS20147129,오기환,주원(우기명)|최진리(곽은진)|안재현(김원호)
FS20157883,와타나베 카츠야,시손 쥰|세키네 츠토무
FS19770092,프란시스 포드 코폴라,알 파치노|말론 브란도
FS20136869,윤재구,임수정(지연 )|유연석|곽민호
FS20081573,,
FS20113311,마이크 미첼,저스틴 롱(앨빈 )|제이슨 리(데이브 )|매튜 그레이 구블러(사이먼)
FS20247693,존 추,신시아 에리보|아리아나 그란데|조나단 베일리
FS20040615,폴 그린그래스,맷 데이먼|칼 어번(커릴)|프란카 포텐테
FS20189262,코린 하디,타이사 파미가|데미안 비쉬어|보니 아론스
FS20198461,이일형,이성민(한필주)|남주혁(박인규)
FS20050140,에릭 다넬,벤 스틸러
FS20090850,존 머스커,애니카 노니 로즈(티아나)|브루노 캄포스(나빈왕자)|키스 데이빗(닥터 파실리에)
FS20136894,이기욱,마동석|안도규|김현수(지수)
FS20165153,알렉세이 트시칠린,박지윤(겔다)|엄상현(올름)|남도형(로렌)
FS20227514,스콧 만,그레이스 캐롤라인 커리|버지니아 가드너|제프리 딘 모건
FS20163884,니콜라스 스톨러,앤디 샘버그|켈시 그래머|제니퍼 애니스턴
FS20124402,김현석,정재영(우석)|김옥빈(영은)|최다니엘(지완)
FS20167285,타카하시 와타루,박영남(짱구)|김환진(신형만(짱구아빠))|강희선(봉미선(짱구엄마))
FS20173901,데이빗 레이치,키아누 리브스
FS20148460,연상호,류승룡|심은경|이준(기웅)
FS20156402,닐 블롬캠프,휴 잭맨|샬토 코플리|시고니 위버
FS20142561,세르게이 보드로프,제프 브리지스|줄리안 무어|벤 반스
FS20125106,마커스 니스펠,제이슨 모모아(코난)|레이첼 니콜스(타마라)|스티븐 랭
FS20183096,이종언,설경구(정일)|전도연(순남)|신안진(석원아빠)
FS20157175,호소다 마모루,야쿠쇼 코지|미야자키 아오이|소메타니 쇼타
FS19980231,피터 위어,짐 캐리|에드 해리스
FS20161665,캘리 애스버리,데미 로바토|레인 윌슨|조 맨가니엘로
FS20236614,마이크 미첼,잭 블랙|아콰피나|비올라 데이비스
FS20173601,제이미 미첼,아리엘 윈터(소피아)|아이미 카레로(엘레나)|제인 폰다(슈리키)
FS20068576,조규장,문채원|유연석
FS20127407,존 걸레거,다니엘 파나베이커|빙 라메스|데이빗 핫셀호프
FS20124098,사토 히로유키,타나카 마유미|오카무라 아케미|강수진
FS20132821,폴 그린그래스,톰 행크스(리차드 필립스)|캐서린 키너
FS20150603,경석호,정시현
FS20151181,김태용,김하늘(효주)|유인영(혜영)|이원근(신재하)
FS20140181,야쿠와 신노스케,미즈타 와사비|오오하라 메구미
FS20182490,조철현,송강호(세종대왕)|박해일(신미 스님)|전미선(소헌왕후)
FS20175522,브라이언 피,아미 해머|나단 필리온|오웬 윌슨
FS20156970,마츠오카 조지,코바야시 카오루|오다기리 죠|타카오카 사키
FS20223676,롤랜드 에머리히,할리 베리(파울러)|패트릭 윌슨(브라이언)|존 브래들리(KC)
FS20166384,조선호,김명민(준영)|변요한(민철)|유재명(강식)
FS20217950,패트릭 휴즈,라이언 레이놀즈|사무엘 L. 잭슨|셀마 헤이엑
FS20179407,이덕희,임창정|공형진|정상훈(정두만)
FS20192725,나가오카 치카,타카야마 미나미|야마자키 와카나|코야마 리키야
FS20162461,이동희,정준하|하동훈
FS20134233,고경아,김선영(희수)|변준석
FS20126617,매티스 반 헤이닌겐 주니어,메리 엘리자베스 윈스티드|조엘 에저튼|에릭 크리스찬 올슨
FS20162542,닐 나이팅게일,
FS20090403,와타나베 아유무,미즈타 와사비(도라에몽)
FS20233235,정태원,윤현민|유라|김수미
FS20143541,숀 레비,벤 스틸러|로빈 윌리엄스|댄 스티븐스
FS20211281,라나 워쇼스키,키아누 리브스|캐리 앤 모스|닐 패트릭 해리스
FS20010238,크리스토퍼 놀란,가이 피어스|캐리 앤 모스|조 판톨리아노
FS20191243,조은지,류승룡(현)|오나라(미애)|김희원(순모)
FS20080962,테라모토 유키요,미즈타 와사비
FS20110290,조범구,고창석|강예원(아롬)|이민기(기수)
FS20224270,피에르 페리펠,샘 록웰|크레이그 로빈슨|안소니 라모스
FS20136058,김성호,박성웅(박부장)|이세영|성준
FS20161286,마이크 트메이어,존 레귀자모(시드)|레이 로마노(매니)|제니퍼 로페즈(쉬라)
FS20142962,유야마 쿠니히코,
FS20126566,드류 고다드,크리스 헴스워스|크리스틴 코놀리|안나 허치슨
FS20174821,다라 오코넬,하성용(바나클 목소리)|정재헌(콰지)|엄상현(페이소 목소리)
FS20185406,닐 마샬,데이빗 하버|밀라 요보비치|이안 맥쉐인
FS20247780,데이비드 에이어,제이슨 스타뎀|조쉬 허처슨|제레미 아이언스
FS20112708,유야마 쿠니히코,마츠모토 리카|츠루노 타케시|타카하시 히데키
FS20157158,롭 레터맨,잭 블랙|딜런 미네트|오데야 러쉬
FS20125866,팀 버튼,조니 뎁|미셀 파이퍼|에바 그린
FS20127546,정지영,박원상(김종태)|이경영(이두한)|오지혜(장관 2)
FS20182352,김지영,정우성(내레이션)|김지영(인터뷰이)
FS20247017,양우석,김윤석|이승기|김성령
FS20181905,오토 바서스트,태런 에저튼|제이미 폭스|벤 멘델슨
FS20190324,육상효,김해숙(복자)|신민아(진주)|강기영(가이드)
FS20198818,벤 스타센,심규혁(렉스 목소리)|김리흔(아기 렉스 목소리)|엄상현(잭 목소리)
FS20148728,플렉스 할그렌,로버트 구스타프슨|이와 위클란더|앨런 포드
FS20178881,야마모토 야스이치로,
FS20190582,박지완,김혜수(김현수)|이정은(순천댁)|노정의(정세진)
FS20159641,남대중,류덕환(고환)|김동영(남준)|안재홍(갑덕)
FS20157501,하기호,윤계상(정훈)|한예리(정시후)|박효주(주연)
FS20130662,신정균,성은채|장성원|여민정
FS20126089,배형준,송지효(봉민정)|김재중(최현)|오달수(마반장)
FS20171024,츠키카와 쇼,키타가와 케이코|오구리 슌|하마베 미나미
FS20194461,유하,서인국(핀돌이)|이수혁(건우)|음문석(접새)
FS20131681,호소다 마사히로,김환진
FS20158561,야마자키 타카시,소메타니 쇼타|아베 사다오|후카츠 에리
FS20182544,M. 나이트 샤말란,제임스 맥어보이|브루스 윌리스|사무엘 L. 잭슨
FS20030404,리차드 커티스,휴 그랜트(영국 수상)|콜린 퍼스(제이미 베넷)|알란 릭맨(해리 )
FS20081791,에릭 다넬,데이빗 쉼머|크리스 록|제이다 핀켓 스미스
FS20154141,J.J. 에이브럼스,해리슨 포드|마크 해밀|캐리 피셔
FS19980211,스티븐 스필버그,맷 데이먼|톰 행크스|에드워드 번즈
FS20254375,댄 트라첸버그,엘 패닝
FS20113271,야마자키 타카시,이장원(나키 한국어 목소리)|엄상현(군조 한국어 목소리)|김서영(코타케 한국어 목소리)
FS20242964,연상호,박정민|권해효|신현빈
FS20175643,곽자건,펑위옌|여문락|니니
FS20175407,이수진,한석규(명회)|설경구(중식)|설경구
FS20200474,이장훈,박정민(준경)|이성민(태윤)|임윤아(라희)
FS20200294,아니쉬 차간티,사라 폴슨(다이앤)|팻 힐리|키에라 앨런
FS20144442,김대승,유승호|고아라(청명)|곽도원
FS20156708,정식,고수(이석진/최승만)|김주혁|문성근
FS20218604,쿄고쿠 타카히코,박영남(짱구)|김환진(짱구 아빠)|강희선(짱구 엄마)
FS20060337,마틴 스콜세지,레오나르도 디카프리오(빌리 코스티건)|맷 데이먼(콜린 설리반)
FS20231348,하시모토 마사카즈,
FS20110312,김태경,박보영(세희)|주원(준혁)|강별(정미)
FS20140522,경석호,강경우(강쇠)
FS20090412,야마모토 타이치로,타카야마 미나미(코난)|야마자키 와카나(모리 란)|이현진(미란 (한국어 목소리))
FS20240398,민규동,이혜영(조각)|김성철(투우)|연우진(강선생)
FS20150966,주지홍,차태현(이형)|김유정(스컬리)|서현진(현경)
FS20152703,마르쿠스 블런더,소피 로우|피터 스토메어
FS20113631,박철수,조선묵|안지혜(희래)|오인혜(수지)
FS19950084,프랭크 다라본트,팀 로빈스|모건 프리먼
FS20100991,라이언 머피,줄리아 로버츠|제임스 프랑코
FS20111702,테라모토 유키요,미즈타 와사비
FS20168366,다라 오코넬,하성용(바나클)|정재헌(콰지)|엄상현(페이소)
FS20226431,크리스토퍼 놀란,킬리언 머피|에밀리 블런트|맷 데이먼
FS20161589,이재용,윤여정|전무송|윤계상(도훈)
FS20150968,김종현,수애(리지원)|오달수(강대웅 )|오연서(박채경 )
FS20144523,폴 킹,니콜 키드먼|벤 위쇼|휴 보네빌
FS20156553,박은경,성동일|김유정|손호준
FS20112208,프라챠 핀카엡,예지원|나태주|조재현
FS20090578,쿠엔틴 타란티노,브래드 피트|크리스토프 왈츠(한스 란다 )|다이앤 크루거(브리짓 본 하머스마크 )
FS20145504,노덕,조정석(허무혁)|이미숙(백국장)|이하나(수진)
FS20060151,봉준호,송강호(강두)|변희봉(희봉)|박해일(남일)
FS20190280,신카이 마코토,다이고 코타로|모리 나나|오구리 슌
FS20191048,댄 스캔론,톰 홀랜드(이안)|크리스 프랫(발리)|줄리아 루이스 드레퓌스(로렐)
FS20112763,테이트 테일러,브라이스 달라스 하워드(힐리 홀브룩 )|엠마 스톤(유지니아 '스키터' 펠런 )|마이크 보겔
FS20152871,스티븐 스필버그,톰 행크스|마크 라이런스|오스틴 스토웰
FS20199951,게리 도버먼,패트릭 윌슨|베라 파미가|맥케나 그레이스
FS20149846,조쉬 분,쉐일린 우들리|안셀 엘고트|냇 울프
FS20232273,제임스 맨골드,해리슨 포드(인디아나 존스)
FS20127887,라인하드 클루스,
FS20150942,토드 헤인즈,케이트 블란쳇(캐롤)|루니 마라(테레즈)|카일 챈들러
FS20137404,혼고 미츠루,야지마 아키코(짱구 목소리 역)
FS20170302,테일러 쉐리던,제레미 레너|엘리자베스 올슨|존 번탈
FS20157846,크리스 벅,이디나 멘젤(엘사 목소리 )|크리스틴 벨(안나 목소리 )|조나단 그로프(크리스토프 목소리 )
FS20060107,J.J. 에이브럼스,톰 크루즈(에단 헌트)
FS20135307,페기 홈즈,티모시 달튼|루시 헤일
FS20020074,스티븐 소더버그,앤디 가르시아|맷 데이먼
FS20108648,클라이드 제로니미,
FS20176121,조근현,정우(연흥부)|김주혁(조혁)
FS20090408,카를로스 살다나,데니스 리어리(디에고)|퀸 라티파(엘리)|존 레귀자모(시드)
FS20183801,제프 와드로,루시 헤일|타일러 포시|바이올렛 빈
FS20183773,프랭키 첸,왕대륙|임윤
FS20178672,폴 킹,벤 위쇼|휴 그랜트|브렌단 글리슨
FS20183915,최신규,김서영(트리케라 목소리)|엄상현(티라노 목소리)|안현서
FS20080046,나홍진,"김윤석(전직 형사, 엄중호)|하정우(연쇄살인범, 지영민)"
FS20210544,박성광,박성웅(나웅남/이정학)|최민수(이정식)|오달수(나복천)
FS20128986,전문기,임위건
FS20156281,안국진,이정현|이준혁
FS20194501,서유민,김강우(선우)|서예지(수진)
FS20247811,마이클 사노스키,루피타 뇽오|조셉 퀸|디몬 하운수
FS20136308,클레이 홀,발 킬머(에코)|테리 해처(도티)|세드릭 더 엔터테이너(리드바텀)
FS20152866,니마 누리자데,제시 아이젠버그(마이크 하웰)|크리스틴 스튜어트(피비)|코니 브리튼(라세터)
FS20154861,채길병,김정아|김하래
FS20157061,경석호,권기하
FS20050306,김태은,성현아|조동혁|한지원(포장마차 여자 )
FS20040695,길 정거,제니퍼 러브 휴잇(사만다)|폴 니콜스(이안)
FS20158644,탁승오,정태민(정우)
FS20148745,이도윤,지성(현태)|주지훈|이광수
FS20153201,카밀 들라마레,에드 스크레인|론 샤바놀
FS20174965,유야마 쿠니히코,
FS20204403,,
FS20143344,알렉세이 트시칠린,
FS20143101,김정환,한세아
FS20178522,루카 구아다니노,티모시 샬라메(엘리오)|아미 해머(올리버)
FS20226489,장항준,안재홍(강코치)|이신영(천기범)|정진운(배규혁)
FS20138141,브래드 앤더슨,할리 베리|아비게일 브레스린
FS20150565,토마스 맥카시,마이클 키튼|마크 러팔로|레이첼 맥아담스
FS20125406,김진영,박하선(동주)|윤상현(신홍)
FS20162404,폴 페이그,멜리사 맥카시|크리스 헴스워스|크리스틴 위그
FS20179491,데이빗 레이치,샤를리즈 테론|제임스 맥어보이|소피아 부텔라
FS19988040,다렐 루니,매튜 브로데릭|니브 캠벨|모이라 켈리
FS20113890,마크 네빌딘,니콜라스 케이지(자니 블레이즈/고스트 라이더)|이드리스 엘바(모로 )
FS20188581,쉐인 블랙,올리비아 문|보이드 홀브룩|트레반트 로즈
FS20210140,김경원,주지훈(지현수)|박성웅(권도훈)|최성은(김화진)
FS20218392,M. 나이트 샤말란,가엘 가르시아 베르날|비키 크립스|토마신 맥켄지
FS20200622,정지영,설경구|유준상|진경
FS20217278,로버트 로렌즈,리암 니슨
FS20155562,리 톨랜드 크리거,블레이크 라이블리|미치엘 휘즈먼|캐시 베이커
FS20162627,로베르트 슈벤트케,쉐일린 우들리|테오 제임스|마일즈 텔러
FS20134594,이재용,송혜교(미라)|강동원(대수)|조성목(아름)
FS20113643,한지승,박용우(춘섭)|고아라(준)
FS20147874,가렛 에드워즈,애론 테일러 존슨|브라이언 크랜스톤|엘리자베스 올슨
FS20112050,스티븐 쿼일,데이비드 코에너
FS20158529,데이빗 O. 러셀,제니퍼 로렌스|브래들리 쿠퍼|로버트 드 니로
FS20193706,권혁재,진선규(시헌)|성유빈(윤우)|고창석(교장)
FS20126410,스티븐 소더버그,이완 맥그리거(케네스)|지나 카라노(맬로리 케인)|마이클 패스벤더(폴)
FS20070202,신카이 마코토,미즈하시 켄지
FS20184801,아리 에스터,토니 콜렛|가브리엘 번|알렉스 울프
FS20080337,피에르 모렐,리암 니슨(브라이언 밀스)|매기 그레이스(킴)
FS20184896,나딘 라바키,나딘 라바키|자인 알 라피아|요르다노스 시프로우
FS20149099,필립 노이스,브렌튼 스웨이츠|테일러 스위프트|메릴 스트립
FS20138161,임경수,신성일|배슬기|유태웅
FS20180944,원화평,장진|양자경
FS20153422,키리야 카즈아키,클라이브 오웬(레이든)|모건 프리먼(바톡)|안성기
FS20125808,구아타보 니에토 로아,카리나 모라(폴라 )
FS20028042,존 카프카,제니퍼 헤일|롭 폴슨
FS20226410,,크리스 파인|미셸 로드리게즈|레게-장 페이지
FS20185986,고정욱,송새벽|유선|장혁진
FS20090860,유야마 쿠니히코,오오타니 이쿠에
FS20090856,가이 리치,로버트 다우니 주니어|주드 로
FS20147161,데이빗 크렌츠,박지윤(준 (한국어 목소리))|곽윤상(준 아빠 (한국어 목소리))|베르너 헤어조크
FS20179187,최승호,이명박|김재철|김장겸
FS20121861,후안 안토니오 바요나,이완 맥그리거(헨리)|나오미 왓츠(마리아)
FS20203557,김세휘,변요한|신혜선|이엘
FS20111571,마크 워터스,안젤라 랜스베리(미시즈 반 건디 )|칼라 구기노(아만다 )|짐 캐리(톰 팝퍼 )
FS20090303,마이클 베이,샤이아 라보프(샘 윗윅키)|메간 폭스(미카엘라 바니스)
FS20162065,댄 트라첸버그,메리 엘리자베스 윈스티드|존 굿맨|존 갤러거 주니어
FS20050253,팀 버튼,헬레나 본햄 카터|조니 뎁
FS20110561,매튜 본,로즈 번(닥터 모이라 맥타거트 )|재뉴어리 존스(엠마 프로스트 )|마이클 패스벤더(에릭 렌셔 / 매그네토 )
FS20050042,도이 노부히로,다케우치 유코|나카무라 시도
FS20153470,오오스기 요시히로,미즈타 와사비|오오하라 메구미
FS20157531,조쉬 트랭크,마일즈 텔러|케이트 마라|제이미 벨
FS20130821,안느 퐁텐,나오미 왓츠(릴)|로빈 라이트(로즈)|자비에르 사무엘(이안)
FS20145521,알렉스 가랜드,도널 글리슨|알리시아 비칸데르|오스카 아이삭
FS20180825,김윤석,염정아(영주)|김윤석(대원)|김소진(미희)
FS20155563,마크 오스본,제프 브리지스|레이첼 맥아담스|매켄지 포이
FS20192804,안드레스 무시에티,제임스 맥어보이|제시카 차스테인|빌 헤이더
FS20157041,자움 콜렛 세라,리암 니슨|조엘 킨나만|에드 해리스
FS20138223,조용선,서인국(원일)|이종석(우상)|권유리(정은)
FS20122466,한종훈,서은아|서태화|김희정(주희)
FS19780073,프란시스 포드 코폴라,알 파치노(돈 마이클 코르레오네)|다이안 키튼(케이 코르레오네)|로버트 드 니로(비토 코르레오네)
FS20183007,페데 알바레즈,클레어 포이|실비아 획스|스베리르 구드나손
FS19960196,브라이언 드 팔마,톰 크루즈|존 보이트|엠마누엘 베아르
FS20184341,송창용,천정명(상곤)|진이한(철회)|이하율(태규)
FS20159059,월트 벡커,저스틴 롱|제이슨 리|매튜 그레이 구블러
FS20159648,강우석,차승원(김정호)|유준상(흥선대원군)|김인권(바우)
FS20113472,카메론 크로우,맷 데이먼(벤자민 미)|스칼렛 요한슨(켈리 포스터)
FS20201649,야마모토 야스이치로,
FS20149818,패트릭 휴즈,실베스터 스탤론|제이슨 스타뎀|안토니오 반데라스
FS20136862,고어 버빈스키,조니 뎁(톤토 )|아미 해머(론 레인저 )|헬레나 본햄 카터(레드)
FS20215315,마대윤,권상우|오정세|이민정
FS19980089,구스 반 산트,맷 데이먼|로빈 윌리엄스
FS20261782,필 로드,라이언 고슬링|산드라 휠러
FS20060430,가브리엘 무치노,윌 스미스|탠디 뉴튼
FS19970100,진가신,장만옥|여명
FS20130783,드니 빌뇌브,휴 잭맨(켈러 도버)|제이크 질렌할(로키)
FS20110301,이현승,송강호(윤두헌)|신세경(조세빈)|천정명(애꾸)
FS20218364,반종 피산다나쿤,나릴야 군몽콘켓(밍)|싸와니 우툼마(님)|씨라니 얀키띠칸(노이)
FS20112151,라즈쿠마르 히라니,아미르 칸|마드하반|셔먼 조쉬
FS20000200,에릭 레이톤,D.B. 스위니(알라다)|오시 데이비스(야르)|줄리아나 마굴리스(니라)
FS20179085,다카하시 아츠시,미즈타 와사비|오오하라 메구미|카카즈 유미
FS20148795,크리스토프 갱스,레아 세이두|뱅상 카셀
FS20136800,피터 레페니오티스,윌 아넷(설리)|브렌든 프레이저(그레이슨)|리암 니슨(라쿤)
FS20020128,샘 레이미,윌렘 데포|토비 맥과이어|커스틴 던스트
FS20208617,표도르 본다르추크,이리나 스타르셴바움|알렉산더 페트로브
FS20190002,조나단 레빈,샤를리즈 테론|세스 로건
FS20153841,명석환,허예창|희우
FS19990193,릴리 워쇼스키,키아누 리브스|캐리 앤 모스|로렌스 피쉬번
FS20144621,야마자키 타카시,소메타니 쇼타|후카츠 에리|하시모토 아이
FS20247352,J.C 챈더,애론 테일러 존슨|러셀 크로우|아리아나 데보스
FS20141060,김상진,김동욱|임원희|손호준
FS20139601,제임스 드모나코,에단 호크|레나 헤디
FS20134268,리 다니엘스,포레스트 휘테커|오프라 윈프리|데이빗 오예로워
FS20218348,애덤 로비텔,테일러 러셀(조이)|로건 밀러(벤)
FS20152262,정대만,조인우|차유연
FS20170364,찰리 빈,
FS20149037,라나 워쇼스키,밀라 쿠니스|채닝 테이텀|숀 빈
FS20113951,김달중,김명민(주만호 )|안성기(박성일)|고아라(유지원)
FS20189861,스티븐 스필버그,톰 행크스|메릴 스트립
FS20199446,쿠엔틴 타란티노,레오나르도 디카프리오|브래드 피트|마고 로비
FS20090176,저스틴 린,빈 디젤(도미닉 토레토 )|폴 워커(브라이언 오코너 )|미쉘 로드리게즈(레티)
FS20180302,롭 코헨,토비 켑벨|매기 그레이스
FS19960041,김수정,
FS20202684,데릭 보트,러셀 크로우(더 맨)|카렌 피스토리우스(레이첼)|가브리엘 베이트먼(카일)
FS20173903,김홍선,정해인|김지훈|조재윤
FS20155020,톰 후퍼,에디 레드메인|알리시아 비칸데르|앰버 허드
FS20182403,존 추,콘스탄스 우|헨리 골딩|양자경
FS20217845,제임스 건,마고 로비|이드리스 엘바|존 시나
FS20170321,야마다 나오코,이리노 미유|하야미 사오리
FS20247781,숀 레비,라이언 레이놀즈|휴 잭맨
FS20124932,로저 도널드슨,니콜라스 케이지|가이 피어스|재뉴어리 존스
FS20158385,강훈,강성필
FS20162545,전인환,김원명|노무현
FS20249729,제임스 건,데이비드 코런스웻|레이첼 브로스나한|니콜라스 홀트
FS20147250,딩성,성룡|유엽
FS20151063,연정모,손우혁|권유진|안재혁
FS20122843,성룡,성룡|권상우
FS20173092,마크 웹,크리스 에반스|맥케나 그레이스|린제이 던컨
FS20170443,라이언 존슨,마크 해밀|캐리 피셔|아담 드라이버
FS20134562,리차드 링클레이터,에단 호크|줄리 델피|샤무스 데이비 피츠패트릭
FS20176082,호거 태프,에밀리 왓슨|닉 프로스트
FS20189069,일라이 로스,브루스 윌리스|빈센트 도노프리오|엘리자베스 슈
FS20020066,리들리 스콧,조쉬 하트넷
FS20163018,존 카니,퍼디아 월시-필로|루시 보인턴|잭 레이너
FS20233227,김병우,안효섭|이민호|채수빈
FS20100018,루이스 리테리어,랄프 파인즈(하데스)|샘 워싱턴(페르세우스)|리암 니슨(제우스)
FS20127594,김문흠,조성하(돈일호)|김석훈(김대우)|서영희
FS20125338,티무르 베크맘베토브,벤자민 워커|도미닉 쿠퍼|루퍼스 스웰
FS20192995,정우성,정우성(수혁)|김남길(우진)|김준한(성준)
FS20187647,수잔나 포겔,밀라 쿠니스|케이트 맥키넌
FS20154729,존 에릭 도들,오웬 윌슨|피어스 브로스넌|레이크 벨
FS20113881,더글라스 맥그래스,사라 제시카 파커|피어스 브로스넌|그렉 키니어
FS20040756,미야자키 하야오,바이쇼 치에코|기무라 다쿠야
FS20131541,우디 앨런,케이트 블란쳇|알렉 볼드윈
FS20080830,루이스 리테리어,에드워드 노튼|리브 타일러
FS20140119,로저 크리스찬,존 라이스 데이비스
FS20010251,롭 코헨,빈 디젤|폴 워커|미셸 로드리게즈
FS20231971,안드레스 무시에티,에즈라 밀러|마이클 키튼
FS20192984,이영준,"신용우(얀, 맥스)|엄상현(남자3)|엄상현(특공대원6)"
FS20133704,고레에다 히로카즈,후쿠야마 마사하루|오노 마치코|릴리 프랭키
FS20000067,이와이 슌지,나까야마 미호|토요카와 에츠시
FS20134533,라인하드 클루스,켈란 루츠|스펜서 로크
FS19960083,브라이언 싱어,스티븐 볼드윈|가브리엘 번|채즈 팔민테리
FS20174585,요네바야시 히로마사,스기사키 하나|카미키 류노스케
FS20000176,리들리 스콧,러셀 크로우(막시무스)|호아킨 피닉스
FS20148535,김봉은,황정아|이현국(현우)
FS20151521,타셈 싱,라이언 레이놀즈|벤 킹슬리|매튜 구드
FS20090077,최동훈,강동원|임수정(서인경 )|김윤석(화담)
FS20170022,니콜라이 아르셀,이드리스 엘바|매튜 매커너히
FS20129092,엔리케 가토,하동훈(테드)|윤보라(사라)
FS20081744,바이론 하워드,존 트라볼타|마일리 사이러스|수지 에스먼
FS20124666,조쉬 트랭크,데인 드한(앤드류 디트머 )|알렉스 러셀(맷 게레티 )|마이클 B. 조던(스티브 몽고메리 )
FS20194541,게일 맨쿠소,조시 게드|데니스 퀘이드|캐서린 프레스콧
FS20163183,가렛 에드워즈,펠리시티 존스|디에고 루나|매즈 미켈슨
FS20231495,,유해진|이제훈
FS20119513,김지훈,하지원|박철민|이한위(장문형)
FS20149257,박창진,신은경|오인혜|강지섭(용훈)
FS20142641,이윤정,정우성(연석원)|김하늘(김진영)|임주은(이보영)
FS20143502,안용훈,윤소이|신현빈(채지은)
FS20163845,홍헌표,소연(나찬 목소리)|윤아영(류 목소리)|신용우(에반 목소리)
FS20132241,M.L. 반데바노프 데바쿤,마리오 마우러(잔다라)|봉코이 콩말라이(와드 이모)|니시노 쇼(캬우)
FS20125806,미야오 요시카즈,문남숙|전숙경|배정미
FS20156749,세스 맥팔레인,세스 맥팔레인|마크 월버그|아만다 사이프리드
FS20168754,이용승,신하균|도경수
FS20040689,리차드 링클레이터,줄리 델피|에단 호크
FS20178126,애덤 로비텔,스펜서 로크|린 샤예|조시 스튜어트
FS20139083,신카이 마코토,이리노 미유|하나자와 카나|히라노 후미
FS20102414,김석윤,김명민(명탐정)|한지민(한객주)|오달수(개장수)
FS20155762,아라키 테츠로,
FS20229518,견자단,견자단|진옥기
FS20088318,박보상,김승우|이미숙|천호진
FS20163441,정 바오루이,곽부성|공리|풍소봉
FS20128747,박명랑,이제훈(김정훈)|조진웅(박명록)|곽도원(김수택)
FS20175441,조영준,고두심(애순)|김성균(인규)
FS20247440,크리스 리노드,스티브 카렐|크리스틴 위그|미란다 코스그로브
FS19880001,미야자키 하야오,히다카 노리코|사카모토 치카
FS20090930,팀 버튼,조니 뎁(모자 장수)|앤 해서웨이(하얀 여왕)|헬레나 본햄 카터(붉은 여왕)
FS20189123,마크 포스터,이완 맥그리거|헤일리 앳웰|마크 게티스
FS20011505,,
FS20040490,롤랜드 에머리히,데니스 퀘이드|제이크 질렌할|이안 홈
FS20040711,키넌 아이보리 웨이언스,숀 웨이언스|마론 웨이언스
FS20127627,박선욱,주상욱|장미인애(혜리)
FS20129588,해럴드 즈워트,릴리 콜린스(클레리 프레이)|제이미 캠벨 바우어(제이스 웨이랜드)|케빈 지거스(알렉 라이트우드 )
FS20162569,하네스 홀름,롤프 라스가드|바하르 파르스|필립 버그
FS20126010,이대희,김현지(고등어/여자도다리/여고생1 목소리)|안영미|현경수
FS20185361,박용집,권상우(현우)|이정현(선영)|이종혁(상철)
FS20090685,롤랜드 에머리히,존 쿠삭(잭슨 커티스 )|아만다 피트(케이트 커티스 )|올리버 플랫(칼 앤휴저 )
FS20123484,데이빗 O. 러셀,제니퍼 로렌스(티파니)|브래들리 쿠퍼(팻 솔리타노)|로버트 드 니로(팻 아버지)
FS20149125,랜달 월러스,그렉 키니어|켈리 라일리|코너 코롬
FS20181416,정지우,김고은(미수)|정해인(현우)|최강희
FS20126413,줄리앙 마그넷,밀라 요보비치(안나 마샹)|줄리안 맥마흔(커레스트)
FS20228640,변영규,김영은(하리)|김채하(두리)|신용우(강림)
FS20248711,렌 와이즈먼,아나 디 아르마스|키아누 리브스|안젤리카 휴스턴
FS20101213,마이클 앱티드,벤 반스|조지 헨리|윌 폴터
FS20216476,김진황,하정우(배민태)|김남길(강호령)|유다인(문영)
FS20191408,브라이언 커크,채드윅 보스만|J.K. 시몬스|시에나 밀러
FS20110882,데이빗 핀처,다니엘 크레이그|루니 마라
FS20134588,전형준,윤상현|송새벽|이아이
FS20140458,로저 도널드슨,피어스 브로스넌|올가 쿠릴렌코|루크 브레이시
FS20190621,신정원,이정현(소희)|김성오(만길)|서영희(세라)
FS20101222,나홍진,김윤석(면정학)|하정우(김구남)|조성하(김태원)
FS20217551,테일러 쉐리던,안젤리나 졸리|니콜라스 홀트|에이단 길렌
FS20168154,피터 버그,마크 월버그|딜런 오브라이언|케이트 허드슨
FS19990053,정지우,최민식(서민기)|전도연(최보라)|주진모(김일범)
FS20140059,페기 홈즈,매 휘트먼(팅커벨 목소리)|톰 히들스턴(제임스 후크 목소리)
FS20233008,하정우,하정우(윤창욱)|김의성(최실장)|강해림(진프로)
FS20149287,바비 패럴리,짐 캐리|제프 다니엘스
FS20125467,가렛 에반스,이코 우웨이스(라마)|도니 알람시아(앤디)|야얀 루히안(매드 독)
FS20134124,신연식,이준(오영)|서영희(선물여자)|강신효
FS20110294,롭 마샬,이안 맥쉐인|페넬로페 크루즈|조니 뎁
FS20001439,,
FS20233014,,
FS20162925,윌리엄 브렌트 벨,로렌 코핸|루퍼트 에반스
FS20125916,김동빈,박한별(소희)|김지석(석호)|박진주(인정)
FS20252402,연상호,전지현|구교환|지창욱
FS20247176,딘 데블로이스,메이슨 테임즈|제라드 버틀러|니코 파커
FS20168501,제임스 왓킨스,이드리스 엘바|리처드 매든|샬롯 르 본
FS20162003,야마모토 야스이치로,타카야마 미나미|야마자키 와카나|카미야 아키라
FS20212973,맷 리브스,로버트 패틴슨|폴 다노|조 크라비츠
FS20191422,채여준,정다은(채영)|오승훈(종구)|손우현(해성)
FS20249255,김도영,구교환|문가영
FS20198317,최국희,류승룡(강진봉)|염정아(오세연)|박세완(여고생 세연)
FS20159092,더그 엘린,케빈 코놀리(에릭 역)|아드리언 그레니어(빈스 역)|케빈 딜런(조니 드라마 역)
FS20209926,이승원,문소리(미연)|김선영(희숙)|장윤주(미옥)
FS20060348,낸시 마이어스,카메론 디아즈(아만다)|케이트 윈슬렛(아이리스)
FS20206062,유야마 쿠니히코,이선호(지우)|홍시호(뮤츠)
FS20148996,테일러 핵포드,제이슨 스타뎀|제니퍼 로페즈
FS20189843,라세 할스트롬,키이라 나이틀리|매켄지 포이|헬렌 미렌
FS20159657,이영준,엄상현|양정화|전태열
FS20136292,압델라티프 케시시,레아 세이두|아델 에그자르코풀로스|살림 케치우셰
FS20138202,크리스 웻지,아만다 사이프리드(MK )|조쉬 허처슨(노드)|콜린 파렐(로닌)
FS20149950,김명서,토모다 아야카|김경익
FS20070116,크리스 밀러,카메론 디아즈|마이크 마이어스
FS20137082,릭 로먼 워,드웨인 존슨|수잔 서랜든
FS20163217,데이비드 F. 샌드버그,테레사 팔머|알리시아 벨라 베일리|가브리엘 베이트먼
FS20170006,안드레 외브레달,에밀 허쉬|브라이언 콕스|올웬 캐서린 켈리
FS20181164,하윤재,박용우(재구)|조은지(순영)
FS20030135,고어 버빈스키,조니 뎁|제프리 러쉬
FS20070303,데이빗 핀처,제이크 질렌할(로버트 그레이스미스)|마크 러팔로(수사관 데이빗 토스키)|로버트 다우니 주니어(폴 에이브리)
FS20160041,이재한,이정재(장학수)|이범수(림계진)|리암 니슨(더글러스 맥아더)
FS20224303,김영준,신현준|김수미
FS20080394,윤종빈,하정우|윤계상(승우)|이승민(한별)
FS20208282,,
FS20112163,타카하시 와타루,
FS20185001,헤 질리,이제인(메이 목소리)|장병관(빅샤크 목소리)|김사라(보보 목소리)
FS20224767,마틴 캠벨,리암 니슨(알렉스)|가이 피어스(빈센트)|모니카 벨루치(다바나)
FS20140145,팀 존슨,짐 파슨스|리한나|제니퍼 로페즈
FS20198482,이병헌,박서준(윤홍대)|이지은(이소민)
FS20190881,알렉세이 시도로프,알렉산더 페트로브|이리나 스타르셴바움
FS19900204,피터 위어,로빈 윌리엄스|에단 호크|로버트 숀 레오나드
FS20101348,벤 스타센,멜라니 그리피스(스노우)|이사벨 퍼만(해칠링 셀리)|유리 로웬탈(새미)
FS20202585,조엘 크로포드,엠마 스톤(이프)|라이언 레이놀즈(가이)|켈리 마리 트란(던)
FS20192986,숀 레비,라이언 레이놀즈|조디 코머|타이카 와이티티
FS20236146,오네 히토시,
FS20242404,줄리어스 오나,안소니 마키|해리슨 포드|대니 라미레즈
FS20249188,페데 알바레즈,케일리 스패니|데이비드 존슨|이사벨라 머세드
FS20198429,윤종석,소지섭(유민호)|김윤진(이희정)
FS20211477,하준원,조진웅|김희애|이수경
FS20231041,안국진,손석구(임상진)|김성철(찡뻣킹)|김동휘(찻탓캇)
FS20223953,마크 윌리엄스,리암 니슨(트래비스)
FS20258383,,
FS20249326,하정우,하정우|공효진
FS20241337,정이삭,글렌 파월|데이지 에드가 존스
FS20224109,조엘 크로포드,안토니오 반데라스|셀마 헤이엑|올리비아 콜맨
FS20244762,코랄리 파르쟈,데미 무어|마가렛 퀄리|데니스 퀘이드
FS20231839,롭 마샬,
FS20228308,박영균,이선(뽀로로)
FS20247782,윌리엄 유뱅크,러셀 크로우|리암 헴스워스|루크 헴스워스
FS20226798,다니엘 콴,양자경|스테파니 수|키 호이 콴
FS20230199,장-프랑소와 리셰,제라드 버틀러|마이크 콜터
FS20219330,도미 시,산드라 오
FS20208101,이한종,박성웅(마성준)|양현민(청담도령)|류경수(신남)
FS20204271,추창민,조정석(정인후)|이선균(박태주)|유재명(전상두)
FS20227979,허진호,설경구|장동건|김희애
FS20211303,이지승,이채영(미미)|정혜인(오자와)
FS20216710,나가오카 치카,
FS20230209,페이튼 리드,폴 러드(스캇 랭)|에반젤린 릴리(호프 반 다인)|미셀 파이퍼(재닛 반 다인)
FS20248492,크리스 샌더스,루피타 뇽오|페드로 파스칼|캐서린 오하라
FS20257670,,
FS20256757,,
FS20227684,김주환,유연석|차태현
FS20219381,캘런 브런커,정선혜|신용우|김새해
FS20216124,윤여창,이설구(이태식)|장광(조평호)|이원종(이혜명)
FS20218772,이승진,오지호|오초희|정예훈
FS20259773,,
FS20224667,유재선,정유미(수진)|이선균(현수)
FS20125330,조아생 라포스,조나스 블로켓(요나스)|조나단 자카이(피에르)|클레어 보드손(나탈리)
FS20219345,조던 필,다니엘 칼루야|키키 팰머|스티븐 연
FS20218349,자움 콜렛 세라,드웨인 존슨(프랭크)|에밀리 블런트(릴리)|에드가 라미레즈
FS20185249,김민수,정우(명득)|김대명(동혁)|박병은
FS20190323,홍지영,김강우(지호)|유인나(효영)|유연석(재헌)
FS20259626,,
FS20244167,제프 파울러,짐 캐리|벤 슈왈츠|제임스 마스던
FS20125306,윌리엄 모나한,콜린 파렐|키이라 나이틀리|레이 윈스톤
FS20122541,다니엘 아르비드,샤를스 베르링(마티유)
FS20225190,강승훈,이선(뽀로로)|이미자(크롱)|김현지(에디)
FS20235030,엠마 타미,조쉬 허처슨|엘리자베스 라일|캣 코너 스털링
FS20245977,사사키 시노부,박영남(짱구)|강희선(짱구 엄마)|김환진(짱구 아빠)
FS20227445,타니구치 고로,
FS20256202,티모 타잔토,봅 오덴커크|샤론 스톤|코니 닐슨
FS20124729,김지운,이병헌(김수현)|최민식(경철)
FS20217624,이연우,송새벽|라미란|이범수
FS20218935,김용화,설경구(김재국)|도경수(황선우)|박병은(센터장)
FS20235834,크리스 벅,아리아나 데보스|크리스 파인|알란 터딕
FS20217769,이돈구,손현주(호성)
FS20202555,팀 스토리,클로이 모레츠|마이클 페나|켄 정
FS20262383,,
FS20240532,정우,정우|신승호|정수정
FS20225237,미츠나카 스스무,
FS20259791,,
FS20212724,마이클 베이,제이크 질렌할|야히아 압둘 마틴 2세|에이사 곤잘레스
FS20210546,이상근,임윤아|안보현|성동일
FS20244821,봉준호,로버트 패틴슨|나오미 애키|스티븐 연
FS20177501,롭 라이너,매들린 캐롤(줄리)|캘런 맥오리피(브라이스)
FS20212952,손석우,여민정(자두)|정혜옥(민지)|김영은(윤석)
FS20224304,김희성,조동혁(두현)|이완(영민)|임정은(지영)
FS20229205,제라드 존스톤,앨리슨 윌리암스|바이올렛 맥그로우
FS20232180,호아킴 도스 산토스,샤메익 무어|헤일리 스테인펠드|제이크 존슨
FS20192680,박철환,배성우|정가람(중호)|이솜
FS20227626,김창훈,홍사빈(연규)|송중기(치건)|김형서(하얀)
FS20212668,김덕민,윤여정|유해진|김윤진
FS20197122,강제규,하정우(손기정)|임시완(서윤복)
FS20216051,조 카나한,프랭크 그릴로|멜 깁슨|나오미 왓츠
FS20217425,김봉한,박성웅|오대환|오달수
FS20211177,리들리 스콧,레이디 가가|아담 드라이버|자레드 레토
FS20244850,알렉스 가랜드,커스틴 던스트|케일리 스패니|와그너 모라
FS20215046,클로이 자오,프란시스 맥도먼드
FS20225167,하워드 J. 포드,
FS20236568,고훈,오대환(경철)|지승현(도필)|김정태
FS20219822,로도 사야구에즈,스티븐 랭|매들린 그레이스|브렌단 섹스턴 3세
FS20210865,사라 스미스,자크 갈리피아나키스(론)|잭 딜런 그레이저(바니)|올리비아 콜맨
FS20249624,이환,한소희|전종서|김신록
FS20240193,배리 젠킨스,켈빈 해리슨 주니어|존 카니|세스 로건
FS20216703,도미닉 쿡,베네딕트 컴버배치|메랍 니니트쩨|제시 버클리
FS20256397,,
FS20240614,김동철,최한(박신부)|남도형(현암)|정유정(준후)
FS20180382,이수성,이승용(영호)|윤선근(성태)|변준우(대천)
FS20051060,유야마 쿠니히코,마츠모토 리카|오오타니 이쿠에|우에다 유지
FS20212783,,산드라 블록|채닝 테이텀|다니엘 래드클리프
FS20204845,조용선,김상경(정태훈)|이선빈(한영주)|윤경호(서우식)
FS20234613,가이 리치,제이크 질렌할|다 살림
FS20235098,리들리 스콧,호아킨 피닉스|바네사 커비
FS20218345,조바른,성준(지우)|김홍파(관리인)|김보라(다혜)
FS20211241,월트 벡커,시에나 길로리|존 클리즈|안소명(에밀리 목소리)
FS20196763,제이슨 라이트맨,핀 울프하드|맥케나 그레이스|폴 러드
FS20205443,케네스 브래너,케네스 브래너|갤 가돗|아미 해머
FS2023C266,,앤디 샘버그
FS20253852,남대중,강하늘|김영광|차은우
FS20249251,에드워드 버거,랄프 파인즈|스탠리 투치|존 리스고
FS20040553,잭 스나이더,사라 폴리(안나)|빙 라메스(케네스)|제이크 웨버(마이클)
FS20225055,천명관,정우|김갑수
FS20196669,정지연,천우희(정세라)|이혜영(이소정)|신하균(최인호)
FS20232536,타치카와 유즈루,
FS20135304,유야마 쿠니히코,마츠모토 리카(사토시 목소리)|오오타니 이쿠에(피카츄 목소리)|이선호
FS20216523,,조 타슬림|루디 린|아사노 타다노부
FS20250188,,
FS20231042,박범수,이혜리|박세완|이정하
FS20255381,존 추,신시아 에리보|아리아나 그란데|조나단 베일리
FS20125127,장 클로드 브리소,카롤 브라나(산드린)|아노드 비나드(그렉)
FS20234137,릭 로먼 워,제라드 버틀러
FS19988717,코다마 켄지,
FS20253766,아담 B. 스테인,케이틀린 산타 후아나|테오 브리오네스|리처드 하몬
FS20230495,오윤동,임영웅
FS20216801,야지마 테츠오,
FS20231415,김용균,나문희(고은심)|김영옥(진금순)|박근형(정태호)
FS20246361,윤제완,이선(뽀로로)|이미자(크롱)|함수정(에디)
FS20231004,스콧 벡,아담 드라이버|아리아나 그랜블랫
FS20233220,김수진,이선빈(주영)|김민석(기훈)|한수아
FS20244883,제이크 슈레이어,플로렌스 퓨|세바스찬 스탠|와이어트 러셀
FS20223831,가이 리치,제이슨 스타뎀|휴 그랜트|조쉬 하트넷
FS20235596,월트 도른,안나 켄드릭|저스틴 팀버레이크|주이 디샤넬
FS20190353,현문섭,박신양(차승도)|이민기(반신부)|이레(차소미)
FS20218875,이마이 카즈아키,윤아영(도라에몽)|김정아(진구)|최낙윤(퉁퉁이)
FS20113982,순리준,엄상현(투)|박지훈(슬래시)|남도형(비기)
FS20254275,장성호,이병헌|진선규|이하늬
FS20200065,플로리안 젤러,안소니 홉킨스|올리비아 콜맨|마크 게티스
FS20242794,조우영,임영웅
FS20216069,케빈 맥도널드,베네딕트 컴버배치(코치)|조디 포스터(낸시)|쉐일린 우들리(테리)
FS20231494,줄리어스 에이버리,러셀 크로우(가브리엘 아모르트)|다니엘 조바토(토마스 에스퀴벨)|알렉스 에소
FS20224965,자레드 스턴,드웨인 존슨|케빈 하트|키아누 리브스
FS20240125,아딜 엘 아르비,윌 스미스|마틴 로렌스|조 판톨리아노
FS20217174,이선명,박리나(콩순이)
FS20233879,가렛 에드워즈,존 데이비드 워싱턴|젬마 찬
FS20228313,미키 타카히로,미치에다 슌스케|후쿠모토 리코|후루카와 코토네
FS20071054,왕가위,임청하|양조위|왕비
FS20208721,이승준,이정현(윤소은)|문정희(서혜진)|진서연(홍연주)
FS20234519,얄마리 헬렌더,
FS20232949,이언희,김고은(재희)|노상현(흥수)
FS20217478,야기 류이치,윤아영(도라에몽)|김정아(진구)|김혜성(성인 진구)
FS20233039,조영준,조여정|정성일
FS20196906,권수경,손호준(영배)|이규형(동식)|허성태(서사장)
FS20235034,니아 다코스타,브리 라슨|테요나 패리스|이만 벨라니
FS20218904,션 헤이더,에밀리아 존스(루비)|퍼디아 월시-필로(마일스)|말리 매트린(재키)
FS20226670,최신규,이지현(차탄)|조경이(삼순)
FS20249899,조시 쿨리,크리스 헴스워스|브라이언 타이리 헨리|스칼렛 요한슨
FS20211317,곽정덕,신현준|이문식|김민경
FS20210937,그렉 티어넌,오스카 아이삭(고메즈)|샤를리즈 테론(모티시아)|클로이 모레츠(웬즈데이)
FS20233259,,허성태|조복래
FS20256283,,
FS20225448,데이빗 레이치,브래드 피트|조이 킹|애론 테일러 존슨
FS20200154,이원석,이하늬|이선균|공명
FS20196306,이수성,이승용|변준우|송민경
FS20030371,강제규,장동건|원빈|이은주
FS20232740,그레타 거윅,마고 로비|라이언 고슬링
FS20111891,패트릭 루지어,니콜라스 케이지(밀턴 )|앰버 허드(파이퍼 )
FS20235613,데이빗 레이치,라이언 고슬링|에밀리 블런트|애론 테일러 존슨
FS20240983,나가오카 치카,김선혜(코난)|강수진(신이치)|신용우(괴도 키드)
FS20124771,모치즈키 로쿠로,나카야마 카즈야(이시다 키치조)|스기모토 아야(아베 사다)|우치다 유야(오오미야)
FS20247437,정지환,엄상현(브레드)|박윤희(윌크)|강시현(초코)
FS20202247,박범수,이동욱(영호)|임수정(현진)|이솜(주옥)
FS20214848,J 블레이크슨,로자먼드 파이크|피터 딘클리지|에이사 곤잘레스
FS20223278,박성후,오가타 메구미(옷코츠 유타)|하나자와 카나(오리모토 리카)|코마츠 미카코(젠인 마키)
FS20081375,스탠리 큐브릭,잭 니콜슨|셸리 듀발|대니 로이드
FS20128672,미미 레더,모건 프리먼|안토니오 반데라스
FS20253114,대니 보일,조디 코머|랄프 파인즈|잭 오코넬
FS20215843,더그 라이만,톰 홀랜드(토드)|데이지 리들리(바이올라)|매즈 미켈슨(데이비드 프렌티스)
FS20256702,,
FS20239573,니콜라스 D 존슨,스톰 리드|켄 렁|다니엘 헤니
FS20110026,윌리엄 와일러,그레고리 펙(조 브래들리)|오드리 헵번(앤 공주)
FS20218758,김민섭,송창의(강성구 대위)|송영규(백영철 중령)|이현균(김택진 군의관)
FS20205665,,루시 헤일|스눕 독
FS20250420,,
FS20250482,,
FS20230081,데이비드 F. 샌드버그,제커리 리바이|애셔 앤젤|아담 브로디
FS20214763,이창원,진구(재식)|정서연(은혜)
FS20225175,바즈 루어만,오스틴 버틀러|톰 행크스|올리비아 데종
FS20257728,,
FS20218014,앤더스 토머스 옌센,매즈 미켈슨|니꼴라이 리 카스|라스 브리히만
FS2009A161,,잭 애프론(마이크 오도넬)
FS20100833,송해성,주진모(김혁)|송승헌(영춘)|김강우(김철)
FS20218653,심덕근,김강우(도진)|김소혜(혜영)|이정형(태훈)
FS20193068,조진모,강하늘(영호)|천우희(소희)
FS20234213,스캇 워프,제이슨 스타뎀|실베스터 스탤론|메간 폭스
FS20236034,이루다,경수진(거울)|고규필(경석)|이지훈(두온)
FS20218240,이미영,김서형(노은희)|김현수(김하영)|최리(김소연)
FS20090203,우디 앨런,스칼렛 요한슨(크리스티나)|페넬로페 크루즈(마리아 엘레나)|하비에르 바르뎀(후안 안토니오 곤잘로)
FS20234281,마이클 차베즈,타이사 파미가|보니 아론스|조나스 블로켓
FS20247074,김덕영,
FS20253331,견자단,견자단|장지림|오진우
FS20256927,,
FS20246665,제임스 하위스,라미 말렉|레이첼 브로스나한|로렌스 피쉬번
FS20229365,김재훈,박성웅(인해)|곽시양(수광)|윤경호(주린팡)
FS20217728,강태호,신유람(범털)|성낙경(취사반장)|강인성(기철 )
FS20234673,윤제완,이선(뽀로로)|이미자(크롱)|함수정(에디)
FS20242495,정지환,엄상현(브레드)|박윤희(윌크)|강시현(초코)
FS20247590,딘 플라이셔 캠프,크리스 샌더스
FS20234253,캘런 브런커,정선혜|박지윤|신용우
FS20212672,요하네스 로버츠,카야 스코델라리오|해나 존-케이먼|로비 아멜
FS20139749,공자관,하소연|차린
FS20231603,래리 양,성룡|류호존
FS20243181,로버트 로렌즈,리암 니슨
FS20223839,앵거스 맥클레인,크리스 에반스(버즈 라이트이어)|타이카 와이티티|피터 손
FS20218790,로베르트 슈벤트케,헨리 골딩|앤드류 코지|우슬라 코르베로
FS20250878,,
FS20235583,벤자민 레너,엘리자베스 뱅크스|캐롤 케인|아콰피나
FS20243702,정 바오루이,홍금보|고천락|임봉
FS20252373,김태용,최우식|장혜진|공승연
FS20225865,정용기,김보라(나영)|김재현(우원)|신소율(태희)
FS20252526,제라드 존스톤,앨리슨 윌리암스|바이올렛 맥그로우|브라이언 조던 알바레즈
FS20223924,안톤 후쿠아,마크 월버그
FS20224579,김재훈,장동윤(진혁)|오대환(재환)|최귀화(팀장)
FS20233261,조선호,홍경(용준)|노윤서(여름)|김민주(가을)
FS20212836,사이먼 킨버그,제시카 차스테인|다이앤 크루거|페넬로페 크루즈
FS20224333,타릭 살레,크리스 파인(제임스 하퍼)|벤 포스터|키퍼 서덜랜드
FS20130248,이세일,김지원|조동혁|이동준
FS20212667,이승준,엄정화(이지혜)|송새벽(박완규)
FS20259383,,
FS20232570,,윤아영(도라에몽)|김정아(진구)|이현주(비실이)
FS20210303,마틴 캠벨,마이클 키튼(렘브란트)|매기 큐(안나)|사무엘 L. 잭슨(무디)
FS20218500,타니아 웩슬러,케이트 베킨세일(린디)|스탠리 투치|바비 카나베일
FS20210590,신연식,안성기(인우)|서현진(수진)|주예림(지나)
FS20058559,가이 리치,제이슨 스타뎀|레이 리오타|마크 스트롱
FS20210547,조 카나한,제라드 버틀러(밥)|프랭크 그릴로(테디)
FS20010044,박재호,김지현|최철호|류수영(진우/상호)
FS20149949,스티븐 R. 몬로,조 앱솔롬
FS20200418,드니 데르쿠르,유연석|올가 쿠릴렌코|예지원
FS20139751,,하소연|은빛
FS20228652,조지 밀러,틸다 스윈튼|이드리스 엘바
FS20232778,패트릭 윌슨,패트릭 윌슨|타이 심킨스
FS20048703,올리버 히르비겔,알렉산드라 마리아 라라(여비서 트라우들 융게)|울리히 마트데스(공보장관 요제프 괴벨스)|코리나 하르포히(마그다 괴벨스)
FS20214963,백승환,정영주(이영희)|이지현(이아름)|김가은(최은서)
FS20219115,리들리 스콧,맷 데이먼(장)|아담 드라이버(자크)|조디 코머(마르그리트)
FS20216022,하우메 발라게로,프레디 하이모어(톰)|리암 커닝햄(월터)|샘 라일리
FS19950220,멜 깁슨,소피 마르소|제임스 코스모|제임스 로빈슨
FS20224148,자코 아키후미,
FS20211220,진목승,견자단|사정봉
FS20234797,프란시스 로렌스,레이첼 지글러|톰 블라이스|헌터 샤퍼
FS20257521,,
FS20232075,,타카야마 미나미|하야시바라 메구미
FS20253906,엠마 타미,조쉬 허처슨|엘리자베스 라일|파이퍼 루비오
FS20248633,손현우,류현경(오연희)|김뢰하(이호준)|차선우(오동현)
FS20219375,강승용,강신일(할아버지)|김규리|백성현
FS20223991,최종학,정준호(이종범)|최대철(이종훈)|이엘빈(이노마)
FS20128527,맥스 매닉스,시이나 깃페이(존 레인)|게리 올드만|하세가와 쿄코
FS20244912,션 베이커,미키 매디슨|마크 아이델스테인|유리 보리소프
FS20134869,앤드류 니콜,시얼샤 로넌|다이앤 크루거|맥스 아이언스
FS20217510,장성,성룡|타오|왕카이
FS20209013,팀 힐,로버트 드 니로|우마 서먼|오크스 페글리
FS20254824,시게하라 카츠야,김선혜(에도가와 코난)|강수진(쿠도 신이치)|이정구(모리 코고로)
FS20252552,맷 샤크먼,페드로 파스칼(리드 리처드(미스터 판타스틱))|바네사 커비(수잔 스톰(인비저블 우먼))|조셉 퀸(조니 스톰(휴먼 토치))
FS20247460,피에르 페리펠,샘 록웰|크레이그 로빈슨|안소니 라모스
FS20210541,파블로 라라인,크리스틴 스튜어트(다이애나)
FS20227304,윌리엄 브렌트 벨,이사벨 퍼만|줄리아 스타일즈|로지프 서덜랜드
FS20217512,구예도,유덕화|유청운|니니
FS20209627,김현탁,김향기(아영)|류현경(영채)|염혜란(미자)
FS20040596,양윤호,양동근(최배달 )
FS20215314,,옥사나 애킨시나|피요트르 피오도로프
FS20216043,폴 외이,토르비에른 하르(스테인)|일바 퍼글러루드(엘리서)
FS20226107,야마구치 스스무,윤아영(도라에몽)|김정아(진구)|이현주(비실이)
FS20240925,심형준,푸바오|아이바오|러바오
FS20191143,김태용,탕웨이(바이리)|배수지(구정인)|박보검(박태주)
FS20218527,모홍진,홍예지(정윤영)|김지영(경숙)|황석정(리라)
FS20204628,,니콜라이 코스터 왈도(레이번)|애나벨 월리스(앨리스)|히어로 파인즈 티핀(브룩스)
FS20235733,님로드 안탈,리암 니슨|엠베스 데이비츠
FS20020122,유하,엄정화(연희)|감우성(준영)
FS20235698,케빈 그루터트,토빈 벨|쇼니 스미스
FS20232662,채기준,조윤서(채소연)|곽시양(마츠다 다이키)
FS20218198,김성한,오달수
FS20219206,패트릭 휴즈,라이언 레이놀즈|사무엘 L. 잭슨|셀마 헤이엑
FS20247673,아르카샤 스티븐슨,넬 타이거 프리|타우픽 바롬|소냐 브라가
FS20204394,,
FS20250644,,
FS20248466,길 키넌,폴 러드|핀 울프하드|맥케나 그레이스
FS20230641,마크 포스터,톰 행크스(오토)
FS20235290,배완,나희선(도티)|최예린(옐언니)|이민호(밍모)
FS20218834,데이빗 로워리,데브 파텔|알리시아 비칸데르|조엘 에저튼
FS20226034,,하성용(바나클)|정재헌(콰지)|엄상현(페이소)
FS20250686,,
FS20227374,데이미언 셔젤,브래드 피트|마고 로비|디에고 칼바
FS20212741,제라드 부시,자넬 모네|잭 휴스턴|지나 말론
FS20225729,파커 핀,소지 베이컨|제시 어셔|카일 갈너
FS20216361,,콘스탄틴 카벤스키|이반 얀콥스키
FS20249305,마크 딘달,크리스 프랫|사무엘 L. 잭슨|니콜라스 홀트
FS20239610,피에르 모렐,
FS20218244,,카트리나 보우든
FS20240479,,조여정|김진영(동인)|고규필
FS20228046,안소니 파비안,레슬리 맨빌
FS20236674,존 크래신스키,라이언 레이놀즈|존 크래신스키|케일리 플레밍
FS20223896,김지운,송강호(김감독)|임수정(이민자)|오정세(강호세)
FS20135178,아베 노리유키,모리타 마사카즈(쿠로사키 이치고 )|오리카사 푸미코(쿠치키 루키아 )|마도노 미츠아키(콘 )
FS20234114,고레에다 히로카즈,안도 사쿠라|다나카 유코|나가야마 에이타
FS20121244,존 스톡웰,캠 지갠뎃|윌리엄 피츠너|로버트 네퍼
FS20218347,주현량,왕카이|한경|고천락
FS20202130,벤 스타센,
FS20088147,마크 허만,에이사 버터필드|잭 스캔론|데이빗 듈리스
FS20224598,서은영,여진구|조이현|김혜윤
FS20210142,토마스 맥카시,맷 데이먼(빌)
FS20224866,한종훈,정혜인(정해수)|공형진(장판수)|김인권(국팀장/블랙잭)
FS20211735,제임스 넌,스콧 앳킨스|애슐리 그린|라이언 필립
FS20234689,김혜영,이레(인영)|진서연(설아)|정수빈(나리)
FS20198663,서은영,박하선(박오순)|하윤경(김지원)|감소현(윤보라)
FS20243562,마크 웹,레이첼 지글러|갤 가돗
FS20234044,케네스 브래너,케네스 브래너|양자경|제이미 도넌
FS20199630,이환,이유미(세진)|이환(재필)|안희연(주영)
FS20227753,채닝 테이텀,채닝 테이텀
FS20147679,스티븐 프리어스,주디 덴치|스티브 쿠건
FS20254021,요아킴 뢰닝,자레드 레토|그레타 리|에반 피터스
FS20217490,말콤 D. 리,르브론 제임스|돈 치들|젠데이아 콜먼
FS20210165,신근호,정진운|조재윤
FS20210364,박흥식,윤시윤(김대건)|안성기(유진길)|윤경호(현석문)
FS20234099,,
FS20234666,대니 필리푸,
FS20225855,고혜진,정려원|이정은
FS20216726,조장호,강하늘(우상)
FS20135179,아베 노리유키,모리타 마사카즈(쿠로사키 이치고 )|박로미(히츠가야 토시로 )|오리카사 푸미코(쿠치키 루키아 )
FS20249014,사이먼 셀란 존스,마크 월버그|시무 리우
FS20226739,이선명,이민규(렉스)|전태열(핑/볼카 	)|김은아(블랙제니)
FS20216582,,클로이 모레츠(개릿)|닉 로빈슨|칼란 멀베이
FS20211271,소토자키 하루오,하나에 나츠키(카마도 탄지로)|키토 아카리(카마도 네즈코)|시모노 히로(아가츠마 젠이츠)
FS20203446,에머랄드 펜넬,캐리 멀리건(카산드라 토마스)
FS20218123,레니 할린,피어스 브로스넌|팀 로스|제이미 정
FS20241827,긴츠 질발로디스,
FS20090931,이준익,황정민(황정학)|차승원(이몽학)|한지혜(백지)
FS20161743,R.D. 브라운슈타인,사라 버틀러|제니퍼 랜든|미쉘 허드
FS20259618,,
FS20247457,김형협,박시후(교순)|정진운(김대위)|윤제문(보위5부장)
FS20227338,올 파커,줄리아 로버츠|조지 클루니|케이틀린 디버
FS20211261,소토자키 하루오,하나에 나츠키(카마도 탄지로)|키토 아카리(카마도 네즈코)|시모노 히로(아가츠마 젠이츠)
FS20249434,토드 필립스,호아킨 피닉스|레이디 가가
FS20219331,한톈,허광한|장약남
FS20228277,마크 미로드,랄프 파인즈(슬로윅)|안야 테일러 조이(마고)|니콜라스 홀트(타일러)
FS20257095,,
FS20226726,송정율,박지윤|오인실|유해무
FS20240441,클라우디오 파,소피 매킨토시(에이바)|윌 애튼버러(카일)|마누엘 퍼시픽(드닐로)
FS20256381,,
FS20225555,로버트 에거스,알렉산더 스카스가드|안야 테일러 조이
FS20231888,드미트리 키셀레브,
FS20139700,이미송,하소연|은빛
FS20226200,소토자키 하루오,
FS20197654,민용근,김다미|전소니|변우석
FS20240850,이마이 카즈아키,
FS20202689,윌리엄 니콜슨,아네트 베닝(그레이스)|빌 나이(에드워드)|조쉬 오코너(제이미)
FS20236933,우얼샨,크리스 필립스|우적|나란
FS20223940,존 매든,콜린 퍼스|매튜 맥퍼딘|켈리 맥도날드
FS20135180,아베 노리유키,모리타 마사카즈(쿠로사키 이치고 )|오리카사 푸미코|에바라 마사시
FS20230523,대런 아로노프스키,브렌든 프레이저(찰리)
FS20070383,심승보,손창민|박상면(대가리 )|김성민(김상두)
FS20227308,존 왓츠,톰 홀랜드(피터 파커/스파이더맨)|젠데이아 콜먼(MJ)|베네딕트 컴버배치(닥터 스트레인지)
FS20248082,이종석,박지현|최시원|성동일
FS20219826,호소다 마모루,나카무라 카호|사토 타케루|나리타 료
FS20223828,나가사키 켄지,
FS20247638,탁세웅,주현영|전배수|최보민
FS20240195,,타카야마 미나미|야마구치 캇페이|야마자키 와카나
FS2023C145,,
FS20226444,정길훈,김서영(엄마/혜인)|이윤희(마지/비둘기)|김은아(두리/아기멧돼지)
FS20218006,다닐라 코즈로브스키,다닐라 코즈로브스키|옥사나 애킨시나|필리프 아브데예프
FS20247198,S.J. 클락슨,다코타 존슨|시드니 스위니|이사벨라 메르세드
FS20100980,리샤르 베리,장 르노(찰리)|카드 메라드(자키아)
FS20218333,도이 노부히로,아리무라 카스미(키누)|스다 마사키(무기)
FS20254602,라이언 쿠글러,마이클 B. 조던|헤일리 스테인펠드
FS20218415,하마구치 류스케,니시지마 히데토시(가후쿠)|미우라 토코(미사키)
FS20247245,오세호,윤세아|윤별하|권혁
FS20142405,김홍익,곽도원(촬영감독)|김단미(조연출)|박기륭(박사장)
FS20225180,강동헌,서영희(명혜)|김민재(현민)|도영서(희우)
FS20234581,매튜 본,헨리 카빌|브라이스 달라스 하워드|샘 록웰
FS20232601,커크 드 미코,
FS20255502,서극,양가휘
FS20225206,오정택,지대한(준기)|이화시(은숙)|장솜이(정화)
FS20236557,신카이 마코토,하라 나노카|마츠무라 호쿠토
FS20194425,이수성,
FS20217218,이지원,이경훈(다이)|박예찬(민호)|홍정민(유진)
FS20060005,권수경,신현준|임하룡(백 이장)|탁재훈(여창)
FS20258324,,
FS20262657,,
FS20204267,스티븐 더햄,엘렌 홀맨(브레너)|맷 패스모어(딜런)
FS20224757,이순성,나문희(금분 )|최우성(지웅 )
FS20249250,마이클 모리스,르네 젤위거|휴 그랜트|엠마 톰슨
FS20210662,캐스틸 랜던,조세핀 랭포드|히어로 파인즈 티핀
FS20225894,정범식,최지우(현정)|이유미(현수)|최민호(훈 )
FS20173836,채준우,
FS20211321,,김용(빅샤크)|김소희(코비)|박시윤(조이)
FS20204319,,
FS20228829,알렉세이 트시칠린,
FS20080269,왕가위,장국영(보영)|양조위(아휘)|장첸
FS20113492,제이크 스콧,제임스 갠돌피니(더그 라일리)|크리스틴 스튜어트(맬로리 )|멜리사 레오(로이스 라일리 )
FS20212709,스콧 데릭슨,에단 호크|메이슨 테임즈|매들린 맥그로
FS20060240,피에르 모렐,시릴 라파엘리(다미엔)|데이빗 벨(레이토)
FS20200524,이정국,안성기(오채근)|윤유선(진희)|박근형(박기준)
FS20210244,스티븐 크보스키,벤 플랫(에반 핸슨)|줄리안 무어(하이디)|에이미 아담스(신시아)
FS20210684,최병선,
FS20233411,,
FS20139691,공자관,하소연|하지만
FS20226427,쥘 드 메스트르,그레이엄 그린
FS20216126,디미트리 로고데티스,니콜라스 케이지|토니 자|프랭크 그릴로
FS20245078,제이크 캐스단,드웨인 존슨|크리스 에반스|루시 리우
FS20231143,프란트 궈,유덕화|오경
FS20217542,,진립농(왕자진)|이현(백십삼)
FS20225969,구태진,조윤희|김주령
FS20210301,소토자키 하루오,하나에 나츠키(카마도 탄지로)|키토 아카리(카마도 네즈코)|시모노 히로(아가츠마 젠이츠)
FS20256025,에드가 라이트,글렌 파월|윌리엄 H. 메이시|리 페이스
FS20257823,,
FS20132321,니콜라스 자렉키,리차드 기어|수잔 서랜든
FS20215101,,
FS20078705,브라이언 드 팔마,패트릭 캐롤|롭 드베이니|이지 디아즈
FS20247591,도미 시,조 샐다나|요나스 키브레브|레미 에저리
FS20229166,조쉬 고든,하비에르 바르뎀|콘스탄스 우|스쿳 맥네이리
FS20226558,리처드 클라우스,
FS20236573,김여정,곽선영(영은)|권유리(김민)|이설(박해영)
FS20231577,최주연,박성웅(젠틀맨)|박선호(최동주)|김희정(수진)
FS20247397,조나단 글레이저,크리스티안 프리에델|산드라 휠러
FS20121923,데이비드 에이어,제이크 질렌할(테일러)|마이클 페나(자발라)
FS20217500,닐 버거,콜린 파렐|타이 쉐리던|릴리 로즈 멜로디 뎁
FS20226864,발타자르 코루마쿠르,이드리스 엘바(네이트)|샬토 코플리(마틴)
FS20231029,루벤 외스틀룬드,우디 해럴슨(선장)|해리스 디킨슨(칼)
FS20262947,,
FS20225824,김선웅,윤균상(이민준)|김예원(이현지)|연제욱(조양배)
FS20218459,박동희,박주현(한유나)|김여진(박정숙)|김도윤(최피디)
FS20137524,스콧 스피겔,킵 파듀(카터 맥뮐런 역)|브라이언 할리세이(스콧 역)|사라 하벨(켄드라 역)
FS20249317,,데이비드 다스트말치안|로라 고든|조지나 헤이그
FS20242374,하명미,김향기|김민채
FS20231677,후지이 미치히토,고마츠 나나|사카구치 켄타로|쿠로키 하루
FS20249647,프레데릭 쟈댕,에밀리 드켄
FS20225479,김동욱,신현준(미남)|박솔미(아리)|박민지(여옥)
FS20257570,,
FS20202026,윤준형,서현우|조민경
FS20223397,기타무라 류헤이,루비 로즈(알리)|장 르노(빅터)
FS20219892,일래인 보겐,이사벨라 머세드(럭키 프레스콧)|줄리안 무어(코라 고모)|제이크 질렌할(짐 프레스콧)
FS20219185,나봇 파푸샤도,카렌 길런|레나 헤디|안젤라 바셋
FS20212851,이수성,지일주|박지연
FS20158484,루이 클리시,
FS20247933,장윤현,추자현(윤덕희)|이무생(김준석)|손숙(송금순)
FS20138607,마르코스 번스테인,후아오 기에메 아빌라|호세 드 아브루
FS20224634,이승준,조국
FS20217024,클레어 맥카시,데이지 리들리|조지 맥케이
FS20256684,,
FS20223565,정주리,김시은(소희)|배두나(유진)
FS20219077,당계례,왕보강|오맹달
FS20211242,이상문,라미란(엄영선)|정일우(장기우)|김슬기(안지숙)
FS20226806,브라이언 굿맨,제라드 버틀러(윌)|제이미 알렉산더(리사)
FS20242344,,김영은(하리)|김채하(두리)|신용우(강림)
FS20258808,,
FS20139688,이감독,이메일
FS20219328,알페르 카글라,세르칸 차욜루(카야)|에미르 벤덜리글루(투란)|베디 아킨(오메르)
FS19950332,폴 버호벤,엘리자베스 버클리(노미 말론)|카일 맥라클란(잭 카리)|지나 거손(크리스탈 코너스)
FS20201464,소준문,고두심(진옥)|지현우(경훈)
FS20216885,존 윈,로버트 패트릭|토미 플래너건|알렉스 맥니콜
FS20254083,레니 할린,아론 에크하트|니나 도브레브
FS20261053,,
FS20136238,공자관,이하얀|하소연
FS20167207,앙투와네트 베우머,루에스 하버코트|마르크 판 에이우언|피에르 보랭거
FS20100101,피에르 모렐,존 트라볼타(왁스 )|조나단 리스 마이어스(제임스/ 리차드 )
FS20208051,이수성,서준영(신황제)|송민경(주서연)|금광산(마성원)
FS20247648,정지영,염혜란|유준상|오지호
FS20227885,다니엘 스탬,콜린 살몬|버지니아 매드슨
FS20124255,존 보니토,스티븐 도프(로이)|마리아 벨로(로렌 )
FS20223740,김성수,진영(주일우 / 주월우)|김영민(조순우)|김동휘(손　환)
FS20230966,황동석,유선호(강진)|강미나(다영)|유인수(남영)
FS20211796,윤여창,정영주|안미나|배진아
FS20247690,진성문,정지소(해란)|이수혁(태수)|차주영(소진)
FS20132625,하시모토 하지메,히나미 쿄코|아사미 유마|호시노 아카리
FS20231164,청얼,양조위|왕이보|저우쉰
FS20231459,닐 조단,리암 니슨(탐정 말로)|다이앤 크루거(클레어 캐빈디쉬)|제시카 랭(도로시 퀸캐넌)
FS20217484,대런 린 보우즈만,크리스 록|사무엘 L. 잭슨|마리솔 니콜스
FS20228190,돈 홀,제이크 질렌할|데니스 퀘이드|자부키 영-화이트
FS20256526,,
FS20240855,,하성용(바나클)|정재헌(콰지)|엄상현(페이소/트래커)
FS20135766,발레리아 사미엔토,존 말코비치|누노 로페스|소라이아 차베즈
FS20130391,이세일,양민영|유반희|손유진
FS20226201,소토자키 하루오,하나에 나츠키(카마도 탄지로)|키토 아카리(카마도 네즈코)|시모노 히로(아가츠마 젠이츠)
FS20249507,미츠나카 스스무,무라세 아유무|이시카와 카이토|카지 유우키
FS20258562,,
FS20100763,존 해리스,슈어나 맥도널드(사라 카터)|나탈리 잭슨 멘도자(주노 카플란)|크리스틴 커밍스(엘렌 리오스)
FS20253086,가이 리치,헨리 카빌|앨런 리치슨|알렉스 페티퍼
FS20223137,이훈국,연운경(死母(춘자))|김뢰하(길남)|이철민(길중)
FS20232894,마틴 스콜세지,레오나르도 디카프리오|로버트 드 니로
FS20227756,사토 신스케,야마자키 켄토|요시자와 료|하시모토 칸나
FS20229551,황천인,가가연|허광한|시백우
FS20252543,조지 황,루크 에반스|계륜미|성 강
FS20234730,쥐스틴 트리에,산드라 휠러|스완 아를로|밀로 마차도 그라너
FS20243405,김성훈,이광수(강준우)|황하(타오)|음문석
FS20119129,데브라 그래닉,제니퍼 로렌스(리 돌리)
FS20203908,장동현,신재범|고태진
FS20149316,조한 얼,조한 얼|팀 포콕|마틴 코핑
FS20217982,홍원기,김도윤|봉재현|서지수
FS20217298,박이웅,김혜윤(구혜영)|박혁권(구본진)|오만석(최영환)
FS20241502,,하성용(바나클)|정재헌(콰지)|엄상현(페이소/트래커)
FS20219400,,
FS20137467,모건 오닐,존 쿠삭|제니퍼 카펜터
FS20211768,앨리스 블레하트,김보나(신데렐라)|오은수(크리스탈)|홍수정(사막여왕)
FS20262639,,
FS20223288,루이스 프리에토,카메론 모나한|프랭크 그릴로|존 말코비치
FS20131716,스티브 볼더슨,수잔 테일러|케빈 스콧 리처드슨|다니엘라 씨
FS19950189,프란시스 기아코베티,실비아 크리스텔|움베르토 오르시니
FS20219310,박경목,김영옥(말임)|김영민(종욱)|박성연(미숙)
FS20090815,정용기,이범수(홍무혁 )|이시영(송연화 )|김수로(이정민 )
FS20219056,제임스 다시,리암 니슨
FS20147567,브래들리 파커,제시 맥카트니|조나단 사도우스키
FS20223819,서유민,도경수|원진아|신예은
FS20215081,맷 에스칸다리,브루스 윌리스|채드 마이클 머레이
FS20060159,괴르쯔 스필레만,페트라 모르쯔(에바)|안드레아스 파톤(토마스 )
FS20234796,임경호,김정현(이동근)|박성현(성현)|길해연(영훈모)
FS20236732,요르고스 란티모스,엠마 스톤|마크 러팔로|윌렘 데포
FS20226568,캐스틸 랜던,조세핀 랭포드|히어로 파인즈 티핀
FS20210168,홍은미,장영남(애란)|김정영(경화)
FS20224143,레이날도 마커스 그린,윌 스미스|언자누 엘리스|사니야 시드니
FS20218217,플로리안 갈렌베르거,
FS20231244,크리스 맥케이,니콜라스 홀트|니콜라스 케이지|아콰피나
FS20088450,제임스 그레이,기네스 팰트로우|호아킨 피닉스|비네사 쇼
FS20165964,김정오,
FS20250115,,
FS20244882,사토 신스케,야마자키 켄토|오사와 타카오|요시자와 료
FS20219311,제임스 완,애나벨 월리스
FS20202792,이대희,"임채헌(짱돌)|유동균(고박사)|김승태(타조, 비서실장)"
FS20236045,,
FS20143664,나리타 유스케,고무카이 미나코
FS20192697,김형기,공찬(현준)|홍은기(진원)|이승현(영수)
FS20216125,리암 오도넬,조나단 하워드
FS20193082,스티븐 스필버그,안셀 엘고트(토니)|레이첼 지글러(마리아)|아리아나 데보스(아니타)
FS20138745,이필립,하소연
FS20252680,크리스 밀러,리한나|제임스 코든|닉 오퍼맨
FS20247294,장문강,양조위|유덕화|임달화
FS20217171,아이삭 플로렌틴,스콧 앳킨스|마리오 반 피블스
FS20217504,,닐 맥도노프|조시 로셋
FS20210600,웨스 앤더슨,틸다 스윈튼|프란시스 맥도먼드|빌 머레이
FS20211412,,
FS20227552,이솔희,김서형(문정)|양재성(태강)|신연숙(화옥)
FS20236464,뤽 베송,케일럽 랜드리 존스|조조 T. 깁스
FS20138751,홍단,박미진|박혜린
FS20098383,장 마크 발레,에밀리 블런트|루퍼트 프렌드
FS20234789,셀린 송,그레타 리|유태오
FS20252329,,휴 보네빌|에밀리 모티머|벤 위쇼(패딩턴 목소리)
FS20217880,바실리 로벤스키,
FS20224151,,메간 폭스|브루스 윌리스
FS20211054,맷 베티넬리-올핀,멜리사 바레라(샘)|제나 오르테가(타라)|말리 쉘튼(주디)
FS20245485,홍원기,
FS2023C666,,아론 에크하트|스티븐 랭
FS20250655,,
FS20239711,마리안 부샨,파블로 알도쉰|마리타 코시키나|안드레이 모스트렌코
FS20239570,이영용,송민경(한재인)
FS20216182,아론 무어헤드,안소니 마키(스티브)|제이미 도넌(데니스)
FS20137678,,하소연|은빛
FS20217334,차봉주,김환희(수미)|유선(서진)|이순재(박노인)
FS20224811,드래곤 니시카와,
FS20223722,김진영,김동완(승현)|전세현(민영)|김병옥(태산)
FS20232698,,하성용(바나클)|정재헌(콰지)|엄상현(페이소)
FS20247219,알레한드로 고메즈 몬테베르드,제임스 카비젤
FS20216123,,알렉산더 루드윅|샘 킬리
FS20226194,레지스 르왕사르,올가 쿠릴렌코|램버트 윌슨|리카르도 스카마르치오
FS20198501,배종대,김시은(희주)|염혜란(영남)|박지후(은영)
FS20226365,안나 구또,줄리엣 비노쉬|모건 프리먼|프랭크 그릴로
FS20231843,맷 베티넬리-올핀,제나 오르테가(타라)|멜리사 바레라(샘)
FS20262771,,
FS20235926,빔 벤더스,야쿠쇼 코지
FS20219624,마우로 루소 루즈,
FS20258885,,
FS20163321,빌 콘돈,이안 맥켈런|로라 린니|마일로 파커
FS20203009,,
FS20223743,기예르모 델 토로,브래들리 쿠퍼(스탠턴)|케이트 블란쳇(릴리스)|토니 콜렛(지나)
FS20218885,김은경,한승연(예지)|김현목(호두)|홍승범(기두)
FS20138750,공자관,하소연
FS20215967,조바른,안지혜(연희)|이민지(지나)
FS20227751,올리비아 뉴먼,데이지 에드가 존스|테일러 존 스미스|해리스 디킨슨
FS20217766,,제라드 버틀러|피터 뮬란
FS20240669,팀 버튼,마이클 키튼|위노나 라이더|캐서린 오하라
FS20236715,사토 신스케,야마자키 켄토|요시자와 료|하시모토 칸나
FS20232078,옹자광,양조위|곽부성
FS20261181,,
FS20122524,김춘찬,문정수
FS20217844,,
FS20258827,,
FS20233653,올레 말라므,
FS20168748,호세 마누엘 크라비오토,리차드 타이슨|티나 이브레프
FS20215056,아담 랜달,헬렌 헌트|존 테네이|오웬 티그
FS20142728,스테판 레이놀즈,대니 디어|조세프 엘틴|록산느 맥키
FS20230956,임선애,이유영(영미)|임선우(유진)|노재원(도영)
FS20202263,마이클 마키마인,앨리슨 윌리암스
FS20210661,김대성,
FS20219204,,앵거스 맥페이든
FS20230200,M. 나이트 샤말란,데이브 바티스타|조나단 그로프|루퍼트 그린트
FS20241497,파커 핀,나오미 스콧|카일 갈너|로즈마리 드윗
FS20234853,데이빗 고든 그린,엘렌 버스틴|레슬리 오덤 주니어|앤 도드
FS20070458,나카에 이사무,다케노우치 유타카|진혜림
FS20226125,줄리앙 프루네,
FS20210004,,
FS20230545,,
FS20138744,이필립,하소연|은빛
FS20228895,오성윤,최정윤(캐리)|엄상현(콜라)|이다은(엘리)
FS20227375,,
FS20230767,스티븐 스필버그,미쉘 윌리엄스|폴 다노|세스 로건
FS20166022,에밀 에드윈 스미스,로비 케이|파란 타히르
FS20125566,엠마누엘 베르코,데보라 프랑수아
FS20223990,홍기환,
FS20150961,트레버 매튜스,알리 코브린|아담 디마르코
FS20071003,리차드 라그라브네스,힐러리 스웽크(홀리 케네디)|제라드 버틀러(게리 케네디)
FS20231342,,
FS20218580,에베라도 발레리오 구트,안나 데 라 레구에라|조쉬 루카스|윌 패튼
FS20101038,펑샤오강,쉬판(리위엔니)|왕자문(소하)|장국강(방대강)
FS20224341,아쿠 로히미스,
FS20249554,제임스 왓킨스,제임스 맥어보이|맥켄지 데이비스|스쿳 맥네이리
FS20216961,,브루스 윌리스|프랭크 그릴로|코리 라지
FS20217573,,
FS20224495,홍용호,강민혁(정민)|유다인(윤아)|공상아(은주)
FS20142854,파코 카베자스,니콜라스 케이지|레이첼 니콜스|대니 글로버
FS20217533,,
FS20253093,스콧 벡,휴 그랜트|소피 대처
FS20216083,P.B. 셰므란,멜 깁슨(제임스 머리)|숀 펜(윌리엄 체스터 마이너)
FS20217833,,게리 도던|앤디 가르시아
FS20134121,키오니 왁스먼,스티븐 시걸|스티브 오스틴|마이클 파레
FS20214941,아이작 에즈반,마르틴 발스트룀(노엘)|조지아 킹(리나)|마크 오브라이언(조쉬)
FS20246268,,킬리언 머피|에밀리 왓슨
FS20256050,유하,강지영|이기광
FS20114923,타나다 유키,아오이 유우|모리야마 미라이
FS20256173,,톰 케니|마크 해밀
FS20218784,황하,양공여
FS20215810,이태슬,송가인
FS20249318,루카 구아다니노,젠데이아 콜먼
FS20231546,김희정,박하선|김남희|전석호
FS20070433,허진호,황정민|임수정(은희 )|공효진(수연)
FS20233877,야자키 히토시,나카무라 유코|츠다 칸지
FS20210997,알렉스 라나리벨로,트레이스 에드킨스
FS20235693,올리버 허머너스,빌 나이|에이미 루 우드|알렉스 샤프
FS20224113,종지행,양소룡|원화|원추
FS20204790,존 추,안소니 라모스|멜리사 바레라|코리 호킨스
FS20216107,황예,
FS20255643,,러셀 크로우|카렌 길런|마튼 초카스
FS20223928,신승엽,
FS20219548,,메간 폭스|이오인 맥큰|칼란 멀베이
FS20217085,남지위,
FS20233218,이윤석,박주현(정윤)|정재현(준우)|곽시양(기훈)
FS20143661,안톤 후쿠아,리차드 기어|돈 치들|에단 호크
FS20217406,,마커스 셰이크셰프
FS20235994,김선국,이현우(주현)|문정희(신혜)|방민아(유진)
FS20182752,장유근,이설구(이기봉)|박재훈(리마리오)|박태산(이태준)
FS20258570,,
FS20253083,,실베스터 스탤론|제이슨 패트릭|조쉬 위긴스
FS20229142,,박시윤(보이)
FS20211383,미시마 로쿠사부로,
FS20253101,하야시 유이치로,카지 유우키|이시카와 유이|이노우에 마리나
FS20060056,프레드 올렌 레이,샤론 스톤(캐서린 트라멜)|데이비드 모리시(닥터 마이클 글래스)
FS20206884,피터 파시넬리,토마스 제인(폴)|앤 헤이시(웬디)|제이슨 패트릭(베이커)
FS20219626,토마스 빈터베르그,매즈 미켈슨|토마스 보 라센
FS20163380,아이작 가바에프,
FS20254603,변희선,조경이(핑크퐁)|엠머슨브룩김(베베핀)|이현경(보라)
FS20253121,디미트리 로고데티스,루크 헴스워스|모건 프리먼
FS20162943,닉 질레스피,루퍼트 에반스
FS20230460,마이클 B. 조던,마이클 B. 조던(크리드)|테사 톰슨(비앙카)
FS20202540,제이콥 체이스,길리언 제이콥스|존 갤러거 주니어
FS20224768,이수성,
FS20241575,이기혁,이동휘(이동휘)|강찬희(정태민)|공민정(임감독)
FS20226151,,
FS20216818,종지행,
FS20138810,이감독,
FS20203825,김용진,
FS20217308,,
FS20224891,장양,박시윤(디키)|장병관(빅투스)
FS20227073,안노 히데아키,
FS20232618,엄영식,김서영(리우)|엄상현(롱키 )|권창욱(쿠가)
FS20219111,,
FS20217915,버드맨 텟페이,아사이 마이카
FS20244001,,김은아|소연|김사라
FS20223614,,베네딕트 컴버배치(루이스)|클레어 포이(에밀리)|올리비아 콜맨
FS20249313,유야마 쿠니히코,
FS20050129,팍품 웡품,에버링함 아난다|나타웨라누크 통미|아난다 에버링엄
FS20255397,테라모토 유키요,
FS20247973,신승훈,조병규|한은수|구준회
FS20218949,종위,김보나(샤샤)|홍수정(우디)
FS20168746,최형렬,정겨운|심은진(은주)
FS20080254,조비 해롤드,헤이든 크리스텐슨(클레이 베레스포드)|제시카 알바(샘 락우드)
FS19950197,장예모,공리|갈우
FS19978805,구로사와 기요시,나카가와 안나|하기와라 마사토|야쿠쇼 코지
FS20223972,,팀 블레이크 넬슨
FS20196282,이자벨 코이젯트,에밀리 모티머|빌 나이|패트리샤 클락슨
FS20218390,발디마르 요한손,누미 라파스(마리아)|힐미르 스나에르 구오나손(잉그바르)|비욘 흘리뉘르 하랄드손(피에튀르)
FS20231930,김수인,장서희(혜영)|강안나(유리)|최소윤(예나)
FS20243864,김용환,이수현|김민주|민승우
FS20219714,,
FS20218475,사라 코랑겔로,마이클 키튼(켄)|스탠리 투치(찰스)|에이미 라이언
FS20214867,이수성,동현(태수)|송민경(미란)
FS20218044,마이크 그린,
FS20123561,왕정,유덕화|판빙빙
FS20197277,에릭 라티고,알랭 샤바|배두나
FS20233643,,
FS20136126,이필립,이천년
FS20177261,최강호,
FS20251605,,
FS20179670,명석환,
FS20008647,이필립,
FS20119991,미카엘 코헨,엠마뉴엘 베아르|미카엘 코헨|엠마누엘 베아르
FS20218985,리사 조이,휴 잭맨|레베카 퍼거슨|탠디 뉴튼
FS20232700,얀 가스만,
FS20234413,트란 안 홍,줄리엣 비노쉬|브누와 마지멜
FS20210127,유영선,박지연(수연)|송지은(지민)
FS20249517,맷 베티넬리-올핀,멜리사 바레라|알리샤 위어|캐서린 뉴튼
FS20224732,톰 고미칸,니콜라스 케이지|페드로 파스칼|닐 패트릭 해리스
FS20200741,이수성,남승민
FS20217055,,라이언 드릴러
FS20219883,,
FS19890010,박철수,김혜옥|이영하|유혜리
FS20230007,토드 필드,케이트 블란쳇|노에미 멜랑|니나 호스
FS20070535,님로드 안탈,케이트 베킨세일|루크 윌슨
FS20218769,키타노 마지메,
FS20139685,이필립,하소연|은빛
FS19900319,프랑소와 뜨리에,실비아 크리스텔|윔베르토
FS20247754,브누아 들롬,앤 해서웨이|제시카 차스테인
FS20215801,토비 젠켈,안현서(피니)|윤미나(리아)|이상헌(레너드)
FS20234664,미야자키 하야오,스다 마사키|시바사키 코우|키무라 요시노
FS20071006,라이언 존슨,조셉 고든 레빗(브렌든)|노라 제헤트너
FS20225114,신창환,샘 해밍턴|김서영|강시현
FS20228966,토비 젠켈,휴 로리(모리스(오리지널))|에밀리아 클라크(멜리시아(오리지널))|데이빗 듈리스(쥐마왕(오리지널))
FS20210355,토마스 마이클,
FS20261208,,
FS20257744,,
FS20139683,이필립,은빛|박혜린
FS20101014,이승무,장동건(양)|케이트 보스워스(린)|제프리 러쉬(론)
FS20219711,전규환,오종혁(도훈)|박기덕(윤형사)|서명찬(보스)
FS20224788,마메자와 마메타로,메구리
FS20210182,,
FS20191223,이수성,남승민
FS20232839,형인혁,데니 안/ 안신원(수원)|김민채(미유)|홍경인
FS20205286,최찬호,
FS20223950,캣 코이로,제니퍼 로페즈(캣 발데즈)|오웬 윌슨(찰리)|말루마(바스티안)
FS20241389,일라이 로스,케이트 블란쳇|케빈 하트|잭 블랙
FS20230810,카를로타 페레다,라우라 갈란(사라)|카르멘 마치(엄마)
FS20219600,,
FS20204064,칸바라 나오토,하타노 유이
FS20210663,에드가 라이트,토마신 맥켄지(엘로이즈)|안야 테일러 조이(샌디)|맷 스미스(잭)
FS20232077,김현지,김장하
FS20223980,로버트 코놀리,에릭 바나|제네비에브 오렐리|케어 오도넬
FS20127886,디토 몬티엘,채닝 테이텀|알 파치노
FS20060030,장 클로드 브리소,코랄리에 레벨(나탈리)|사브리나 세이베쿠(상드린)
FS20227925,,황창영(몬스터 백작 드라이본)|박시윤(바바라 공주)|최정현(아가사)
FS20210949,사루,
FS20231380,,브루스 윌리스|애슐리 그린
FS20234709,오정민,강승호(성진)|우상전(승필)|손숙(말녀)
FS20226638,정하용,정이랑(용자)|박성진(성진)
FS20213042,,
FS20214685,이수성,김성수(정환)|서영(미연)|조경훈(동일)
FS20211423,,니콜라스 케이지(롭)|알렉스 울프(아미르)|아담 아킨(다리우스)
FS20214895,,
FS20234104,츠카하라 아유코,메구로 렌|이마다 미오
FS20210790,폴 버호벤,비르지니 에피라(베네데타)|다프네 파타키아(바톨로메아)|샬롯 램플링
FS20156976,로우리 로빈슨,리브 슈라이버|엘리어스 코티스
FS20255937,에밀리 블리치펠트,
FS20090149,카미야 마코토,앨리슨 코트|로라 베일리
FS20212118,자레드 콘,마이클 매드슨
FS20090406,마크 클라인,사라 미셸 겔러(브렛 에이즌버그)|알렉 볼드윈(아치 녹스)
FS20246501,브라이언 테일러,잭 케시
FS20228927,필립 노이스,나오미 왓츠|제이슨 클락
FS20244537,손동완,김예림(자영)|이찬형(동준)
FS20254581,현우성,현우성|한채영|장의수
FS20244513,페드로 알모도바르,틸다 스윈튼|줄리안 무어
FS20230496,러셀 크로우,러셀 크로우|리암 헴스워스|엘자 패터키
FS20217739,니콜라스 자렉키,게리 올드만|에반젤린 릴리|아미 해머
FS20216224,홍태선,정진운|안서현|이주연
FS20244185,M. 나이트 샤말란,조쉬 하트넷|아리엘 도노휴|살레카 샤말란
FS20219710,장예모,장한위
FS20223152,레흐 마예브스키,조쉬 하트넷(에카스)|존 말코비치(타우로스)
FS20219821,이로운,
FS20226679,김호락,소연(공찬)|엄상현(쥬키오/가이아)|김현욱(쥬테라/부리)
FS20226454,,애드리언 브로디(클린)
FS20234273,로버트 로드리게즈,벤 애플렉|앨리스 브라가|윌리엄 피츠너
FS20249564,댄 버크,잭 퀘이드|엠버 미드썬더|레이 니콜슨
FS20231834,,
FS20233000,잭 골든,올가 쿠릴렌코|돈 존슨
FS20232095,클라우스 해로,제임스 코스모
FS20224831,,
FS20228756,,
FS20212077,우베르토 파솔리니,제임스 노턴(존)
FS20090332,이동승,성룡|판빙빙|타케나카 나오토
FS20210843,,이토 아오이|사토 지로|시미즈 히로야
FS20010055,민병진,김민종(효준호)|신은경|임원희
FS20224826,D.J. 카루소,
FS20236776,매들린 개빈,
FS20236230,한동석,김윤혜|송이재|박지훈
FS20217575,,
FS20090174,토니 기글리오,제이슨 스타뎀(쿠엔틴 코너스)|라이언 필립(쉐인 덱커)|웨슬리 스나입스(로렌즈)
FS20231009,하라 케이이치,아시다 마나(늑대님)|키타무라 타쿠미(리온)|타카야마 미나미(마사무네)
FS20228309,김수경,조경이(핑크퐁)|이소은(호기)|김새해(제니)
FS20182338,조태호,
FS20215891,박동훈,이정현(정브르)
FS20211176,필리프 팔라도,시고니 위버|마가렛 퀄리
FS20200237,롭 새비지,헤일리 비숍|젬마 무어|엠마 루이즈 웨브
FS20253001,스티븐 소더버그,케이트 블란쳇|마이클 패스벤더|톰 버크
FS20171370,이리단,
FS20232836,호거 태프,에밀리 왓슨|닉 프로스트|제시카 브라운 핀들레이
FS20209860,최찬호,
FS20217748,,
FS20223612,자레드 콘,브루스 윌리스|패트릭 멀둔
FS20228300,타자키 류타,
FS20218276,조지 갈로,루비 로즈|모건 프리먼|패트릭 멀둔
FS20205155,타무라 코타로,나카가와 타이시|키요하라 카야
FS20218845,타카하시 시게하루,양정화(진묘한)|정재헌(베니마루)|김율(백견우)
FS20228062,강태호,서갑숙(박정자)|박지수(민지)|정제우(기술자)
FS20253924,이상호,
FS20215803,론 쉐르픽,조 카잔(클라라)|타하르 라힘(마크)|빌 나이(티모피)
FS20218346,,
FS20232854,저스틴 시미엔,티파니 해디쉬|오웬 윌슨|대니 드비토
FS20172473,이상민,
FS20132825,쿠니자와 미노루,아오이 시이나
FS20247473,,
FS20219244,이상수,
FS2023C445,줄리안 길비,라이언 필립
FS20228371,바딤 피얼먼,나우엘 페레즈 비스카야트|라르스 아이딩어
FS20223933,강현성,
FS20226545,장건재,고아성(주계나)|김우겸(송지명)|주종혁(박재인)
FS20218754,사루,
FS20081454,쥬세페 토르나토레,크세니야 라포포트(이레나)|미첼 프라치도(무파 )
FS20247654,오우삼,조엘 킨나만
FS20210380,,
FS20235980,,사쿠라다 히요리
FS20201648,유발 애들러,누미 라파스|조엘 킨나만|크리스 메시나
FS20249648,김상훈,김주은(선영)|김도연(지영)|안정균(상철)
FS20071015,뤽 베송,프레디 하이모어|미아 패로우
FS20256251,,
FS20218168,김상민,서한결(정우)|홍아름(한나)|박  윤(은채)
FS20250444,,
FS20138825,이필립,은빛
FS20194912,강이관,배두나(옥택선)|김윤석(이균)|장기하(김연우)
FS20210002,,
FS20253340,신준,김병철|송지효|김히어라
FS2023C742,로렌스 파자르도,제이 마날로
FS20248508,로버트 에거스,릴리 로즈 멜로디 뎁|니콜라스 홀트|빌 스카스가드
FS20235734,현해리,송재림(도현)|안우연(지우)|민성욱(케빈)
FS20234798,정지훈,김은아(철수)|엄상현(쿠왕/콩트 백작)|이지현(영희/엠디원)
FS20214801,,
FS20070453,마크 네빌딘,제이슨 스타뎀|에프렌 라미레즈
FS2023C242,,존 에이브러햄
FS20219473,신근호,조한선|정진운
FS20228965,키쿠치 야스히토,에구치 타쿠야
FS20247861,마이웬 르 베스코,조니 뎁|마이웬 르 베스코
FS20134360,리즈 애덤스,레지날드 벨존슨|조던 래드
FS20202368,찰스 마틴 스미스,루크 트레더웨이
FS20133943,겔라 바블루아니,제이슨 스타뎀
FS20246966,,장예나|전태열|이희승(엔하이픈)
FS20218566,,
FS20249956,,사묘
FS20231264,앤드류 트라우키,제시카 맥나미(젠)|루크 미첼(에릭)
FS20211391,레나트 다블레티아로프,피요트르 피오도로프(니콜라이)
FS20225556,요아킴 트리에,레나테 레인스베|앤더스 다니엘슨 라이|헤르베르트 노르드룸
FS20216333,,
FS20131862,아틱 라히미,골시프테 파라하니
FS20232639,정길훈,문남숙(호기)|장은숙(다인 엄마)|최보배(다인)
FS20210593,,
FS20078795,엽영건,오건호|임자총
FS20224971,마크 쿠치어,사무엘 L. 잭슨|마이클 세라|양자경
FS20210542,매기 질렌할,올리비아 콜맨(레다)|다코타 존슨(니나)|제시 버클리(젊은 레다)
FS20251552,드류 행콕,소피 대처|잭 퀘이드|루카스 게이지
FS20224309,,우스이 사류
FS20212119,존 콘델릭,
FS20257342,,
FS20216302,맷 에스칸다리,브루스 윌리스(차머즈)|제시 멧칼피(밀러)
FS20163923,미츠타케 쿠란도,아사미|나리타 카이리
FS20218374,나기라 겐조,무카이 아이
FS20183772,홍준표,장동윤(태일역)|염혜란(어머니역)|진선규(아버지역)
FS20227373,주구흠,유석명
FS20244267,양종현,박근형|장용|예수정
FS2023C684,,
FS20080395,데이빗 맥킨지,제이미 벨|소피아 마일즈
FS20225314,박강,서현우|류아벨|심은우
FS20216372,구로사와 기요시,아오이 유우|타카하시 잇세이|히가시데 마사히로
FS20211365,아사기리 키요시,
FS20256149,셀린 송,다코타 존슨|크리스 에반스|페드로 파스칼
FS20200295,홍성은,공승연|정다은(수진)
FS20216368,,케이트 윈슬렛(메리)|시얼샤 로넌(샬롯)
FS20226007,소피 하이드,엠마 톰슨
FS20216581,미키 타카히로,하마베 미나미|키타무라 타쿠미
FS20251800,브래디 코베,애드리언 브로디|펠리시티 존스|가이 피어스
FS20243478,니킬 나게시 바트,락샤(암리트)|라가브 주얄(패니)|타냐 마닉탈라(툴리카)
FS20248617,야쿠와 신노스케,야쿠쇼 코지(코바야시 교장 선생님)|오구리 슌(아빠)|박지윤(토토)
FS20202520,등연성,오기륭
FS20153285,아라 파이아야,게리 다니엘스|미키 루크|에릭 로버츠
FS20223271,D.J. 카루소,아비가일 코웬|톰 루이스|팜케 얀센
FS20232832,,아론 에크하트|조나단 리스 마이어스
FS20204407,임진소,
FS20212476,한동호,
FS20250570,,
FS20233656,바비 모레스코,미라 소르비노|프랭크 그릴로|가브리엘 번
FS20239780,자레드 콘,브루스 윌리스|마이크 타이슨|클라이브 스탠든
FS20210038,김회근,김준배(강필)
FS20210393,버드맨 텟페이,
FS20219427,,다요 오케니이(그린)|제임스 크롬웰(존 브라운)
FS20217804,,고웅
FS20253591,크리스토퍼 랜던,메간 페이|브랜든 스클레너
FS20088404,알렉스 드 라 이글레시아,일라이저 우드|존 허트|레오노르 와틀링
FS20226256,마크 네빌딘,멜 깁슨|콜 하우저
FS20261446,,
FS20131573,어니 바바라쉬,장 끌로드 반담
FS20219130,유관위,전소호|서소강
FS20210328,남욱재,
FS20226369,코야마 마사츠구,
FS20191503,송운,강찬희(희민)|박유나(소영)|장솜이(유지민)
FS20204505,최찬호,
FS20218960,브래드 터너,배리 페퍼|콜므 포어
FS20214783,,
FS20207427,,손선영|원에스더|이승행
FS20210143,,
FS20202611,프란시스 포드 코폴라,말론 브란도|로버트 듀발|마틴 쉰
FS20228368,숀 맥나마라,카야 스코델라리오(마리-조세프)|피어스 브로스넌(루이 14세)|벤자민 워커(이브 선장)
FS20224814,,
FS20228764,나카자와 쇼지로,오자와 료타
FS20215108,최상훈,지일주(철민)|정화(지혜)|장의수(승진)
FS20182725,김부곤,
FS20247962,브라이스 맥과이어,와이어트 러셀|케리 콘든|아멜리 호펄레
FS20257361,,
FS20239702,데니스 체르노프,석승훈(피닉)
FS20236714,카타기리 타카시,에구치 타쿠야(로이드 포저)|타네자키 아츠미|하야미 사오리(요르 포저 )
FS20219304,,제네시스 로드리게스|빈센트 피아자
FS20078386,타마르 반 덴 도프,요런 셀데슬라흐츠|할리나 레인|카텔리즈네 베르베케
FS20212484,,유덕화|완첸
FS20247444,닉 파크,
FS20225225,니시카와 미와,야쿠쇼 코지|나가사와 마사미|나가노 타이가
FS20223267,,
FS20216542,,
FS20215311,판,채승하|민도윤
FS20215963,최성은,
FS20218057,세스 라니,코디 스밋 맥피|라이언 콴튼
FS20228016,타구치 토모히사,코미야 아리사|코야마 리키야
FS20139670,이필립,은빛|조영원
FS20168708,크리스티안 페촐트,니나 호스|로널드 제르펠트
FS20256082,소토자키 하루오,하나에 나츠키|키토 아카리|코니시 카츠유키
FS20185588,조태호,
FS20216844,판,민도윤
FS20228379,코지마 유키오,
FS20228045,루카 구아다니노,테일러 러셀(매런)|티모시 샬라메(리)|마크 라이런스(설리)
FS20231611,,
FS20202182,조지 갈로,존 트라볼타(카슨)|모건 프리먼(닥)
FS20228917,다니엘 아르비드,라에티샤 도슈|세르게이 폴루닌
FS20241501,조현진,염혜란|최성은|아린
FS20231892,토멕 바진스키,아라타 마켄유|팜케 얀센|매디슨 아이스먼
FS20143705,니시무라 쇼고로,시라카와 카즈코
FS20205261,김의성,박영수|손석희|심상정
FS20232721,제임스 넌,
FS20224782,키이스 토마스,잭 에프런(앤디 맥기)|글로리아 루벤(캡틴 홀리스터)|라이언 키에라 암스트롱(찰리 맥기)
FS20090104,방규식,김춘식|송금식|나한일
FS20224523,,
FS20216048,김종해,
FS20212675,,
FS20215867,최재후,
FS20210846,와타나베 아유무,오타케 시노부|하나에 나츠키
FS20224533,웨스 밀러,브루스 윌리스|프랭크 그릴로|케빈 딜런
FS20124352,빌 보이스,벤 킹슬리(나레이터 )|크리스찬 슬레이터(모세)|알프리드 몰리나(람세스)
FS20228255,로스 베노커,윌머 발더라마(챠밍 왕자)|데미 로바토(레노어)|애슐리 티스데일(신데렐라)
FS2023C501,닐 마샬,조나단 하워드
FS20229440,모소조쿠,
FS20235353,민환기,김대중
FS20234957,아론 우들리,제레미 레너(스위프티)|알렉 볼드윈(피비)
FS20234293,,
FS20225461,김중위,
FS20179381,김민식,
FS20139693,공자관,하소연|차린
FS20217574,,
FS20226677,,잭 에프런
FS20217023,,유서프 아부 와르다(루크)
FS20214847,채밀결,허광한|요애녕|임의잠
FS20224005,,
FS20249838,,
FS20240781,그랙 버랜티,스칼렛 요한슨|채닝 테이텀|우디 해럴슨
FS20258127,,
FS20147472,라이 루소 영,존 크래신스키|올리비아 썰비
FS20231634,안상훈,장승연|신은수|김호정
FS20226179,키토루네 가와구치,
FS20211972,염정원,조한선(육건평)|황보운(신보미)
FS20224813,,
FS20216591,최정자,유지아
FS20204506,올더디센 하노,세바스찬 베젤|안나 마리아 뮈헤|니코 마리츠카
FS20180781,이리단,
FS20223711,카와츠라 신야,아시다 마나(유이)|오타케 시노부(키와)
FS20236228,송정우,오달수(정인)|장영남(현)|김홍파(육남)
FS20245121,권봉근,공승연|박지일|정석용
FS20223266,정량,김용(레이)|석승훈(리온)|장병관(프레드)
FS20233921,임지훈,박선혜(가영)|박란(수아)
FS20212874,마크 슈미트,조나스 암스트롱
FS20210241,조나단 자쿠보위즈,제시 아이젠버그(마르셀 마르소)|클레멘스 포시(엠마)
FS20217027,염지호,오동민|최희진|이정현
FS20241002,마이클 모한,시드니 스위니|알바로 모르테
FS20211504,정병각,전석호|박명훈|김지환
FS20256033,이원재,원옥화(비키 / 도로시 / 트릭시 / 아기공룡  )|진양욱(핑 / 럭키 / 코니 / 게코콩 )
FS20209138,정욱,김태훈(경석)|이효제(세익)|김현정(지현)
FS20218813,왕운비,최승훈(손오공)|윤세웅(사오정)|박주광(청풍)
FS20250365,,
FS20234622,이타즈 요시미,
FS20215641,케이시 애플렉,케이시 애플렉|톰 바우어|티모시 웨버
FS20216646,크리스토퍼 레이,숀 패트릭 프레너리(제이슨)|마크 다카스코스(잭슨)|마이클 제이 화이트(멀론)
FS20225695,데이빗 해클,스콧 이스트우드|케빈 두런드
FS20204504,,클랜시 브라운
FS20216768,오윤동,카이|린아|김준현
FS20216106,,
FS20224468,코고나다,콜린 파렐
FS20230484,벤 스타센,박시윤|김용|김소희
FS20216303,로빈 라이트,로빈 라이트(이디)
FS20060019,김정우,최성국|신이(못난이 여검사 은주)|김수미
FS20239731,,로버트 드 니로(‘마이크’ 보안관)|잭 휴스턴(존)|존 말코비치(피터)
FS20241093,조영명,진영|다현
FS20211772,H.M. 콕클리,
FS20216886,송정규,
FS20243722,,존 트라볼타|크리스틴 데이비스|루카스 하스
FS20211238,하나부사 츠토무,키타무라 타쿠미(타케미치)|요시자와 료|야마다 유키
FS20219589,카일 랜킨,토마스 제인
FS20248222,후쿠다 미츠오,호시 소이치로(키라 야마토)|이시다 아키라(아스란 자라)|타나카 리에(라크스 클라인)
FS20210331,,브루스 윌리스|제이미 킹
FS20224830,,
FS20216715,,양소룡
FS20219245,구파도,가진동(샤오룬)|송운화(샤오미)|왕정(핑키)
FS2023C883,,
FS20243290,츠지 코지,
FS20239900,형슬우,이동휘(준호)|정은채(아영)|강길우(경일)
FS20154206,찬드란 루트남,벤 킹슬리|벤 크로스
FS20225422,,
FS20219072,,
FS20211974,,진건봉
FS20068816,어거스틴 디아즈 야네스,비고 모텐슨|엘레나 아나야
FS20242247,쥐스트 필리포,기욤 까네|라에티샤 도슈
FS20241390,셰인 댁스 테일러,윌리엄 모즐리
FS20247063,알렉산더 페인,폴 지아마티
FS20261598,,
FS20223326,이상호,이한열|이상호|배은심
FS20249269,파블로 라라인,안젤리나 졸리|피에르프란체스코 파비노|알바 로르와처
FS20216005,이즈미 류지,
FS20246983,티모 부오렌솔라,조나단 리스 마이어스|알렉 볼드윈
FS20177884,조태호,
FS20185821,계장혁,
FS20218206,브라이언 버티노,마린 아일랜드(루이스)|마이클 애봇 주니어(마이클)
FS20219529,,
FS20228655,에릭 토스티,
FS20253961,,
FS20235904,하야카와 치에,
FS20224559,,
FS20210863,마메자와 마메타로,
FS20216852,김호,
FS20259246,,
FS20216622,,
FS20198056,문은주,틸다 코브햄-하비|다니엘 맥도널드|에반 피터스
FS20217949,,
FS20155655,쉐인 아베스,다니엘 맥퍼슨|루크 헴스워스|황지기
FS20216928,존 류지,아시나 유리아
FS20247429,윤가은,
FS20247503,브란도 쿠일리치,
FS20208670,이가온,
FS20211159,사이먼 웨스트,제이슨 아이삭스|왕학기
FS20208982,,
FS19890252,장예모,공리|강문
FS20197152,박은석,
FS20028513,,
FS20235854,크레이그 질레스피,폴 다노(키스 길)|세스 로건(게이브 플롯킨)|아메리카 페레라(제니 캠벨)
FS20228063,손태웅,오대환|오윤아|안석환
FS20244316,,러셀 크로우|아담 골드버그|샘 워싱턴
FS20223089,대예림,관지빈|육수명|진송
FS20214841,애드리언 랭글리,사이몬 필립스
FS20247311,캐스틸 랜던,조세핀 랭포드|히어로 파인즈 티핀
FS20217786,사쿠라 후부키,
FS20248484,구마키리 가즈요시,김재중(명진)|공성하(유미)
FS20218016,황승재,김강현(이빨)|강찬희(정석)|김소라(세나)
FS20201022,올리비아 와일드,
FS20218477,,츠키후네 사라라
FS20219997,가성문,김선영(혜정)|이윤지(수인)|최민영(동욱)
FS20240516,박규식,김정태|이선진|이채영
FS20218788,,
FS20262661,,
FS20217501,아카바네 류지,
FS20216921,톰 페이튼,앤드류 리 팟스
FS20211736,다니스 타노비치,제프리 딘 모건|팜케 얀센
FS20224705,스콧 제프리,
FS20210897,토미죠 타로,
FS20225181,,
FS20256264,,
FS20210842,한동호,
FS20224679,황예,장건성|예성
FS20138826,이필립,조영원|박혜린
FS20137674,공자관,하소연|박진위
FS20247430,,
FS20224407,김현우,남지현(수연)|김정주(알렉스)|이푸름(모니카)
FS20170281,김민식,
FS20234385,,제이슨 패트릭|캠 지갠뎃
FS2023C422,,
FS20212965,스티븐 루크,스티븐 루크
FS20256158,소토자키 하루오,하나에 나츠키|키토 아카리
FS20262622,,
FS20182728,조애나 코츠,조쉬 오코너|한나 아터튼
FS20215971,빈센트 페라스,세르지오 루비니
FS2023C044,,
FS19930197,필립 노이스,샤론 스톤|톰 베린저|윌리엄 볼드윈
FS20214821,,
FS20233015,,
FS20236456,카트린느 브레이야,레아 드루케|올리비에 라보르딘
FS20201841,구수환,
FS20210683,데이빗 고든 그린,제이미 리 커티스(로리 스트로드)|주디 그리어(캐런)
FS20080364,그레고리 호블릿,다이안 레인(제니퍼 마쉬 요원 )|빌리 버크(에릭 박스 형사 )|콜린 행크스(그리핀 도드 요원 )
FS20224812,드래곤 니시카와,혼다 미사키
FS20230747,제이슨 무어,제니퍼 로페즈|조쉬 더하멜
FS20258343,,
FS19758145,타나카 노보루,미야시타 준코|에즈미 히데아키
FS20225150,송정규,
FS20201174,척 콘젤만,애슐리 브래처(애비 존슨)|로비아 스캇(셰릴)|브룩스 라이언(더그 존슨)
FS20223951,,
FS20224308,송정규,
FS20138749,이필립,
FS20231106,강대일,
FS20231895,,
FS20244317,마츠시게 유타카,마츠시게 유타카|우치다 유키|이소무라 하야토
FS20241812,벤자민 브루어,니콜라스 케이지
FS20211414,에릭 베스나드,이자벨 까레(루이즈)|벤자민 라베른헤(샹포르 공작)
FS20200472,,셀리아 아임리|셸리 콘|루퍼트 펜리-존스
FS20216861,구중유,
FS20226877,김진영,박효주(현우)|김민재(석호)|차선우(주은)
FS20218104,,
FS20211103,신승엽,
FS20228340,안진성,
FS19940036,,
FS20234619,파블로 베르헤르,
FS2023C481,진지홍,
FS20263824,,
FS20050238,서극,견자단|여명|양채니
FS20225476,키토루네 가와구치,
FS20226723,퀸 래셔,이본 스트라호프스키|애비게일 프니오브스키
FS20229175,이노우에 히로키,
FS20226181,,
FS20218007,,브래드 암스트롱
FS20224295,국각량,
FS20224101,,
FS19808150,,
FS20252194,나카타 히데오,아마미 유키|오오하시 카즈야|카미시라이시 모네
FS20100171,쉐리 호만,리야 키비디(와리스 다리)|샐리 호킨스(마릴린 )
FS19930069,장예모,헤카이페|공리
FS20216901,최찬호,
FS20224323,니쿠손,
FS20219229,사이러스 노라스테,제임스 카비젤|클라우디아 카르반
FS20090485,데니스 일리아디스,토니 골드윈(존 콜링우드 )|모니카 포터(엠마 콜링우드 )
FS20217088,악셀 브라운,
FS20230504,,반카 이치로|하라다 코노스케|쿠사나기 츠요시
FS20226324,카와이 조지,미우라 에리코
FS20224789,드래곤 니시카와,아이카
FS20219079,,
FS2023C783,,
FS20257208,,
FS20149862,아담 지어라쉬,로버트 패트릭
FS20229072,홍재균,임채영(유경)|배홍석(승철)|박경복(재철)
FS2022C381,아쿠 로히미스,야스퍼 파코넨|난나 블론델|스베리르 구드나손
FS20226584,리처드 코렐,미라 소르비노|케빈 소르보|피터 코요테
FS20198053,이태겸,유다인(정은)|오정세(막내)|이주원(평가관)
FS20235275,,
FS20200512,아그네츠카 홀란드,제임스 노턴|바네사 커비|피터 사스가드
FS20008648,이필립,
FS20226879,김선형,김호중
FS20257795,,
FS20226881,숀 패트릭 오렐리,브루스 윌리스|마이클 루커
FS20090078,황승재,최성국(임정환)|이영은(이은지)
FS20230434,,
FS19850008,정진우,김희라|박정자|홍성민
FS20248447,마이클 만,아담 드라이버|페넬로페 크루즈|쉐일린 우들리
FS20239884,임성용,윤시윤(김창수)|설인아(조아라)
FS20223820,,
FS20030022,조엘 즈윅,니아 발다로스|존 코베트
FS20215543,신우찬,
FS20226812,,
FS20233597,다비드 알로,
FS20231781,웨스 앤더슨,제이슨 슈왈츠먼|스칼렛 요한슨|톰 행크스
FS20203806,,
FS20224976,임진소,
FS20201876,조은성,최동원|조진웅(내레이션)
FS20226572,크리스찬 카리온,제임스 맥어보이|클레어 포이|톰 컬렌
FS20239779,질리스 맥키넌,티모시 스폴(톰)|필리스 로건(메리)
FS20158954,도미니크 그라프,한나 헤르츠스프룽|플로리안 슈테터|헨리에트 컨퓨리어스
FS20216364,존 패트릭 셰인리,에밀리 블런트(로즈메리)|제이미 도넌(안토니)|존 햄(아담)
